"Had a great time Skyping w/ 9th graders from Plevna School District this morning. Their questions were tough, but f‚Ä¶ "
"After getting @usedgov to fund UM's Upward Bound program I met the amazing students pursuing their dreams thx to UB.
"
"From Billings to Bozeman to Missoula &amp; back, check out what I‚Äôve been up to these last few weeks on the latest edit‚Ä¶ "
I held my 6th Farm Bill Listening Session to hear from folks on the ground about how the #FarmBill can help address‚Ä¶ 
No better way to spend a Saturday 
"Touring CLEARAS Water Recovery, a MT small business using algae to treat wastewater w/ no harmful by-products.‚Ä¶ "
These students right here are why I fought so hard for Secretary DeVos to reconsider UM's Upward Bound grant applic‚Ä¶ 
Packed house for my 6th Farm Bill Listening Session. It is critically important to hear from the folks on the groun‚Ä¶ 
Great to be on @kpaxnews this morning 
""
It's sabotage and Washington needs to knock it off. #mtpol 
"On #NationalFarmersDay I want to thank the folks that make ag MT‚Äôs #1 industry, including my favorite farmer of the‚Ä¶ "
"We can‚Äôt keep handing the @DeptVetAffairs $ w/o more accountability to ensure veterans are getting the best care.
"
One of the best parts of my job is giving Montana #veterans the long overdue recognition they deserve. 
"I was honored to present George Wright &amp; Gerald Zelmer with long overdue medals for their sacrifice, service &amp; brav‚Ä¶ "
Had a great time meeting with students at Little Big Horn College today! Got a group shot with the future nurses of‚Ä¶ 
It's great to be in the magic city this morning on @KTVQ 
"ICYMI - I'm excited to be traveling across MT this week, but here's a peek at what a typical day is like fighting f‚Ä¶ "
This #FlattopFriday I‚Äôm celebrating MT's manufacturing industry‚Äîthe folks who work w/ their hands &amp; ensure great pr‚Ä¶ 
""
"Moon over the snowy Bear Tooth Mountains last night, courtesy of my wife Sharla. #BigSkyCountry "
The IRS' decision is unfathomable. Equifax shouldn‚Äôt receive a dime of hard-earned taxpayer money. #mtpol 
.@Equifax took 6 weeks to announce their breach‚Äî6 weeks! That‚Äôs unacceptable &amp; I certainly didn‚Äôt wait 6 weeks to t‚Ä¶ 
"
""THIS REALLY STINKS. I mean it really smells really bad.""
-Senator Jon Tester questioning the former CEO of‚Ä¶ "
""
"We must stop all the gridlock and grandstanding and get back to the day-to-day business of governing. #mtpol 
"
A year after the @WellsFargo scandal folks are still waiting for their day in court. So today I told them to fix it‚Ä¶ 
#LasVegas 
"I'm fighting for reliable, affordable, high-speed internet service across Rural America. #mtpol

Read more here:‚Ä¶ "
The @DeptVetAffairs needs an action plan to address the veteran suicide crisis. We must ensure that no more lives a‚Ä¶ 
".@SteveDaines &amp; I are pushing a bipartisan bill to allow the @forestservice to better manage our forests. #mtpol
"
""
Had a great meeting w/ MT Principal of the Year Gordon Klasna of Eileen Johnson MS‚Äîwe need more folks like Gordon m‚Ä¶ 
""
Rural MT is defined by wide-open spaces‚Äîthat's why we love it. But it also means we need better broadband to‚Ä¶ 
"Dude, @brianschatz you stole my emoji. ü§ôüèΩ "
"Montana sent me to Washington to fix what's broken &amp; defend our way of life. That's what I'll continue to do. #mtpol
"
"From meeting Montanans to defending our state on Capitol Hill, here is a quick snapshot of a day in the U.S. Senate‚Ä¶ "
".@SteveDaines &amp; I teamed up to testify about our bill to strengthen MT's timber economy, mitigate wildfires &amp; maint‚Ä¶ "
""
"Had a wonderful meeting w/ Erin Williams, MT's nominee for the Angels in Adoption award. She has spent 20 yrs fight‚Ä¶ "
"I don‚Äôt care if @Equifax CEO Richard Smith resigned today, he‚Äôs not squirreling his way out of testifying before ou‚Ä¶ "
"Regardless of what you‚Äôre hearing, the Graham-Cassidy bill ain‚Äôt dead yet. So keep fighting because the time to stop it is now. #WhatsAtRisk"
This is what we need to be focusing on‚Äînot another half-cooked plan to repeal health care for millions of Americans. 
"We've relentlessly defended MTs' health care &amp; we can't let up as we debate another dangerous bill this week. #mtpol
"
"ICYMI: After @Verizon abruptly cut off service to üíØs in MT, I demanded answers &amp; on Friday the company reversed its‚Ä¶ "
I'm joining @AGTimFox to hold @Equifax accountable &amp; show folks how to protect themselves if their info was exposed‚Ä¶ 
Bozeman's @FLIR laboratories produces technology that could secure both our borders‚Äîw/o building a wall. #mtpol 
"On American Indian Heritage Day, we recognize the unique, vibrant Tribal Nations across our great state.‚Ä¶ "
I spoke to students today at MSU. A quality education is critically important to the future of Montana. 
"After I demanded @verizon reverse its decision to cancel MT contracts, these accounts will stay intact. #ConnectMT 
"
Great to be up bright and early. Tune in now to @KBZK 
Teaming up w/ @AGTimFox to roll out tips for MTs who may have been exposed in the @Equifax breach. Check 'em out:‚Ä¶ 
""
""
""
""
""
"This is Congress‚Äô latest attempt to rip health care away from thousands in MT, but don‚Äôt just take my word for it:
"
""
"Shucks, I‚Äôm busy next Tuesday. @GovernorBullock, you free? #Mermen @sipndiplounge "
I joined MT health care professionals today to oppose the new Graham-Cassidy health care bill. #WhatsAtRisk #mtpol‚Ä¶ 
Today I sent a letter to @POTUS welcoming him to Montana and offering to work with him on tax reform. #mtpol‚Ä¶ 
"This bipartisan bill will bolster national security, improve missile defense &amp; give our service members a pay raise.
"
Anyone who deliberately delayed or misreported mail delivery should be fired for violating Americans' trust. #mtpol 
The folks at Malmstrom &amp; MANG go above and beyond to protect our freedoms. Today we celebrate 70 years of service.‚Ä¶ 
"This will help folks recover from the #MTFires &amp; I'll keep rattling cages to ensure MT gets what we need to rebuild.
"
A contract is a promise between company &amp; customer. I'm not going to let @Verizon break its promise to folks in rur‚Ä¶ 
"This week I testified before @TradeGov to defend MT's timber industry against unfair Canadian trade practices #mtpol
"
Honored to receive the Golden Triangle Award from the @NFUDC this week. I'll always defend MT's family farmers &amp; ra‚Ä¶ 
"

Join us in a moment of recognition for our POW/MIA service members.

#POWMIARecognitionDay https:/‚Ä¶"
"As a wise man once said‚Äîwhere I come from, rain is a good thing. #LukeBryan #PrayForRain #MTFires "
".@verizon's recent termination of contracts in rural MT is very troubling &amp; I'm urging them to reverse it. #mtpol
"
Had a great time talking #FarmBill &amp; #RuralBroadband at today‚Äôs #SenateRuralSummit. Check it out here (@ 2:19):‚Ä¶ 
"(5/5) Finally, after historic hurricane, drought &amp; wildfire seasons it's time to have an honest debate about climat‚Ä¶ "
(4/5) We must give local governments the resources they need to recover from these fires &amp; mitigate losses in the f‚Ä¶ 
(3/5) Every family farm &amp; ranch that's suffered wildfire-related loss needs access to @SBAgov &amp; @USDA's recovery re‚Ä¶ 
(2/5) Congress must fix wildfire funding. The @forestservice isn‚Äôt a firefighting agency‚Äîit‚Äôs a forest management a‚Ä¶ 
"(1/5) We must reimburse the @forestservice's firefighting expenses so they can afford maintenance, mitigation &amp; res‚Ä¶ "
On the @SenateFloor discussing 5 ways we must respond to this devastating fire season. #mtpol #MTfires Watch LIVE:‚Ä¶ 
""
""
""
""
""
""
""
""
"I introduced the BCSA in Feb, it‚Äôs time it got a hearing. Explorers like Celeste here agree. #KeepItPublic #mtpol‚Ä¶ "
""
I‚Äôm demanding @Equifax's CEO brief the Senate Banking Committee on the impacts of its massive data breach.‚Ä¶ 
"The Highway 200 Complex and Moose Peak Fire are now eligible for additional @FEMA assistance. #MTFires #mtpol
"
We will #NeverForget the thousands of American lives lost on #September11 
"These resources will be a critical force on the front lines as firefighters &amp; first responders fight the #MTFires.
"
A happy #FlattopFriday from @RedLodgeAles. I hope everyone can escape the smoke and sit back with a cold one this w‚Ä¶ 
"The #MTFires are national news &amp; I will fight for national help to recover from this brutal fire season. #mtpol
"
Today I invited @POTUS to come out and see the destruction &amp; havoc the #MTfires have wreaked across our state‚Ä¶ 
Extreme weather poses a serious risk to MT's economy. Things will only get better if we take a stand #MTfires #mtpol 
"As Congress works to help folks devastated by Harvey, we also need to help folks across the West fight these fires.‚Ä¶ "
"We‚Äôve tragically lost two brave firefighters and seen homes, farms, ranches, and businesses crumble before our eyes‚Ä¶ "
More than 45 #MTFires have already consumed over 900k acres‚Äîan area larger than the state of Rhode Island‚Äîand 600k‚Ä¶ 
The #MTFires have created so much smoke that air quality has been deemed ‚Äúhazardous‚Äù in parts of the state.‚Ä¶ 
"Nearly ALL of MT is in a historic drought. Dry grass, high winds &amp; lightning -&gt; 40 new fires across MT just last we‚Ä¶ "
Record temps &amp; severe drought have turned MT into a tinderbox. WATCH LIVE as I talk #MTfires on the @SenateFloor:‚Ä¶ 
"Amid one of the worst wildfire seasons on record, I will continue to fight for the emergency funding Montana needs‚Ä¶ "
On #LaborDay we all must recognize the hard working folks in Montana‚Äôs labor movement! 
"We can't sit idly by as a dangerous dictator threatens our families, freedoms, &amp; America‚Äôs standing in the world. "
"It's been a grueling fire season, so please stay safe &amp; reach out to me w/ any questions about assistance. #MTfires
"
"So many Montanans make a living off of the land, and that is why we must work hard to #ProtectMT and our outdoor ec‚Ä¶ "
As #MTfires continue to rage I want to thank the firefighters on the front lines putting in long days‚Äîthey will alw‚Ä¶ 
"My blue collar jobs tour continues in Helena. Together, we can create good-paying jobs across Montana. #mtpol "
This project will bring hundreds of jobs &amp; millions of $ in economic growth to Northwest MT. #EmployMT #ConnectMT‚Ä¶ 
Stopped by Ben Steele Middle School w/ the USS Billings crew to kick off the new school year! I know you all are as‚Ä¶ 
Great tour of @RedLodgeAles and even better beer. Montana's craft breweries create good paying jobs across the stat‚Ä¶ 
""
"This is a common sense bill that gives folks on the ground more power to determine what‚Äôs best for students. #mtpol
"
"As Sponsor of USS Billings, Sharla's showing the crew around the ship's namesake city this week. Today Sharla &amp; her‚Ä¶ "
My Blue-Collar Jobs Tour is about creating more good-paying jobs for folks who want to work w/ their hands #EmployMT 
I am joining Montana This Morning. Tune in now on @kpaxnews #mtpol 
I'm in Butte America launching my blue collar jobs tour. We need to work together to create good paying jobs across‚Ä¶ 
Stopped by the @ButteSilverBow Fire Department to thank the brave first responders who keep this city safe. üî•üî•üî• 
"As we head back into session, I hope the VA Committee can lead by example &amp; inspire more folks in Congress to reach‚Ä¶ "
Happy birthday to the @NatlParkService! We threw a party at the gateway to @GlacierNPS this week to celebrate!‚Ä¶ 
#tbt to a very busy birthday. I barely had time to celebrate! Thankfully someone brought this to my listening sessi‚Ä¶ 
"@missoulian @umontana After holding @BetsyDeVosED accountable for months, I'm pleased that @usedgov is giving‚Ä¶ "
""
""
""
""
""
We're still here till 8 pm! Come on by! #LastBestOutdoorsFest 
We cherish our public lands and the jobs they sustain in Montana. The full house at the #lastbestoutdoorsfest shows‚Ä¶ 
""
""
""
""
""
""
Kicking off my Last Best Outdoors Fest. Our public lands brings millions of dollars and thousands of jobs to Montan‚Ä¶ 
""
"
#keepitpublic 
@conradanker ryan_busse‚Ä¶ "
""
Great to present the Columbia Falls American Legion with a flag flown in their honor over the U.S. Capitol. We must‚Ä¶ 
My pleasure talking jobs and the importance of infrastructure at the groundbreaking of the Glacier Rail Park in Kal‚Ä¶ 
"Hosted @SecShulkin in Helena today to talk about how we can get even more done for #veterans across MT. #mtpol
"
""
"Oddly enough, @SteveDaines and I are both turning 39--again #mtpol "
"#SolarEclipse2017 in Helena, MT with my grandkids. "
Full house for my veterans listening session with @SecShulkin #mtpol 
""
Touring the VA facility in Helena with @SecShulkin. It's critically important to hear from the folks on the ground‚Ä¶ 
Great to host @SecShulkin this morning in Helena #mtpol 
"T-minus 2 days until our first-ever Last Best Outdoors Fest‚Äîa celebration of MT's booming outdoor economy. üç∫üé§üèïÔ∏è
"
See amazing speakers @ my first 
Come out THIS TUESDAY to my first 
Come out THIS TUESDAY to my first 
Come out THIS TUESDAY to my first 
Great to join the groundbreaking for the water treatment plant at Tiber Dam. This means clean water and jobs for no‚Ä¶ 
Hearing from folks on the ground is important to my job as a Senator. Great to be in Bozeman to hear about new ways‚Ä¶ 
""
""
""
From the library to the airport to the fire department‚Äîand a few other places in between‚ÄîI had quite a day in the M‚Ä¶ 
Great to hear from Billings business leaders on how to create more jobs across Montana #mtpol #employmt 
Great to join @KTVQ this morning in Billings 
Had a great time chatting with local business owners in Great Falls. These are the folks who #EmployMT 
"With threats like North Korea, the men &amp; women of the @341MissileWing are more important than ever &amp; working hard t‚Ä¶ "
Great to join @K
ICYMI: @POTUS signed our bipartisan #veterans bill to expand the VA Clinic in Missoula &amp; hire more staff. #mtpol 
As #MTfires continue to burn I want to remind anyone who's been affected to contact my office for help &amp; assistance‚Ä¶ 
As #MTfires continue to burn I want to remind anyone who's been affected to contact my office for help &amp; assistance. 
"I won‚Äôt stop until @BetsyDeVosED rips off this red tape &amp; gives our rural schools the resources they need. #mtpol
"
Including the VA Clinic in Missoula! Proud to have our third bipartisan veterans bill signed into law! #mtpol 
This will bill strengthen @DeptVetAffairs &amp; expand the VA Clinic in Missoula‚Äîproud to see it signed into law! #mtpol 
""
This bill strengthens VA care &amp; helps fix #Veterans Choice‚Äîproud to have it be my 4th üìúüñä‚Üí law this Congress! #mtpol‚Ä¶ 
Today's #FlattopFriday is also a #FlashbackFriday to my testimony on protecting the gateway to @YellowstoneNPS.‚Ä¶ 
.@BetsyDeVosED must roll back the red tape @usedgov's using to stop rural schools from getting annual funding‚Ä¶ 
Getting input from the folks on the ground is a critical part of my job. First up today: Fort Belknap Tribal Counci‚Ä¶ 
10 years ago I helped lead the charge to clean up DC &amp; shed light on special interests taking over Congress. #mtpol‚Ä¶ 
"Join me, @MTBizforOutdoor &amp; the @montanabrewers in 2 WEEKS for a celebration of MT's outdoor economy! üå≠üçªüé§ 

RSVP -&gt; "
"I hope my colleagues heed this advice &amp; support my bill to help fight the opioid epidemic. #mtpol @BillingsGazette
"
"Shout out to Waverly from Fairfield, who won a purple ribbon at the Teton County 4-H Fair w/ her own great take on‚Ä¶ "
"Honoring those who have sacrificed for our freedom is not a partisan issue, it's our patriotic duty. #PurpleHeartDay "
Last year's @WellsFargo scandal went beyond opening unauthorized accounts &amp; we must hold them accountable. #mtpol 
Like (grand)father like (grand)son. #TheMoreFlattopsTheMerrier 
Happy Birthday to my amazing wife Sharla! Great to be celebrating back in MT. BDs are always better in Big Sky Coun‚Ä¶ 
Meeting w/ the Incident Commander of the Rice Ridge Fire outside Seeley Lake. Thanks to the firefighters for you ha‚Ä¶ 
Join me on 8/22 for a celebration of the jobs &amp; businesses that make up MT‚Äôs outdoor recreation economy! üçªüé∂üçø‚Ä¶ 
"Join me, @MTBizforOutdoor &amp; @montanabrewers on 8/22 in Columbia Falls for the first ever Last Best Outdoors Fest!‚Ä¶ "
"The grandson of Norman McLean says ""his legacy &amp; ours depend on the health of the Blackfoot River."" #KeepItPublic
"
This is exactly why I introduced the Blackfoot Clearwater Stewardship Act. We must protect this Montana treasure.‚Ä¶ 
.@JohnnyIsakson &amp; I discuss our huge success passing 3 major bipartisan bills through Congress this week! WATCH LIV‚Ä¶ 
I was pleased to once again work with @SenatorIsakson and pass this important legislation and send it to @POTUS to be signed. #mtpol
This #GIBill expansion will open doors and create opportunities for our nation‚Äôs #veterans. #mtpol
BREAKING: The Senate passed our major bipartisan legislation to expand veterans‚Äô educational benefits #GIBill #mtpol 
"Senate also passed our #bipartisan bill that speeds up disability appeals, so #veterans aren‚Äôt left waiting for ans‚Ä¶ "
Tonight we passed a bipartisan bill that helps address workforce shortages at the @DeptVetAffairs. #mtpol (3/4) 
"Great news for #Missoula #veterans, a larger VA clinic is coming your way. #PassingBills #GettingThingsDone #mtpol‚Ä¶ "
We're sending another bipartisan veterans bill to @POTUS! Thx @SenatorIsakson for working with me to deliver for #veterans. #mtpol (1/4)
""
""
It's great to see businesses like Montana Specialty Mills move into the AgriTech Park &amp; create jobs in GF!‚Ä¶ 
"If you need help w/ disaster assistance due to drought or wildfire, fill this out &amp; I‚Äôll have someone call you ASAP‚Ä¶ "
""
"Following N. Korea‚Äôs missile launch, @SenatorHeitkamp &amp; I are calling on @POTUS to appoint a special envoy. #mtpol‚Ä¶ "
It's time to work together and find a bipartisan solution that will make health care more accessible &amp; affordable f‚Ä¶ 
Republicans and Democrats must work together to lower the cost of health care for all Montanans. #mtpol
Watch LIVE as I take to the @SenateFloor to talk about this disastrous health care plan. #mtpol #WhatsAtRisk‚Ä¶ 
You hear that @GovernorBullock? All in a day's work. #teamworkmakesthedreamwork #LodgepoleComplex #wildfire #mtfire‚Ä¶ 
""
""
"Eastern MT needs these resources, glad to work w/ @fema to get them to firefighters on the ground.‚Ä¶ "
It's time to get in gear &amp; put out the #LodgepoleComplex #wildfire so we can focus on rebuilding eastern MT‚Ä¶ 
"@fema These @fema funds will provide eastern MT w/ equipment, supplies, evacuation, shelter, mitigation, management‚Ä¶ "
After calling @fema Admin Brock Long twice this week about the #LodgepoleComplex #wildfire I'm glad MT will get res‚Ä¶ 
These photos show exactly what my bill Yellowstone Gateway Protection Act is protecting. #KeepItPublic #mtpol‚Ä¶ 
"I had the chance to chat w/ Ridley &amp; told him not to let a few missing fingers slow him down! These kids = #MTValues
"
"As the Senate debates health care, this uncertainty is driving up health insurance rates in rural America. #mtpol "
"New report from @OIA reveals MT‚Äôs outdoor economy -&gt; $7.1 billion/year &amp; 71,000 jobs üèï #KeepItPublic #ThriveOutside‚Ä¶ "
My bill to protect @YellowstoneNPS for future generations is receiving a committee hearing this morning. #mtpol‚Ä¶ 
""
""
""
I‚Äôve introduced 7 bills to lower health care costs‚Äîthat‚Äôs what we should be voting on right now. #mtpol 
Speaking on the Senate Floor about the wildfires currently raging across Montana. #mtfire #MTfires WATCH LIVE HERE:‚Ä¶ 
It‚Äôs time for Congress to walk the walk &amp; get to work. #mtpol @billingsgazette 
""
My statement on securing the release of University of Montana student Guthrie McLean: 
"As eastern MT faces a severe drought, I've worked with @USDA &amp; they're sending extra staff to help. Info here:‚Ä¶ "
The @RedCross can help you prepare for #mtfire / #MTfires. Below is a prep list &amp; A LOT more info can be found HERE‚Ä¶ 
"We're monitoring the #MTfires closely &amp; you can stay up to date w/ @mtpublicradio. Be vigilant &amp; stay safe. #mtfire
"
.@HeadStartgov helps our next gen thrive &amp; these resources will help kids in Great Falls &amp; beyond. #mtpol‚Ä¶ 
"My bill will help stabilize rates, increase certainty for insurers &amp; curb growing healthcare costs #mtpol‚Ä¶ "
MT mourns the loss of Mr. Johnson‚Äîa sobering reminder of what firefighters risk to protect us. His bravery &amp; sacrif‚Ä¶ 
.@SenJohnMcCain is tough as nails and we‚Äôre all in his corner as he takes the fight to this terrible disease.
""
"""77% of Montanans support the Upper Missouri Breaks and other existing monuments."" -@missoulian #KeepItPublic‚Ä¶ "
"Instead of proposing another scheme to rip away coverage, Congress should work together to improve access &amp; lower h‚Ä¶ "
"Check out what I‚Äôve been talking, reading, and tweeting about in this week‚Äôs edition of #FlattopHeadlines #mtpol
"
"My grandson Brayden just wrapped up his big trip to DC. Next time he comes, I might even let him take my seat &amp; cas‚Ä¶ "
@whatwouldDOOdo @uscapitol DM me your contact info and we'll set something up!
.@whatwouldDOOdo Once you're settled in DC you should come by the @uscapitol and we can chat about giving these vet‚Ä¶ 
"ICYMI
#KeepItPublic #mtpol "
Today we honor a man who loved &amp; served our nation. Conrad Burns will be forever remembered by the people of Montan‚Ä¶ 
ICYMI 
""
"

Listen live: "
I'm asking @SecretaryZinke to keep the Upper Missouri River Breaks the way it is. #KeepItPublic #mtpol‚Ä¶ 
ICYMI: mtpol #bipartisan #veterans 
"My statement on the Senate's updated health care bill:
#WhatsAtRisk #mtpol "
I‚Äôve introduced a bill to hold Big Pharma accountable &amp; protect MTs against sky-high prescription drug costs. #mtpol 
""
I just left a truly unbelievable committee hearing on the future of Indian health care. Watch the full video here:‚Ä¶ 
".@GovernorBullock &amp; I are demanding the @WhiteHouse rescind a request that could threaten the privacy, freedom &amp; vo‚Ä¶ "
""
""
""
"Check out what I‚Äôve been reading, tweeting &amp; talking about recently w/ this edition of #FlattopHeadlines ‚Äî‚Ä¶ "
Thank you to all the firefighters currently battling these blazes. Monitoring developments closely. Everyone stay s‚Ä¶ 
""
""
"The Kalispell Bypass has won the American Transportation ""Quality of Life"" Award‚Äîa great investment for years to co‚Ä¶ "
I'm proud to work with folks on BOTH sides of the aisle to produce real results for our nation‚Äôs #veterans. #mtpol‚Ä¶ 
""
Joined @kpaxnews to talk about health care reform &amp; how to ensure ALL MTs have access to quality affordable health‚Ä¶ 
""
"My office was in good üêæ as I traveled across MT this week. Winston is one gov't watchdog w/ the loyalty &amp; good ""sce‚Ä¶ "
Pleased to be at @umontana discussing outside influences on our elections. Glad so many folks are engaged on this i‚Ä¶ 
Joining @kpaxnews bright and early this beautiful Montana morning 
Met with Missoula #veterans today &amp; told them I would fight with everything I had to make sure proposed cuts to the‚Ä¶ 
"Health care is an investment that helps millions of Americans lead prosperous, productive lives. #mtpol #WhatsAtRisk "
"We can pass a health care bill that works for all Montanans if we're bipartisan, transparent &amp; inclusive. #mtpol‚Ä¶ "
Today we celebrate the freedoms that make üá∫üá∏ the greatest country on üåé &amp; empower us to work hard and thrive.‚Ä¶ 
"ICYMI: On Saturday, my wife Sharla christened the USS Billings. God bless our men and women in uniform, and God ble‚Ä¶ "
"We need to rein in our budget and reduce our deficit, but not at the expense of communities‚Äã like Butte, America.‚Ä¶ "
"""Billings is truly the Magic City, and just from looking at this ship I can tell it‚Äôs got a little bit of magic in‚Ä¶ "
"Watch LIVE as my wife Sharla christens the USS Billings! #mtpol #BillingsLaunch
"
""
""
‚ÄúHad a great time touring the USS Billings today. Excited for the big day tomorrow!‚Äù -Sharla 
"

Read @JoeDavidsonWP's take here: "
"My pleasure to be at Riverstone Community Health Center talking about what's at risk for Montana patients, families‚Ä¶ "
"Cheers to my lovely wife Sharla who is in WI to christen the #USSBillings. Before she left MT, she got a little pra‚Ä¶ "
Up bright and early to talk with the  @bigjshow 
I will continue to hold this administration accountable &amp; always fight to protect MT's clean air &amp; water. #mtpol‚Ä¶ 
The Senate has delayed a vote on its controversial health care bill‚Äîthat doesn't mean it's dead. #WhatsAtRisk‚Ä¶ 
""
""
On the steps of the Capitol showing folks exactly #WhatsAtRisk &amp; who‚Äôs at risk if we roll back health care. #mtpol‚Ä¶ 
"Join me NOW to discuss the Senate's controversial health care bill. #WhatsAtRisk #mtpol 
"
My statement on the decision to delay the Senate‚Äôs health care bill vote:üëá #mtpol #WhatsAtRisk 
"Lyn from Livingston tells us #WhatsAtRisk if we go back to a system where folks couldn‚Äôt afford to get sick. #mtpol
"
""
Join me TOMORROW on Facebook LIVE to discuss this week‚Äôs vote on the Senate health care bill.  #WhatsAtRisk #mtpol‚Ä¶ 
"This is what we can accomplish when we put politics aside and work together on behalf of our #veterans. #mtpol
"
"We need to improve our health care system, not kick folks off their insurance plans &amp; jack up rates for MT families‚Ä¶ "
"Anyone considering voting for this terrible bill should hear #WhatsAtRisk if we upend our health care system.
"
Full house for my health care town hall tonight in Great Falls. 
"Honored to have Dick Brown (MT Hospital Assoc), @vicky_byrd (MT Nursing Assoc), &amp; Dale Lambert (GF Schools) joining‚Ä¶ "
""
My town hall starts in 15 minutes! See you soon. #mtpol 
Join me TONIGHT to ensure Montanans have a seat at the table &amp; make your voice heard! #WhatsAtRisk #mtpol‚Ä¶ 
"The Senate‚Äôs health care bill cuts Medicaid, threatening coverage for 250k Montanans like Jay. #WhatsAtRisk #mtpol‚Ä¶ "
"Today @PresidentTrump signed my VA Accountability bill into law, which will help #veterans get care and benefits th‚Ä¶ "
I'm glad to see the @USDA has finally listened to my many demands to halt the import of Brazilian beef. #mtpol‚Ä¶ 
"My statement on the Senate's health care bill:
#WhatsAtRisk #mtpol "
Join me THIS SATURDAY in Great Falls for a health care town hall &amp; have your voice heard! #WhatsAtRisk #mtpol‚Ä¶ 
Pouring over a draft of the Senate's newly released health care bill. Will update you all shortly. #mtpol 
"I'm fighting to make sure ALL Montanans have access to quality, affordable health care. #WhatsAtRisk #mtpol‚Ä¶ "
"After folks in the majority claimed their secret health care meetings were open to ‚Äúanybody,‚Äù I made sure to RSVP!‚Ä¶ "
"Real Montanans explain #WhatAtRisk when it comes to the future of health care. ¬†#mtpol

"
Congress' current health care plan will put Jennifer of East Glacier &amp; thousands more out into the cold‚Ä¶ 
"This secret health care process does a disservice to folks like Julie Williams of Shepherd, MT. #WhatsAtRisk‚Ä¶ "
The ACA isn‚Äôt perfect so let‚Äôs fix it instead of throwing out all the progress we‚Äôve made on health care. Too much is at risk. #WhatsAtRisk
A small group of politicians are crafting a health care bill that will impact every American &amp; we don‚Äôt know what‚Äôs in it. #WhatsAtRisk
Speaking for every Montanan who deserves to know what the heck is going on w/ health care &amp; #WhatsAtRisk. WATCH LIV‚Ä¶ 
Going back to the old health care system where folks couldn't afford to get sick is a bad move for MT. @AARPMontana‚Ä¶ 
""
This week I‚Äôm featuring Montanans who will be impacted by a deadly rewrite of our health care system. #WhatsAtRisk‚Ä¶ 
""
""
""
""
""
"According to the @MTHCFoundation, more than 70k Montanans could lose healthcare under Congress‚Äôs current plan.‚Ä¶ "
"Recently chatted with @NBCMontana about my thoughts on Russia, the Paris Climate Accord, health care and‚Ä¶ "
".@CapitolPolice put their lives on the line to protect officials, visitors &amp; institutions that uphold our democracy "
Happy #FlattopFriday to my friend &amp; colleague @SenatorIsakson. I hope our bipartisan friendship inspires folks to r‚Ä¶ 
"We need to rein in spending, but not at the expense of hardworking families, seniors &amp; rural communities. #mtpol‚Ä¶ "
"As @GlacierNPS &amp; @YellowstoneNPS stand to lose $$$ under @POTUS' proposed budget, I‚Äôm reaching across the aisle to‚Ä¶ "
Had a great chat with Browning's Olivia Hall about how well @trioworks for her &amp; I promised to always fight for MT'‚Ä¶ 
"Congress passed my VA Accountability bill to help our #veterans get the care they've earned. Next stop @POTUS' desk!
"
"My thoughts are with Rep. Scalise, all victims, staff and the brave Capitol Police officers who work hard to protect us every day."
"Talking to thousands of Montanans right now about health care, budget cuts &amp; more on my teletownhall. #mtpol "
#KeepItPublic #mtpol 
"@Interior @YellowstoneNPS @GlacierNPS This budget gives ammunition to the folks who want to sell our public land, u‚Ä¶ "
"@Interior The proposed budget would take millions from @YellowstoneNPS &amp; @GlacierNPS, cut funding for trail mainten‚Ä¶ "
"Every aspect of the fed budget is critical, but the @Interior budget impacts our state in particular &amp; what's being proposed would hurt MT."
"As a result, MT‚Äôs outdoor economy sustains more than 64,000 jobs and contributes $6 billion to our state‚Äôs economy each year."
We enjoy an unmatched quality of life in MT‚Äîa headwaters state with 27 mil acres of public land &amp; infinite outdoor opportunities. #mtpol
"Joining hunters, business owners &amp; MT officials to raise concerns about the impact of the President's proposed budget on our outdoor economy"
"As 13 Senators debate health care in secret, they are now preventing reporters from asking tough questions. We need‚Ä¶ "
"As DC crafts a health care bill behind closed doors, MT officials need to bring transparency back to this debate.‚Ä¶ "
Getting MT beef back on the menu in China helps ranchers grow their operations &amp; make a living off the land. #mtpol‚Ä¶ 
"I‚Äôve introduced a bill to help the VA recruit, train &amp; retain top-notch medical professionals. #mtpol‚Ä¶ "
""
".@pacificsource has secured in-network access to all air ambulances in MT, saving nearly 45,000 MTs from huge fees.
"
The proposed budget gives more ammunition to the folks out there who want to sell our public lands. #keepitpublic‚Ä¶ 
"100 years after 168 miners lost their lives, the Granite Mountain disaster remains the worst hard rock mining disas‚Ä¶ "
I'm pleased that former FBI Director Comey is testifying at a public hearing so we can get to the bottom of this &amp; get back to governing.
Montana is known as the Last Best Place. @AmeriCorps &amp; @ServeMontana play an important role in keeping it that way.‚Ä¶ 
""
""
""
"With the help of @SenatorIsaakson &amp; @SenatorRubio, the Senate unanimously passed our VA Accountability bill‚Äîa big v‚Ä¶ "
""
""
""
"Last week, I logged a few hundred miles listening to farmers, ranchers, veterans, seniors &amp; families across MT.‚Ä¶ "
Proud to work with @SenatorIsakson and @SenatorRubio on this bill that the Senate unanimously passed earlier today. 
""
Watch @SenatorIsakson &amp; I discuss our bill to hold the @DeptVetAffairs accountable to #veterans on the Senate floor‚Ä¶ 
""
""
"What's the status of @umontana's new Upward Bound grant application? #questions4betsy 

"
""
""
""
"Upward Bound puts taxpayer money to its best use, preparing the next generation to be productive, contributing memb‚Ä¶ "
ICYMI: 
I visited FALKOR Defense this week to discuss the huge opportunities MT‚Äôs gun manufacturers will have once the ECR‚Ä¶ 
My VA Choice Improvement Act means #veterans will start having a better Choice experience as soon as July! #mtpol‚Ä¶ 
@TomLFulton Absolutely! Just swing by the office (Hart Senate Building #311) any time between 9 and 5 tomorrow and‚Ä¶ 
Back in Montana holding listening sessions this week. Rain check? 
The @whitehouse‚Äôs attempt to gut critical manufacturing resources will hurt Montana workers &amp; companies. #mtpol‚Ä¶ 
"This bill will support Montana businesses, strengthen our national security, and create good-paying jobs. #mtpol‚Ä¶ "
I‚Äôm urging the @whitehouse to cut red tape for gun makers like FALKOR so they can access new markets &amp; create jobs.‚Ä¶ 
Held #veterans listening sessions in Billings &amp; Missoula this week to talk issues w/ the VA's Choice Program.‚Ä¶ 
Continuing to get feedback from MT veterans on how we can improve care for our veterans #mtpol 
Starting my morning off right with @kpaxnews 
.@theMysteryRanch announcing my new bill to supply folks who keep us safe with equipment made in the USA. #mtpol‚Ä¶ 
"To ensure the next Farm Bill works for MT, family farmers &amp; ranchers must have a seat at the table. #mtpol‚Ä¶ "
"The Choice program is broken, I am gathering feedback from Montana veterans on how we can work together to fix it a‚Ä¶ "
Great to join @KTVQ this morning to talk about my veterans listening sessions. Hearing from Montana vets is critica‚Ä¶ 
""
"Today and every day, we must always remember the men and women who paid the ultimate price to protect our freedom.‚Ä¶ "
It's my job to listen to veterans' ideas &amp; concerns and work across the aisle to address them. #mtpol @KXLF‚Ä¶ 
The @WhiteHouse's proposed budget would close the ag research station in Miles City &amp; hurt rural America. #mtpol 
Had a great time in Glendive and Lewistown today chatting with my fellow farmers about how we‚Ä¶ 
"As a farmer, I know how important the Farm Bill is to MT. It's my pleasure to hear from my fellow producers in Lewi‚Ä¶ "
The Farm Bill is critically important to MT. That's why I'm in Glendive to hear from Montana producers about how we‚Ä¶ 
Great to hit the airwaves in Sidney this morning 
"Rather than move the #AHCA forward, let‚Äôs work together, R's &amp; D's, to lower costs &amp; increases accessibility. #mtpol "
The #AHCA is as irresponsible as we all thought. #mtpol #CBOSCORE 
"For 50 years, Upward Bound at UM has helped 1st generation college students graduate. That shouldn't end because of gov't red tape. #mtpol"
Now it is critical that Sec DeVos does not make this mess worse by rejecting UM's Upward Bound grant. #mtpol 
"Sec DeVos' decision to ignore MT was troubling, but I'm pleased she will reconsider UM's grant application. #mtpol "
My statement about the proposed budget: 
Today we confirmed Gov. Branstad as Ambassador to China &amp; I told him to expand trade opportunities for MT producers‚Ä¶ 
"MT is called Big Sky Country for a reason, so we need to invest in places like @BozemanAirport ‚úàÔ∏è¬†to #ConnectMT.‚Ä¶ "
Montanans have been clear: we do not want a sales tax in MT &amp; I'm making sure the @WhiteHouse is on the same page.‚Ä¶ 
""
ICYMI 
""
The @IndianCommittee unanimously passed my bill to recruit &amp; retain more good teachers across Indian Country.‚Ä¶ 
"On #ArmedForcesDay we salute all the folks in uniform who sacrifice their safety to protect our families, our freed‚Ä¶ "
"The proposed budget wouldn't just cut funding for @SeniorCorps, it would eliminate the program all together.‚Ä¶ "
Dave's a Missoula-based Navy vet who has continued to serve through @SeniorCorps. He's proof that #SeniorCorpsWorks‚Ä¶ 
We‚Äôre wrapping up @SeniorCorps Week &amp; I want to thank the thousands of MT volunteers that make our state a better p‚Ä¶ 
I'm urging the @WhiteHouse not to cut funding &amp; potentially cripple MT anti-drug task forces. #mtpol @Missoula_Indy‚Ä¶ 
"From the @Missoulian to @NBCMontana, check out what I‚Äôve been watching, reading &amp; talking about recently:‚Ä¶ "
""
Bill to reduce @BetsyDeVos' personal budget by $500k/week until DoE reconsiders @umontana's Upward Bound app #mtpol‚Ä¶ 
""
""
"From securing new security equipment @FlyGTF to talking health care w/ @TeamCavuto, check out what I‚Äôve been up to‚Ä¶ "
It's with heavy hearts that Sharla &amp; I mourn the loss of Dep. Moore. MT is forever grateful for his service &amp; will‚Ä¶ 
I‚Äôve introduced a bipartisan bill to give first responders the recognition they deserve. #NationalPoliceWeek #mtpol‚Ä¶ 
MT #veterans often love the doctors &amp; nurses at the VA. But there are a few folks who give the VA a bad name.‚Ä¶ 
"The details of our federal budget may not make be glamorous, but they are critically important to Montana. #mtpol‚Ä¶ "
Happy Mother's Day to the woman who's made me the luckiest husband and father this side of the continental divide.‚Ä¶ 
""
"This #MothersDay I'm teaming up with @HeidiMurkoff and @WhatToExpect to say, ""let's put moms &amp; babies first!"" "
""
""
"My barber often said that #veterans really liked the care they received at the @DeptVetAffairs, just not the wait &amp;‚Ä¶ "
""
""
""
.@NBCMontana: My bill takes big steps to cut red tape &amp; increase accountability throughout the VA system. #mtpol‚Ä¶ 
Proudly introduced a bipartisan bill to hold bad actors at the @DeptVetAffairs accountable &amp; ensures our #veterans‚Ä¶ 
""
""
""
""
""
""
""
This bill will hold bad employees accountable while protecting the hardworking folks who serve our #veterans.‚Ä¶ 
Cutting funding for the Office of National Drug Control Policy by a whopping 95% will hurt MT communities. #mtpol‚Ä¶ 
On #TeacherAppreciation Day I want to thank @keldermt &amp; all the other teachers across MT who help make our state th‚Ä¶ 
"We have a duty to care for our #veterans, but the #ACHA would make it harder for our nation‚Äôs heroes to access heal‚Ä¶ "
""
""
""
""
".@usedgov must #FundTRiO. @umontana's Upward Bound program has helped üíØs of students in the last 50 yrs, but don‚Äôt‚Ä¶ "
".@usedgov must #FundTRiO. @umontana's Upward Bound program has helped üíØs of students in the last 50 yrs, but don‚Äôt‚Ä¶ "
".@usedgov must #FundTRiO. @umontana's Upward Bound program has helped üíØs of students in the last 50 yrs, but don‚Äôt‚Ä¶ "
ICYMI - Check out all the ways Montana benefits from this week's budget with this interactive graphic! #mtpol‚Ä¶ 
I'm excited to work with @POTUS and Canada to forge a new softwood lumber agreement that works for Montana. #mtpol‚Ä¶ 
"We need to improve access and affordability, not rip health care away from millions. That‚Äôs what I intend to do.‚Ä¶ "
Check out all the ways Montana benefits from this week's budget with this interactive graphic! #mtpol‚Ä¶ 
MT‚Äôs brewers &amp; distillers are homegrown success stories. Let's cut taxes so they can grow and thrive. #mtpol 
"Today I voted for a bipartisan budget that benefits MT &amp; avoids a costly, job-killing government shutdown. #mtpol‚Ä¶ "
We need to make health care more accessible &amp; affordable for all Montanans. This bill does the opposite.‚Ä¶ 
This is #WhatsAtRisk now that the House has voted to take away health care from thousands of Montanans:‚Ä¶ 
""
ICYMI we‚Äôve got your (flat)Top Headlines from the last few weeks right here. #mtpol 
"Gracie isn‚Äôt just any park ranger - she‚Äôs a Bark Ranger, the first of her kind trained to help the staff at‚Ä¶ "
I‚Äôm introducing a bipartisan bill to cut taxes and create more jobs for MT brewers. #mtpol #SmallBusinessWeek‚Ä¶ 
ICYMI: Here‚Äôs a quick snapshot of what I‚Äôve been up to the last few weeks. #BigSkyRewind #mtpol 
""
I‚Äôm urging the @whitehouse to finalize a plan that will cut red tape for MT's gun makers. #SmallBusinessWeek #mtpol‚Ä¶ 
.@usedgov rejected a grant app from @umontana b/c it WASN‚ÄôT DOUBLE SPACED. I'm urging @BetsyDeVosED to reconsider.‚Ä¶ 
""
In honor of National #SmallBusinessWeek I‚Äôll be announcing new small business-related initiatives throughout the we‚Ä¶ 
"Every bill, amendment &amp; reform I advocate for comes directly from the people of Montana and it always will. #mtpol‚Ä¶ "
""
Was honored to join @TSA &amp; airport officials to announce a new full body scanner at Great Falls Airport. #mtpol‚Ä¶ 
Just introduced my #Yellowstone Gateway Protection Act &amp; the @NatGeo #picoftheday is the Paradise Valley. #mtpol‚Ä¶ 
Interested in a service academy or ROTC? Join me tomorrow in Great Falls for our annual ‚ÄúAcademy Days‚Äù event!‚Ä¶ 
"ICYMI: I joined @POTUS to announce the VA Office of Accountability, which will hold the @DeptVetAffairs accountable‚Ä¶ "
An open internet benefits ALL Montanans. #NetNeutrality #ConnectMT #mtpol 
""
""
"Watch as I join @POTUS, @SecShulkin &amp; @SenatorIsakson to announce a new EO to hold the VA accountable to #veterans.‚Ä¶ "
""
"You can watch the signing of the Executive Order here: 
"
"Pleased to join @POTUS, @SecShulkin &amp; @SenatorIsakson to announce a new office that will help hold the VA accountable to #veterans. #mtpol"
This is government bureaucracy at its WORST and it's why people hate Washington. (cc: @BetsyDeVos @usedgov) #mtpol 
"My bill will ensure treatment courts in Billings, Great Falls &amp; Missoula can effectively serve our #veterans.‚Ä¶ "
"Got to surprise a few Lodge Grass students when they asked me to ‚Äúdab"" this morning. This old dog can still learn s‚Ä¶ "
"Today I got a special performance from Anaka Ronan, a senior at Helena High School and winner of Montana‚Äôs‚Ä¶ "
""
I‚Äôm introducing a bill to protect the economy of the Paradise Valley. #mtpol #dontmineyellowstone‚Ä¶ 
""
""
""
""
"There are some places you just shouldn‚Äôt dig or drill‚Äîand the front porch of #Yellowstone is one of them. #mtpol
"
"My bill's backed by local businesses, families &amp; outdoor enthusiasts who want to protect their jobs &amp; way of life. "
I'm introducing the #Yellowstone Gateway Protection Act to protect the Paradise Valley for generations to come.‚Ä¶ 
"MT #MotherOfTheYear Karen Helmig has 3 biological kids &amp; fosters 8 more, exemplifying what it means to be a mother‚Ä¶ "
Tonight I voted to confirm Gov. Perdue as Ag Secretary &amp; I'm urging him to defend family farms and ranches. #mtpol‚Ä¶ 
""
""
""
"Sat down with @keldermt, MT's 2017 Teacher of the Year from C.R. Anderson Middle School in Helena where he‚Äôs shapin‚Ä¶ "
"Chatted with @NBCMontana about my bill to address military sexual trauma, agriculture &amp; health care reform. #mtpol‚Ä¶ "
My #Veterans Choice Improvement Act helps care providers focus less on paperwork and more on patients. #mtpol‚Ä¶ 
ICYMI: #mtpol 
"ICYMI: @POTUS signed my #Veterans Choice Improvement Act into law, helping vets get the care they've earned. #mtpol‚Ä¶ "
""
Remember it's National Parks week! That means free admission to any National Park this weekend. So go #FindYourPark‚Ä¶ 
DC elites spend thousands of taxpayer $ on portraits of themselves each year‚Äîthe very picture of gov't waste.‚Ä¶ 
"In MT, meth overdoses have more than doubled in recent years. So I'm asking the @WhiteHouse to work with me. #mtpol‚Ä¶ "
ICYMI: Today President Trump signed my bill to improve the #Veterans Choice Program into law. #mtpol‚Ä¶ 
I've been working to improve the #Veterans Choice Program for almost 2 years now and today @POTUS signed my bill to‚Ä¶ 
"
Watch‚û°Ô∏èh‚Ä¶"
".@POTUS just signed my #Veterans Choice Improvement Act into law, which helps vets get care closer to home. #mtpol‚Ä¶ "
""
""
The best way to create jobs is by building an economy that empowers innovators. #EmployMT #mtpol‚Ä¶ 
"If you like big skies, farm pics &amp; flat tops, be sure to follow me on Instagram! @senatorjontester‚Ä¶ "
"If you like big skies, farm pics &amp; flat tops, be sure to follow me on Instagram! @SenatorTester "
It‚Äôs National Park Week! That means free admission to every park this weekend #FindYourPark in MT:‚Ä¶ 
We need to pass a bill that ratchets up delivery standards in MT. Read more about my fight for postal reform here:‚Ä¶ 
I‚Äôm introducing a resolution to ensure MT wheat farmers get a fair shake when they sell their products abroad‚Ä¶ 
Happy Easter from my family to yours! 
"""Hunting gophers and waiting for the fields to dry out"" -@bterris "
Americans have a right to know who has their President‚Äôs ear &amp; how he spends his time. I strongly urge @POTUS to re‚Ä¶ 
"It‚Äôs planting season alright! I‚Äôve spent the week getting my wheat, pea and safflower seeds planted at the farm.‚Ä¶ "
I hope @POTUS &amp; I can work together to improve affordability &amp; access to health care across rural America. #mtpol‚Ä¶ 
Opening up new markets for Montana ranchers will create jobs and help strengthen rural Montana communities. #mtpol‚Ä¶ 
I‚Äôve introduced a bipartisan bill to reauthorize critical funding for Montana's fire departments. #mtpol‚Ä¶ 
I will continue to fight to expand air service across Montana so we can get more flights off of the ground. #mtpol‚Ä¶ 
"From passing my #Veterans Choice bill to defending MT's privacy on the Senate floor, see what I‚Äôve been up to on‚Ä¶ "
"I will keep fighting to ensure this Administration doesn‚Äôt forget about Montanans and rural America. #mtpol
"
My bill to fix the Vets Choice Program was unanimously passed by Congress &amp; is now awaiting @POTUS' signature‚Ä¶ 
I've introduce a new bill to ensure service members subjected to online sexual harassment can get VA help. #mtpol‚Ä¶ 
Too many folks have suffered from the affects of asbestos. It is our responsibility to make sure all Americans unde‚Ä¶ 
"We need to get our fiscal house in order, there's no doubt about it, but not at the expense of rural America.‚Ä¶ "
My statement on Judge Gorsuch's confirmation to the Supreme Court: 
"As a farmer &amp; Senator, I'm honored to support Gov. Perdue &amp; will work with him to support MT's #1 industry. #mtpol‚Ä¶ "
John Glenn spent his life in service to this country &amp; changed the course of history in the process. We owe him a h‚Ä¶ 
""
""
""
""
""
"Following the Marines United scandal, I‚Äôve introduced a bill to help those affected access proper VA care. #mtpol‚Ä¶ "
It‚Äôs (4/06) day! A day to celebrate Montana‚Äîthe Last Best Place. #mtpol 
""
Today the House of Representatives unanimously passed our #Veterans Choice bill. I look forward to seeing @POTUS si‚Ä¶ 
The @WhiteHouse must answer a lot of important questions before any more taxpayer money is appropriated for a borde‚Ä¶ 
I‚Äôm helping reintroduce the Paycheck Fairness Act because equal work deserves equal worth. #mtpol #EqualPayDay‚Ä¶ 
""
""
""
""
""
Today the Senate unanimously passed our bipartisan bill to reform the #veterans Choice Program. #mtpol‚Ä¶ 
""
""
""
""
""
"
"
""
""
This is why I cannot support Judge Gorsuch's nomination to the Supreme Court: 
This will provide service members with peace-of-mind while they are deployed and away from their families. #mtpol‚Ä¶ 
"This bill will streamline the VA appeals process, protect due process for #veterans &amp; save taxpayer money. #mtpol "
"Too many folks have suffered from the effects of asbestos, we need to make education &amp; awareness a priority. #mtpol‚Ä¶ "
In order to #EmployMT I want to strengthen Job Corps like these that create a pipeline of workers who meet our needs 
Today's vote against Title X threatens clinics that serve thousands of Montanans &amp; save taxpayers millions. #mtpol‚Ä¶ 
This bipartisan bill is a step in the right direction to getting more #veterans the care they deserve. #mtpol
The #Veterans Choice Program Improvement Act will make much-needed reforms to Choice Program. #mtpol
"The VA Choice Program hasn‚Äôt worked out the way it should, that‚Äôs why we need to fix the Choice Program before we extend it. #mtpol"
On the Senate floor urging passage of a bipartisan bill to fix the #Veterans Choice Program. cc:@SenJohnMcCain @SenatorIsakson @JerryMoran
"Last night I helped crown MT‚Äôs 2017 Cherry Blossom Princess, Butte-native Jamie Lynch in the shadow of another Butt‚Ä¶ "
""
"Following news of Brazil's bad beef, I‚Äôve taken action to protect MT's beef industry &amp; consumers alike. #mtpol‚Ä¶ "
Folks in Darby have just received a major internet upgrade. This is a win for Darby &amp; a big leap forward in our que‚Ä¶ 
Had a great meeting with @PPAdvocatesMT this morning! I #StandWithPP because Planned Parenthood stands with Montana‚Ä¶ 
"America's strength isn‚Äôt only based on our military, but by on our schools, health care &amp; infrastructure. Our budge‚Ä¶ "
.@SVACDems #mtpol 
""
"From introducing a bill to ban rotten beef to discussing America‚Äôs strength w/ Sec Mattis, last week was productive‚Ä¶ "
"Between health care &amp; Russia, last week was a whirlwind. So ICYMI, here's where I stand on these critical issues: "
Chatted w/ @SenAngusKing about campaign finance reform on his podcast. Hear the whole convo here:‚Ä¶ 
""
""
I'm deeply honored to recieve the Sonny Montgomery Medal from @NGAUS1878. Thanks to all who have served this nation. 
Folks in Washington can‚Äôt keep playing politics with Montanans‚Äô health care. 
""
"By helping Native entrepreneurs start a business, they can launch their careers &amp; hire folks locally. #mtpol‚Ä¶ "
It‚Äôs no wonder the House cancelled its vote. This bill is irresponsible and bad for Montana. #mtpol #WhatsAtRisk‚Ä¶ 
".@KateHoit, @jaslow, @mabryant256, @PaulRieckhoff, @iava, @RepEsty, @DAVHQ, @SenatorHassan, @JohnBoozman"
I've introduced the Deborah Sampson Act &amp; I want you to hear directly from women #veterans on why it's sorely neede‚Ä¶ 
I am humbled and honored to receive this award. We need to ensure our #veterans get the care &amp; benefits they have s‚Ä¶ 
""
""
""
It now costs less to fly into Canada than it does to get smuggled across the southern border. We need to secure our‚Ä¶ 
".@lachlan good reporting. ICYMI, I wrote a letter on this #ethics pledge. No response yet from @POTUS #Flynn #Russia
"
""
""
"

‚ÄúI applaud Senator Tester‚Äô‚Ä¶ "
""
MT raises the best beef in the world &amp; to import beef that falls well below those standards is unacceptable. #mtpol‚Ä¶ 
I‚Äôm taking questions live! Make your voice heard &amp; call in now: 877-405-6272. Or listen live here:‚Ä¶ 
"With planting season just a few weeks away, I'm itching to get my hands back in the dirt. If it were up to me, ever‚Ä¶ "
""
""
""
""
""
""
""
""
""
""
""
""
""
""
""
""
""
""
My bipartisan bill ensures women veterans can access the care and services they have earned. #SheWhoBornetheBattle‚Ä¶ 
The # of women veterans is increasing every day &amp; the @DeptVetAffairs needs to be equipped to serve them. #SheWhoBornetheBattle
I am introducing the Deborah Sampson Act to honor the brave women who defend our nation. #SheWhoBornetheBattle‚Ä¶ 
"Joined by @iava, @johnboozman, @SenatorHassan &amp; @RepEsty to unveil new women vets bill. #SheWhoBorneTheBattle WATCH: "
Sign up for my Teletown Hall TONIGHT! Join the call by texting TESTER to 828282 or signing up here: 
""
We need answers from the @WhiteHouse on Flynn‚Äôs vetting process. My letter to OMB has not been answered.‚Ä¶ 
I‚Äôve been fighting to close security clearance loopholes &amp; prevent insider threats‚Äîthat includes General Flynn.‚Ä¶ 
#mtpol #GorsuchHearing 
This #SunshineWeek I hope I made it clear how important it is to increase gov't transparency. #mtpol‚Ä¶ 
""
""
""
I‚Äôm hosting a Teletown Hall on TUES @ 6:30pm so all Montanans can be heard. Text TESTER to 828282 to join in!‚Ä¶ 
It's time to fully fund &amp; permanently reauthorize the Land and Water Conservation Fund. #KeepItPublic #mtpol‚Ä¶ 
"""When your opinion‚Äôs out there &amp; you don‚Äôt think it‚Äôs being heard, you couldn‚Äôt be more wrong. It is being heard."" "
""
""
""
"Because when it comes to cleaning up Washington, sunshine is the best disinfectant. #SunshineWeek #mtpol‚Ä¶ "
Thanks to everyone for coming out to my townhall today! Your voice matters. #mtpol #KeepItPublic 
"Started off today w/ the Ancient Order of Hibernians breakfast, followed by Butte parade &amp; ending in Helena for my‚Ä¶ "
""
With a bipartisan Senate Transparency Caucus folks can have greater access to their government. #SunshineWeek‚Ä¶ 
I will be holding my next in-person town hall TOMORROW in HELENA @ 3:30 MT. I hope you folks can make it! #mtpol‚Ä¶ 
I hope more young Montanans learn that their government is always open to them. #mtpol @gftri‚Ä¶ 
"I may be up on the farm today, but I've still got a radio signal so let the games begin! #marchmadness "
""
""
""
""
""
""
""
""
""
""
Watch as I accept the ALA's 2017 James Madison Award LIVE at 1:30: 
""
""
""
""
""
""
""
""
""
We need more sunshine in our government &amp; my bill will make it easier for us to keep folks honest. #SunshineWeek‚Ä¶ 
""
""
I‚Äôm urging President Trump to bring much needed transparency to our country's elections. #SunshineWeek #FEC‚Ä¶ 
The House‚Äôs #ACA replacement plan is reckless. We need affordable access to health care for all Montanans.‚Ä¶ 
I've fought for government accountability &amp; transparency all my life. This is what #SunshineWeek means to me.‚Ä¶ 
""
""
""
"Today we‚Äôre kicking off @SunshineWeek! A week dedicated to transparency, accountability &amp; good government.‚Ä¶ "
""
"
#Montana  #MTpol "
""
""
""
"In anticipation of my Helena Town Hall next week, I wanted to post a snippet of my Great Falls Town Hall! #mtpol
"
""
""
""
""
Check out what I've been up to this week with the latest edition of #BigSkyRewind. #mtpol 
""
""
Busy week - introduced news bills to fix Vets Choice &amp; ensure rural communities have access to clean water. #mtpol‚Ä¶ 
""
""
""
""
"Join me for my town hall on public lands &amp; Montana's outdoor economy - Friday, March 17 @ Helena Middle School!‚Ä¶ "
""
""
""
""
My wife has been my partner for 40 yrs. She works harder than most folks I know &amp; I couldn't do any of this w/o her‚Ä¶ 
I‚Äôve introduced my three-part plan to fix the #Veterans Choice Program #mtpol: 
"My plan to fix the #Veterans Choice Program will cut red tape, hold folks accountable &amp; eliminate the middle man.‚Ä¶ "
""
""
""
""
""
""
Me too. 
""
""
""
President Trump needs to keep his promise to ensure our pipelines are made in the USA (with US steel). #mtpol‚Ä¶ 
""
""
"After 75 years, William Gruber‚Äôs body will be returned to MT &amp; he will finally get the proper burial he deserves.
"
""
""
"
"
"
"
""
I hosted a public town hall meeting in person this week with Montanans because that is my job. #RealBosses #mtpol 
""
""
""
""
""
""
This is a bipartisan bill to hold Putin accountable &amp; make it clear we will not tolerate Russian aggression. #mtpol‚Ä¶ 
Repealing the ACA will leave folks in Libby without the care and resources they need to survive. #WhatsAtRisk‚Ä¶ 
It was an honor to welcome back the 120th Airlift Wing from Kuwait. I made sure to personally thank each one of the‚Ä¶ 
""
""
""
Packed house in Great Falls for my town hall. I always welcome feedback from my  bosses--the people of Montana 
""
""
""
""
""
Watching the Lady Griz with my two favorite Grizzlies 
Vizio violated the privacy of 11 million Americans. We need to be able to protect our rights as technology advances‚Ä¶ 
""
""
""
""
Folks are sick of business as usual. That‚Äôs why I've introduced the Cleaning Up Washington‚Äôs Act.‚Ä¶ 
"
The event is free and open to the public‚Ä¶"
""
"
 #mtnews"
""
This is another made-in-MT solution that will allow folks to hike &amp; fish the East Rosebud for generations to come.‚Ä¶ 
""
""
I'm holding a town hall in Great Falls THIS SATURDAY to hear from Montanans face-to-face. #mtpol REGISTER HERE:‚Ä¶ 
.@randpaul That's right! #transparency is key. Thousands of Montanans need to know what‚Äôs going to happen to their‚Ä¶ 
"I'm renewing my call for an immediate, independent investigation into this Administration's dealings with Russia.‚Ä¶ "
""
""
""
""
"Happy Birthday @YellowstoneNPS! #KeepItPublic
"
"

"
""
Montanans know how important @Interior is to our western way of life. We're relying on @RyanZinke &amp; I know he‚Äôll ma‚Ä¶ 
My statement on the President's address to Congress: 
"Looking forward to a productive address from @realDonaldTrump tonight with my guest, Crow Tribal Chairman Not Afrai‚Ä¶ "
""
""
""
""
The first in a series of House &amp; Senate VSO hearings to ensure Congress takes its cues from #veterans‚Äînot the other‚Ä¶ 
I feel confident that @RepRyanZinke will handle issues that come before him at @Interior with Montana common sense.‚Ä¶ 
"I asked the @WhiteHouse to exempt several frontline positions from the hiring freeze. Fortunately, they listened.‚Ä¶ "
""
""
Montanans have spoken and we know our campaign finance system is broken. #mtpol 
"Travis is an excellent student, leader &amp; athlete. I was honored to break the news that he was going to West Point. "
"
"
It's been a busy week on the road meeting with Montanans &amp; talking about issues impacting folks across our state.‚Ä¶ 
I stopped by Alberton to congratulate 7th grader Lyssah Kromrey on winning Montana's Doodle 4 @Google competition.‚Ä¶ 
"From Billings 2 Bozeman &amp; everywhere inbetween, catch up on what I've been up to on this episode of #BigSkyRewind "
"From Billings 2 Bozeman &amp; everywhere inbetween, catch up on what I've been up to on this episode of #BigSkyRewind. "
".@Miguel_Fraga_79, First Secretary of the Cuban Embassy &amp; I discussed export opportunities for MT producers. #mtpol
"
""
"As a former referee, I couldn‚Äôt be prouder of our student athletes for showing the world what Montana values look l‚Ä¶ "
"The Blackfoot Clearwater Stewardship Act embodies our Montana values, but don‚Äôt just take my word for it‚Ä¶#mtpol‚Ä¶ "
"The Blackfoot Clearwater Stewardship Act embodies our Montana values, but don‚Äôt just take my word for it‚Ä¶#mtpol‚Ä¶ "
"The Blackfoot Clearwater Stewardship Act embodies our Montana values, but don‚Äôt just take my word for it‚Ä¶#mtpol‚Ä¶ "
""
""
Thanks to all the folks who braved the snow today to celebrate the Blackfoot Clearwater Stewardship Act! #mtpol‚Ä¶ 
The Blackfoot Clearwater Stewardship Act will strengthen Montana's outdoor economy. #mtpol 
The Blackfoot Clearwater Stewardship Act ensures access to outdoor rec opportunities for the next generation.‚Ä¶ 
The Blackfoot Clearwater Stewardship Act will protect thousands of acres of public lands. #KeepItPublic #mtpol‚Ä¶ 
Today I'm proud to be introducing the Blackfoot Clearwater Stewardship Act‚Äîa bill crafted from the ground up.‚Ä¶ 
"The Blackfoot Clearwater Stewardship Act, a perfect example of what happens when Montanans work together. #mtpol "
Up bright and early on Montana This Morning on @kpaxnews this Wednesday 
"I‚Äôm introducing the Isla Rose Life Flight Act, to make sure folks don‚Äôt have to choose between saving a life and th‚Ä¶ "
"On @KTVQ discussing my new bills to help recruit teachers across MT &amp; help our veterans earn their degrees. #mtpol
"
""
"Today I announced my Isla Rose Life Flight Act, which will allow states to regulate air ambulances. WATCH HERE:‚Ä¶ "
Great Tuesday morning with @bigjshow and @McLovin1019 
Up early with Montana This Morning on @KTVQ 
""
"As a former teacher &amp; school board member, I know that public education is critical to the future of MT. #mtpol‚Ä¶ "
It's great to be back in a public school. Talking with young Montanans is one of the best parts of being a Senator 
I‚Äôm determined to answer one more question from my FB Live townhall. Thank you all for participating‚Äîthis is truly‚Ä¶ 
"I didn‚Äôt get to answer all 2,000+ comments posted during my FB Live townhall earlier this week, so I‚Äôm trying to an‚Ä¶ "
We had such a high demand during my FB Live townhall earlier this week that I decided to answer a few more question‚Ä¶ 
"After hosting my FB Live townhall earlier this week, I decided 1hr just wasn‚Äôt enough. So I‚Äôm answering more questi‚Ä¶ "
.@egl_esq @TSA @AskTSA It's unclear why you would bring any bacon from Florida...Montana's pork producers are the b‚Ä¶ 
I opposed #Pruitt‚Äôs nomination because he consistently sides w/ corporate polluters over local businesses &amp; familie‚Ä¶ 
""
""
""
""
"I reintroduced my Stopping Mass Hacking Act, which reins in the gov's ability to spy on law-abiding citizens #mtpol‚Ä¶ "
Montanans deserve a say in their government &amp; folks in Congress must answer to ‚Ääthe folks they represent back home.‚Ä¶ 
""
"

"
Be sure to follow my new @SVACDems twitter page for all things #vets related! #mtpol 
"ICYMI: You can watch my entire Facebook Live town hall here! 
"
I‚Äôm hosting a Facebook Live townhall TONIGHT @ 6:30 p.m. MT.  Tune in &amp; post your questions ahead of time HERE:‚Ä¶ 
Today I had the honor of watching Dr. David Shulkin get sworn in as the new Secretary of the @DeptVetAffairs.‚Ä¶ 
"""The box of Screaming Yellow Zonkers was wrapped in the colored Sunday funny paper. Card attached."" -Sharla Tester "
""
""
""
Watch my take on General Flynn's resignation below. 
"""This is absolutely about national security.  No ifs, ands, or buts about it."" #mtpol "
Dr. David Shulkin is now @DeptVetAffairs Secretary. I'll be working with him to ensure our #veterans get the care &amp;‚Ä¶ 
I want to welcome PM @JustinTrudeau &amp; encourage him to discuss a few issues concerning both Canada &amp; MT during his‚Ä¶ 
I'm hosting an online townhall via Facebook Live on Wednesday to hear from you! Tune in &amp; post your questions here:‚Ä¶ 
"MT seniors have worked hard &amp; paid into Medicare to ensure they have the health care they need. #mtpol 

"
""
Yesterday I told President Trump that I will work with him when I can &amp; hold him accountable when I must.‚Ä¶ 
Packed house today in Bozeman! 
"(2 of 2) That's why I'm hosting an online townhall to hear from my bosses, the people of MT. Sign up here: "
(1 of 2) I've been hosting events in MT &amp; receiving a huge volume of correspondence from folks who want to talk about MT's future... #mtpol
Montanans have spoken &amp; I agree. Rep. Price wants to send us back to a time when folks couldn‚Äôt afford to get sick.‚Ä¶ 
#PriceIsWrong for Montana and he‚Äôs wrong for rural America. #mtpol 
"Seniors have paid into Medicare, and I wont allow Rep. Price to deny them access to care.  #PriceIsWrong #mtpol "
Rep. Price‚Äôs plan to turn Medicare into a voucher system will cripple rural America. #PriceIsWrong #mtpol 
Rep Price wants to gut the ACA &amp; send us back to a time when folks couldn‚Äôt afford to get sick. #PriceIsWrong #mtpol 
We can't entrust our health to a man who wants to reverse progress &amp; rip away access to care. #PriceIsWrong #mtpol 
"Before I head over to the @WhiteHouse today, I want to hear from you! Let me know what you think I should discuss w‚Ä¶ "
This morning I had a long &amp; lively discussion with students and teachers from Billings West High School. #GoBears 
"The Attorney General must defend the rights of ALL Americans. Based on his track record, I don't think Sen. Session‚Ä¶ "
""
I can‚Äôt support an Attorney General nominee who will not stand up for the privacy rights of law-abiding Americans.
Sen. Sessions is also a staunch advocate for bulk data collection &amp; has fought to preserve the most intrusive aspects of the Patriot Act.
I can't support a nominee for Attorney General who opposed a law that helps us investigate and prosecute violent crimes against women.
"As Attorney General, Sessions will be responsible for upholding the Violence Against Women Act, a law he has repeatedly opposed as a Senator"
""
Speaking on behalf of Montanans who've asked me to oppose Sen. Sessions as Attorney General. Watch @ 10:30 am HERE:‚Ä¶ 
Today the VA Committee (@VAChair) stood with our #vets to unanimously support VA Secretary nominee Dr. David Shulki‚Ä¶ 
"Today I voted against Betsy #DeVos' nomination as Education Secretary. Today I voted for public education, for Mont‚Ä¶ "
""
""
""
Today I met with #SCOTUSnominee Judge Gorsuch. I believe every nominee deserves a fair shake &amp; I will continue to r‚Ä¶ 
""
""
""
""
""
"As a farmer, I know how important the Conservation Reserve Program is to Montana‚Äôs number one industry.‚Ä¶ "
""
#DeVosvote #devos #DeVosFacts
I took to the Senate floor today to defend our public education system &amp; oppose Betsy DeVos' confirmation.‚Ä¶ 
Tune in! I‚Äôm on the Senate Floor sharing some of the thousands of letters I've received opposing Betsy DeVos. #mtpol 
I wish these brave servicemen a safe and successful deployment. Their families will be in my thoughts.‚Ä¶ 
.@IAVA CEO @PaulRieckhoff &amp; I are going #Head2Head to determine who dons the better ‚Äòdo. Cast your vote below! 
We won‚Äôt stop until every member of Congress commits to keeping our public lands in public hands. #KeepItPublic‚Ä¶ 
""
""
Coming up in a few minutes to talk #veterans. #mtpol 
""
I second that. 
""
"I questioned VA Secretary nominee Dr. Shulkin about the Choice Program, the hiring freeze &amp; issues facing rural vet‚Ä¶ "
""
""
The confirmation hearing for VA Secretary nominee Dr. David Shulkin has started! Watch it live here:‚Ä¶ 
The confirmation hearing for VA Secretary nominee Dr. David Shulkin begins @ 12:30 MT. Watch it live here:‚Ä¶ 
***SPOILER ALE
"I voted to confirm Elaine Chao as Secretary of Transportation. I'll work with her to invest in MT‚Äôs roads, bridges‚Ä¶ "
At the Public Lands Rally in Helena‚Äîhad to make sure MT‚Äôs sportsmen &amp; women were fired up &amp; ready to fight. Turns o‚Ä¶ 
""
""
An Air Force vet lost his job this week due to the hiring freeze. I'm demanding all veterans be exempt from this EO‚Ä¶ 
""
""
""
""
""
""
My statement on the @POTUS' refugee executive order: 
""
"This is one of the most humbling parts of my job.
"
Beautiful Saturday morning in Glasgow. Talking about #whatsatrisk for our rural hospitals if the ACA goes away. 
I'm thrilled that #veterans who have sacrificed so much to protect our families can now build families of their own‚Ä¶ 
"It‚Äôs been a chilly few weeks here in the Treasure State, but a little frost can‚Äôt stop the flattop. #FlattopFriday‚Ä¶ "
""
"A federal hiring freeze will hurt our #veterans, but you don't have to take my word for it...@VFWHQ @iava‚Ä¶ "
"As ACA repeal moves forward, ""Montanans prepare for unknown consequences &amp; ‚Äòdisarray‚Äô on the horizon."" #WhatsAtRisk‚Ä¶ "
""
I'm asking Secretary Kelly to grant an emergency waiver regarding #REALID so Montanans‚Äô lives will not be disrupted‚Ä¶ 
.@RepTimWalz &amp; I + 53 others in Congress tell @POTUS that a hiring freeze will disproportionately affect our #vets.‚Ä¶ 
""
Inaugurating a new president is like planting season‚Äîwe are sowing the seeds for our country‚Äôs future.  #mtpol 
The @WhiteHouse is limiting agencies‚Äô ability to communicate w/ the press &amp; the public. This is unacceptable.‚Ä¶ 
"I look forward to bringing new Homeland Security Secretary John Kelly to Montana! #mtpol 
"
""
When @amazon announced 100k new jobs I thought: What better place for those jobs than the Last Best Place?‚Ä¶ 
This week I met with high school students from Havre. These kids really knew their stuff! 
There are still more questions than answers when it comes to repealing the ACA. Make sure you share #WhatsAtRisk:‚Ä¶ 
"Katie, if you can keep fighting, so can I. #WhatsAtRisk #ACA "
"Repealing the ACA would put funding for @PPFA at risk. We can't roll back progress for women, men &amp; families in MT.‚Ä¶ "
This week I thanked MT-native &amp; NASA Admin Dava Newman for inspiring the next generation to reach for the stars.‚Ä¶ 
""
""
Today women are gathering in Montana &amp; all across this nation to make their voices heard. I‚Äôm adding my voice to yours. #WomensMarch #mtpol
"I'll work with Secretaries Mattis &amp; Kelly to secure our borders, fight terrorism, and ensure our troops have what they need to keep us safe."
""
""
""
""
"No matter who you voted for or where you think the country is headed‚Äîif you‚Äôre a Montanan, I‚Äôm with you. "
"After meeting with Ms. DeVos, seeing her hearing &amp; listening to hundreds of Montanans, I cannot vote to confirm her‚Ä¶ "
""
""
"Tom Price wants to repeal the ACA, privatize Medicare &amp; defund @PPFA. These are just some of the concerns folks hav‚Ä¶ "
I've received hundreds of comments about Secretary of Ed nominee Betsy DeVos. Here are some of the concerns Montana‚Ä¶ 
Yesterday I introduced my plan to #EmployMT.  This plan will let folks know that Montana is open for business.‚Ä¶ 
""
""
""
""
""
""
"
"
""
Today I was honored to stand before the MT House of Representatives and unveil my plan to #EmployMT. 
""
""
""
""
""
""
""
""
""
At 1 pm I will be speaking before the MT House of Representatives. You can tune in and watch it live here: 
"Today we celebrate a man and a movement that fought for dignity, decency, and a democracy that defends all folks eq‚Ä¶ "
Thank you @RepKnudsen! Looking forward to addressing the Montana House later today to talk jobs. #mtpol 
Up bright and early. Tune in to see me live on @K
"""Without the #ACA I wouldnt be walking. Cause I had insurance for the first time, I'm here today."" - Penny, Billings "
3rd stop of the day. Hearing from folks in Butte about #whatsatrisk for their community  if Congress repeals the ACA 
Thank you for reaching out with your comments about my vote this week and the skyrocketing cost of prescription dru‚Ä¶ 
I'm in Bozeman to find out #whatsatrisk for our mental health care providers if the ACA is repealed. 
I‚Äôm excited to serve as Ranking Member of the Senate Homeland Security Appropriations Subcommittee this Congress.‚Ä¶ 
Hearing from patients and health care workers in Billings about #whatsatrisk if the ACA goes away. The answer: too‚Ä¶ 
Today I visited the @lastchancecider and Pub in Billings. Always excited to see a homegrown small business thriving! 
""
""
""
""
""
""
""
I'm in Roundup finding out from the folks on the ground  #whatsatrisk for our rural hospitals if the Affordable Car‚Ä¶ 
""
""
""
"Don‚Äôt just take my word for it, faith leaders across Montana understand #WhatsAtRisk if Congress repeals the Afford‚Ä¶ "
"For those of you who watched @RealBenCarson's hearing and were wondering about the ‚Äúbuffalo"" in my office‚Ä¶ "
""
""
""
Just the head. 
""
""
"Today I asked Dr. Carson, nominee for @HUDgov Secretary, to focus on affordable housing &amp; protect 30-year mortgages. "
I took to the Senate floor today to tell folks that rural America can‚Äôt afford health care repeal. #WhatsAtRisk‚Ä¶ 
""
""
""
""
""
"As Ranking Member of the VA Committee, I look forward to meeting with Dr. Shulkin very soon to discuss #veterans pr‚Ä¶ "
""
DHS Secretary Nominee Kelly says he'll come to Montana to see important national security issues facing our state! 
What do North Dakota jokes have to do with confirming the next Secretary of Homeland Security? Find out here.‚Ä¶ 
@Interior just announced the cancellation of the final 2 oil &amp; gas leases in the Badger-Two Medicine. #KeepItPublic‚Ä¶ 
I met with Sen. Sessions last week to ask him about his longstanding history of opposing important civil liberties.‚Ä¶ 
""
I completely agree. 
@zens0304 I completely agree.
""
""
""
""
"As Congress tries to end Medicare &amp; Medicaid as we know them, I'm fighting tooth &amp; nail to strengthen these program‚Ä¶ "
""
Thanks to @MartinHeinrich and @MHA_Montana for protecting health care in rural America. #mtpol #WhatsAtRisk 
""
""
""
""
After a weekend of hosting health care listening sessions across Montana I want to tell you #WhatsAtRisk if the ACA‚Ä¶ 
A repeal of the Affordable Care Act w/o a replacement could mean losing Mineral County‚Äôs only hospital.‚Ä¶ 
All of the President-elect‚Äôs nominees must go through the ethics review to ensure they're qualified to serve MT.‚Ä¶ 
Talking about #whatsatrisk with folks in Missoula. We cannot go back to the old system. We need to work together to‚Ä¶ 
My pleasure to sit down and chat with folks in the Mission Valley to discuss #whatsatrisk 
""
""
""
I‚Äôm very concerned that we still don‚Äôt have a VA Sec nominee. It‚Äôs time. America‚Äôs #veterans are watching. 
#IStandWithPP @PPFA 
"Meeting with folks in Libby to discuss #whatsatrisk. The ACA is not perfect, but we can't go back to the old system‚Ä¶ "
Tune in now to see me on @kpaxnews 
Today I met w/ Betsy DeVos Trump's @usedgov nominee. PUBLIC education is the basis of our democracy &amp; the next Secr‚Ä¶ 
"The House rules don‚Äôt just make it easier to sell off public land, they sell out @FLEOAORG @NFFE_Union‚Ä¶ "
I started meeting w/ Trump‚Äôs cabinet picks this week &amp; your feedback's helping shape my discussions w/ the nominees‚Ä¶ 
Today I met with DHS nominee Gen. John Kelly to discuss the unique security threats facing rural states like ours.‚Ä¶ 
"This is an underhanded assault on Montana‚Äôs outdoor economy &amp;
way of life. #KeepItPublic #mtpol
"
"It was -15 degrees on the farm yesterday. These &lt; 0 temps can be great for pest control on the farm, but stay warm!‚Ä¶ "
Today we kicked off the 115th Congress. I look forward to working across the aisle to increase opportunities for th‚Ä¶ 
"Sunshine is the best disinfectant‚ÄîAmericans know that, and they made their voices heard. #mtpol "
""
"
"
""
This bipartisan bill ensures major infrastructure projects will only use iron &amp; steel made here in America.‚Ä¶ 
"Congrats to #mtleg on their 1st day of session! Together, we can make our state even better for the next generation‚Ä¶ "
Congress will begin constructing a new Farm Bill &amp; it‚Äôs critical that Montanans have a voice in that process.‚Ä¶ 
Wound down 2016 with my grandkids and a deck of cards on the farm. Wishing every Montanan a #HappyNewYear! 
Here‚Äôs a brief review of what we accomplished over the last 12 months &amp; what we have left to do #mtpol‚Ä¶ 
This plan will increase local control of our classrooms &amp; cut red tape hindering creativity. Thanks @denisejuneau!‚Ä¶ 
Yet another example of how Montanans are benefitting from the #ACA and #WhatsAtRisk if Congress repeals it.‚Ä¶ 
Today's sanctions on Russia send a strong message that the United States will not tolerate cyberattacks on our nati‚Ä¶ 
"Special interests are trying to influence the cabinet nomination process. I don't listen to them, I listen to you:‚Ä¶ "
"ICYMI: Our Montana values are not negotiable. 
"
I'm calling on the Pentagon to reinstate a critical initiative that helps our troops become teachers.  #mtpol‚Ä¶ 
I'm pleased to announce the TSA will be installing modern security equipment at Helena &amp; Great Falls airports‚Ä¶ 
""
"Proud to join @SteveDaines, @RepRyanZinke, @GovernorBullock, @AGTimFox in standing up to intolerance: "
This is unacceptable &amp; we're not letting @WellsFargo off the hook. I'm demanding accountability for those affected.‚Ä¶ 
"From my family to yours, I want to wish every Montanan a very Merry Christmas and a happy holiday season. "
"The ACA isn‚Äôt perfect, but repealing the progress we‚Äôve made w/o a replacement is reckless. Find out #WhatsAtRisk:‚Ä¶ "
"Happy #FlattopFriday! I want to wish a very Happy Holidays to all our heroes that have served, or are currently ser‚Ä¶ "
We must work together &amp; send a strong message to the world that we will not stand for tampering with our elections.‚Ä¶ 
"It‚Äôs true, you can‚Äôt brew lager without clean water. #mtpol #SenateSmallBrewersCaucus.
"
"I couldn't agree more, Steve. These aren't Montana values &amp; together we can ensure our state remains a place where‚Ä¶ "
"Despite the ice &amp; snow, I‚Äôve been making my way around the state. Check out what I‚Äôve been up to on Big Sky Rewind! "
Great morning meeting with Havre small businessmen and women. The best ideas come from folks on the ground and I'm‚Ä¶ 
I‚Äôve launched a site where Montanans can submit their own stories about #WhatsAtRisk if Congress repeals the ACA:‚Ä¶ 
Couldn't have put it better myself. @billingsgazette #mtpol 
Congrats @PearlJam  and my friend Jeff Ament on the Rock and Roll Hall of Fame.  From one Big Sandy musician to ano‚Ä¶ 
"This is an important &amp; timely editorial about #WhatsAtRisk if we repeal, but don‚Äôt replace, the ACA. #mtpol‚Ä¶ "
I went to RiverStone Health today to discuss #WhatsAtRisk for Community Health Centers if we repeal the ACA. #mtpol‚Ä¶ 
On the @bigjshow talking the big issues 
Joining the fine folks on Montana This Morning right now on @KTVQ 
"Repealing the ACA puts everyone at risk, but seniors are particularly vulnerable. Learn more about #WhatsAtRisk:‚Ä¶ "
I want to congratulate each and every one of this year's United States Service Academy nominees.‚Ä¶ 
I came to Washington to clean this place up &amp; this bill is a responsible step toward accomplishing that goal.‚Ä¶ 
The ACA has helped more Montanans access insurance than ever before. Learn #WhatsAtRisk if we repeal our progress:‚Ä¶ 
I have a new portal on my website where folks can submit their feedback about the President-elect's nominees:‚Ä¶ 
I have a new portal on my website where folks can submit their feedback about the President-elect's nominees:‚Ä¶ 
Talked to seniors in Helena today about what‚Äôs at risk for folks on Medicare if Congress rolls back our progress on‚Ä¶ 
Now they're asking the tough questions. Favorite dinosaur? Stegosaurus 
It's a snowy one in Helena. Perfect time to sit down with a kindergarten class at Rossiter School for a good read 
"Braved the snow this morning to speak before Hometown Helena. Good questions, good people, good coffee "
Today I met with women in Great Falls concerned about returning to the old healthcare system when women were charge‚Ä¶ 
"Over the next couple of weeks, I am traveling across Montana to talk to folks about the uncertain future of healthcare in our state. #mtpol"
Great to be back in the classroom. Talking to young folks across Montana is the best part of being a Senator 
""
"

Today's Top Federal Headlines:

"
""
""
""
The VA must cover the costs of emergency care for the folks who served our nation. #mtpol #veterans‚Ä¶ 
"On Friday, folks on both sides of the aisles put politics aside and did what was right for the Blackfeet Nation.‚Ä¶ "
I was honored to receive the Department of Defense Medal for Distinguished Public Service yesterday.‚Ä¶ 
I am willing to work anyone who is willing to rid our government of the undue influence of special interests.‚Ä¶ 
This is a huge victory for NE Montana &amp; producers who will continue to be able to move their products to market.‚Ä¶ 
This bill will defend Congress &amp; the WH against the influence of special interests &amp; hold Washington accountable. #CleaningUpWashingtonsAct
"That‚Äôs why, as soon as the new Congress convenes in January, I plan to introduce the Cleaning Up Washington‚Äôs Act. #mtpol"
"Drain the Swamp, take out the trash, clean the grain bins‚Äîhowever you say it, folks want change in Washington DC. #CleaningUpWashingtonsAct"
"According to the Center for Responsive Politics, 41 former members of the 113 Congress alone are active lobbyists. #CleaningUpWashingtonsAct"
"Our troops &amp; their families have sacrificed so much for our country, and the #NDAA does right by them.‚Ä¶ "
I will always put politics aside and work across the aisle to help Montanans. I hope my colleagues will too.‚Ä¶ 
"The Cures Act will improve research, get more life-saving drugs to patients, &amp; expand access to mental healthcare:‚Ä¶ "
We will never forget and always fight for those who fought for us. 
My new bill will hold Wells Fargo accountable and allow victims to seek their day in court. 
I'm demanding a full audit of the DOD budget &amp; calling to immediately fill the agency's IG position so we can hold‚Ä¶ 
I took to the Senate floor today to speak up for MT's veterans &amp; against the dark money interest group that wants t‚Ä¶ 
@MTFarmBureau Yes! I even have a specific email for farmers to submit comments about the Farm Bill: FarmBillComments@tester.senate.gov
""
""
""
I hosted my first online townhall via Facebook Live last week. Check out my favorite Q&amp;A's here:‚Ä¶ 
""
"Montanans already know how valuable our great outdoors are, it‚Äôs about time the rest of the country knows it too.‚Ä¶ "
"Th ECHO Act, which cleared the Senate this week, will expand access to life-saving treatments across rural MT.‚Ä¶ "
National guard officers sacrifice everything for our freedom. We shouldn't punish them for someone else's mistake.‚Ä¶ 
"Like all Montanans, I'm deeply concerned about the government's increasing authority to spy on its citizens. #mtpol‚Ä¶ "
Today the Senate passed my bill that increases sanctions and blocks Iran from developing a nuclear weapon.‚Ä¶ 
Our service members sacrifice so much to protect us. We should all let them know they're in our thoughts and prayer‚Ä¶ 
Best wishes to Royce Engstrom. Thank you for your commitment to public education and your years of service at @umontana.
Join me in 10 minutes for my live online townhall.  It will take place on my Facebook page. #montennial #mtpol 
"#Montennials, ask me your questions TONIGHT. 6 p.m. MT on Facebook Live. 

Submit your questions here:‚Ä¶ "
President-elect Trump must gather input directly from #veterans &amp; VSO‚Äôs before choosing the next VA Secretary‚Ä¶ 
I‚Äôll be holding my first-ever online townhall tomorrow night at 6pm via Facebook Live. See you there! #Montennial‚Ä¶ 
The @bozchron said it quite well. I hope this effort to protect the gateway to Yellowstone can be bipartisan. 
"It is time to put politics aside and work together to strengthen Montana.
"
"""I just wanted to give justice to people that didn't have it."" -Elouise Cobell "
This job-creating investment will help small businesses open their doors in the parts of MT that need it the most.‚Ä¶ 
Montana‚Äôs small businesses help drive our economy and create jobs. When Main Street thrives Montana thrives.‚Ä¶ 
We hope this holiday season provides all Americans an opportunity to come together and recommit our focus on the va‚Ä¶ 
Montanans are calling this a huge victory. Find out why...#mtpol 
The President is about to honor Elouise Cobell with the Presidential Medal of Freedom that I recommended her for ea‚Ä¶ 
"Proud to join @SecretaryJewell &amp; @GovernorBullock today to protect the economy, land, water, &amp; wildlife around‚Ä¶ "
We are one step closer to permanently protecting the Paradise Valley for future generations. #mtpol 
""
""
We must protect our nation's most sensitive information and the SCARE Act will help combat insider threats.‚Ä¶ 
Now that's a touchdown! #BrawlOfTheWild 
Ready for the Brawl of the Wild 
""
""
In the hot seat with the fine student journalists from the @MontanaKaimin #montennial 
It's my honor to address the Montana Board of Regents. Affordable and accessible education is vital for Montana‚Äôs f‚Ä¶ 
.@google pays tribute to MT's James Welch whose writing inspired &amp; challenged us. 
#Montennial 
""
""
It is my pleasure to announce that Elouise Cobell will be be honored with the Presidential Medal of Freedom. #mtpol‚Ä¶ 
"Mr. Bannon should not be advising the next Commander in Chief. We need leadership and unity, not division."
"It‚Äôs #RockYourMocs Week! To celebrate, members of my staff decided to rock their moccasins in the Senate today.‚Ä¶ "
""
""
""
""
""
""
""
"Nope, not on my watch. #KeepItPublic #mtpol "
Our nation's veterans have sacrificed so much for our freedom and we are forever grateful for their service.‚Ä¶ 
"100 years ago today Montanans elected Jeannette Rankin to the House of Representatives, making her the first woman‚Ä¶ "
"These initiatives don‚Äôt just address the symptoms of addiction, they treat the underlying cause.‚Ä¶ "
"These initiatives are so important because they don‚Äôt just address the symptoms of addiction, they treat the underl‚Ä¶ "
I've been all over the state this month talking with folks about the issues that matter. Check out the highlights @ 
""
"It‚Äôs #CollegeAppWeek, so take advantage of all that higher education has to offer and put in your application today‚Ä¶ "
Very exciting news! I'm proud to support these types of collaborative projects that strengthen our economy. 
A view from our back porch as the sun rose over the Bear Paw Mountains this morning. #PhotoBySharla #MontanaMoment 
"The Lord broke the mold with Bill.  He was a once-in-a-lifetime kind of frien and he'll be deeply missed.
"
Had a great time at my 17th SBOW! I think we all left with even more motivation to help MT's veterans thrive.‚Ä¶ 
"Libby has incredible opportunity, let's work together to create more jobs and strengthen the economy of northwest M‚Ä¶ "
It was great celebrating the completion of the Kalispell Bypass earlier this week! 
My statement on VA Montana's new Director: 
In Missoula kicking off my 3rd Farm Bill event. Let's craft a bill that promotes conservation &amp; gets folks back to‚Ä¶ 
Come to my 3rd Farm Bill Listening Session TOMORROW IN MISSOULA @ 8:30am in UM‚Äôs Gallagher Business Bldg (Room 119)‚Ä¶ 
"Come to my 3rd Farm Bill Listening Session TOMORROW IN MISSOULA @ 8:30am in UM‚Äôs Gallagher Business Bldg (Room 119)
"
""
The Helena Fire Department and I have been working together to secure funding for a new firetruck. And guess what?‚Ä¶ 
""
"
Senator‚Äôs Event to Connect Vets and... https:‚Ä¶"
"My thoughts are with the 120th Airlift Wing as they deploy this week. We are forever grateful for your service. 
"
"Hunting's part of our western way of life &amp; it's one of the reasons we must protect our public lands. #keepitpublic
"
""
""
""
""
""
""
""
""
""
Pleasure to be in Libby talking economic development 
Today I launched my #Montennial Tour: A Conversation with Montana Millennials. Visit my website for updates! #mtpol‚Ä¶ 
""
""
""
""
""
""
""
""
Great to hear from the folks on the ground during my farm bill listening session #mtpol 
Explaining the farm bill to @bigjshow and @McLovin1019 is taking notes 
