We all know the budget process is a sham exercise designed to tee up massive tax cuts for billionaires &amp; corporatio… 
Today’s news on health care confirms there is a bipartisan way. Thanks @SenAlexander &amp; @PattyMurray for working together on a solution.
""
Message from Kansas: TrumpTax trickle-down won't work; regular people pay the price for tax breaks at the top. 
"This is why I'm so glad to count John McCain as a friend -- great speech, as good as his Munich speech.… "
"Far from reducing debt &amp; deficits, the Republican budget passes along a multi-trillion-dollar cost to our children. "
"""I think the Lord put us over the care of his creation &amp; when we pollute like we do, destroy the land, there's cons… "
"Nobel laureate Krugman: ""the current Republican tax plan...does indeed favor the wealthy—overwhelmingly, undeniably… "
"WH budget czar Mulvaney: ""We look at the Senate and go: 'What the hell is going on?'"" It's called American democrac… "
Nice to have @NFL backing my bill. Go @Patriots! 
".@POTUS &amp; @SenateGOP, take note. Massive tax cuts for billionaires &amp; corporations hurts middle-class families. "
""
".@POTUS dislikes ACA so much he's pretending it doesn't exist. Well, it does. Enrollment starts on 11/1. Follow… "
"Trump: ""I have a fantastic relationship with the people in the Senate."" Fantastic def.: ""remote from reality."" "
"FWIW, @IMFNews puts fossil fuel subsidy in US at $700B per year. Most of that is uncompensated harm to others. "
Bolton at it again. His relentless editorializing is a signal to sensible people everywhere: don't sabotage the Ira… 
Or go to StormTools to check your coastal RI property: 
"Thank you, @thewesterlysun, for a great article. Want to know more? Go to my 5 min video: "
LIVE: Jump on my FB page &amp; watch my weekly climate speech on the social costs of carbon pollution &amp; my bill to help: 
"My convo w/ @voxdotcom on climate politics, my carbon fee bill &amp; why the GOP can't survive as the party of deniers. "
Current US tax code allows companies to dodge taxes &amp; it's wrong. Joined @SenFranken to demand disclosure of tax in… 
Wrong. TrumpTax plan gives huge tax cuts to billionaires like you while adding trillions to nat’l debt &amp; threatenin… 
"@EPA On Weds, more of @POTUS's industry cronies are set to clear the Senate EPW Cmte noms process, putting them clo… "
ICYMI: My piece on why the corporate capture of @EPA under this administration will have serious consequences. 
"The Koch network will spend $300 to $400 million during 2018 election; already ""invested"" $10 million on tax fight.… "
Very conservative @CatoInstitute publishes interesting piece on impeachment; and it's interesting they published it. 
Why Republicans continue to travel with this flawed and dangerous President. 
"George Will: within the circle of Trump's ""vast, brutish carelessness are some people with sinister agendas."" "
".@realDonaldTrump, this isn’t a reality TV show; this is Americans’ health care. Stop sabotaging it. My statement: "
Decertifying deal to keep Iran from obtaining a nuclear weapon is a step toward a more dangerous world. Statement: 
"Meanwhile, keep in mind GOP also jeopardizing health care for 27k RI kids &amp; pregnant women by failing to renew #CHIP "
"We had extensive bipartisan testimony NOT to do this, and I pray Chairman Alexander leads a bipartisan solution to… "
"Assistant to ""W"" Bush calls for ""Republican vertebrates"" to stand up to Trump before ""his unfitness cause[s] perman… "
"Summary of ""grim picture"" inside the White House.
"
Steve Bannon gives Trump 30% chance of making it through his term. 
GOP candidates need a billionaire patron; even Gorsuch had one. Guess who they answer to? 
In case you were wondering for whose benefit TrumpTax was cooked up. 
"25% of remaining coal plants on line to close -- good news for ""downwind"" states like RI that get their pollution. "
Trump getting immigration policy from . . . Sean Hannity?? APB: all grown-ups please report to Oval Office. 
"Trump decision to decertify Iran nukes deal made in a ""furious"" ""fit"". Not how we want these decisions made. "
"This is significant. When someone as hawkish as Barak urges Trump not to decertify, you know it's a reckless choice. "
"After many failed attempts by Rs to make health care worse/non-existent for millions, Trump decides to sabotage system on his own. Pathetic."
#TBT to my freshman year of college. 
Sessions needs to answer Qs on convos w/ @POTUS fully &amp; truthfully when he appears before the Senate Judiciary Cmte: 
""
Panicking Republican donors stampede McConnell to end blue slip he used to insist on; Chairman Grassley says 'not s… 
I beg to differ. He's really bad and worsening. 
Starting to . . .??? 
"Revoking the #CleanPowerPlan is not only bad for environment, it's bad for our health. Again, @EPAScottPruitt puts… "
Great news in light of @POTUS's terrible plan to revoke the #CleanPowerPlan. We all must keep fighting and make pro… 
"Time to take reasonable steps toward preventing mass shootings, of which the US has seen far too many. Our bill: "
Thanks to the DaRosa family for the tour of North East Knitting – a leading textiles manufacturer in Pawtucket. 
"Good article on ""pass-through"" element at heart of TrumpTax. No surprise: helps wealthy avoid taxes while everyone… "
"""Epic backlash"" from ""big donors sitting on their wallets""? Guess who ""tax reform"" is for -- 80% goes to the top 1%… "
"If you know the Clean Air Act and what the endangerment finding means, you know the strategy will be delay. "
"Proud to join @TheProvCenter to honor Malcolm Chace, Jr. for his work to open the first specialized youth addiction… "
"McKay Coppins has written an important piece on the far-right ""news"" machine and its dangerous ambitions. "
"Congrats, Dr. Nicole Alexander-Scott of @RIHEALTH on a well-deserved honor! Your hard work &amp; leadership has improve… "
@nytimes @realDonaldTrump @EPAScottPruitt The decision to repeal the Clean Power Plan is all to serve the most mali… 
"@nytimes @realDonaldTrump Now, @realDonaldTrump’s industry lackey, @EPAScottPruitt, is unraveling one of the most i… "
"In a '09 @nytimes ad, @realDonaldTrump called climate change 'scientifically irrefutable' &amp; its consequences 'catas… "
"""When did America become so hostile to successful?"" Really? Worst inequality since Gilded Age; billionaires pay low… "
"Cohn and Mnuchin are not telling the truth about TrumpTax plan. Surprise, surprise. Pleasing their boss at all cost… "
Fossil fuel bosses: Don't come crying to me when your house of cards falls down. This is your doing. He is your toa… 
"Inventing that kneeling ""disrespects our soldiers"" is a particularly low way to bully athletes into submission. "
"I hear a lot of this, too. It's a bipartisan concern, just private on their side still. "
Pretty astounding: the paper that's watched D.C. for 140 years and broke Watergate just called Trump unfit. 
Trump double-crosses on DACA. He can't tell the truth; he can't keep his word. How do you deal with that?  
"Yes, ""long planned"" as a very expensive political stunt. "
"Stage-managing the national anthem for a political stunt just ain't sincere patriotism, guys. And at what cost?? "
"The Irish Tenors sing ""Arrivederci Roma"" by Newport's Columbus statue after the parade. "
Portsmouth High School band concludes with Italian national anthem. 
Newport RI Ancient Order of Hibernian's Pipes and Drums in today's parade. 
Woonsocket Autumnfest parade marchers 
Norm Ornstein is with conservative @AEI. Conservatives can see it too. It's a problem. 
Making sensible people's case for staying in the deal that stopped Iran's nuclear weapons program: 
"Right. Bob Corker is the one who is ""incredibly irresponsible."" "
Takeover of U.S. politics by the creepy billionaires -- sickening: 
"Fox News may say so, but no other government in the Iran deal agrees.  It's a dangerous step. "
"Thank you, John.  ""Thoughts and prayers"" don't make up for inaction. "
"Russian ""open path"" to election interference also includes dark money and shell corporations -- Congress won't act! "
"The ""US Chamber"" has been ""banging the drum of climate-change denial"" &amp; 94% of its political donations went to clim… "
Happy to support @RIBBABIZ last night. Grateful for all you do to help minority business leaders succeed. 
"What, all of you quit and leave us with HIM? Guys, please read U.S. Constitution 25th Amendment, Section 4. "
""
The auto industry made a deal on fuel economy standards &amp; now it's taking advantage of the science-denying admin &amp;… 
"Drain The Swamp check: Trump-tied lobbyists ""an entire cadre,"" a ""tidal wave."" Corrupted agencies; connected lobbyi… "
.@POTUS is back to attacking Americans’ health care. Give it up! Women should be able to make their own health care… 
An important award during a trying time. 
"Honored to receive this award. Thank you, @ASBCouncil for your work mobilizing business leaders for climate action. "
"Why have Rs resorted to partisan fast-track process? @JRubinBlogger is right: Trump, his admin, rich friends &amp; GOP… "
"I stand with the more than 1,000 Dreamers in Rhode Island. Democrats are fighting for a #DreamActNow. "
Partisan gerrymandering has a corrosive effect on the American democratic process. Time to return the power to the… 
.@SenBennetCO is right &amp; that's why I'm proud to support this bill. Time for Congress to get real about costs socie… 
"Proud to reintroduce this bipartisan, comprehensive criminal justice reform package with my colleagues: "
@NRA @SenFeinstein Urging my colleagues to join me in supporting @SenBlumenthal’s bill to close a loophole that all… 
@NRA Urging colleagues to join me in supporting @SenFeinstein’s bill to close a loophole that lets semi-automatic g… 
"To my Republican colleagues: Our work in Congress is about the safety of the American people, not the @NRA."
Too many American lives are being taken by gun violence &amp; Congress does nothing to try to prevent future deaths. 
"Billionaire-funded ""Americans for Prosperity"" launches $4.5 million TV ad buy to support ""tax reform.""  Grab your w… "
What is it with these Trumpsters and their private jet plane travel?  Southwest flies into West Palm all the time. 
.@EPA chemical safety nom Dourson was paid by Big Tobacco to cover-up dangers of smoking. We can't trust him now to… 
READ: The Sentencing Reform &amp; Corrections Act is a bipartisan approach to fixing our broken criminal justice system: 
""
A vote for the Republican budget before us would move us in the wrong direction. It’s a sham. 
""
"@EPA If you can't watch, here's my @Medium post on why the capture of @EPA by regulated industries will have conseq… "
"@EPA .@EPA nominees include leading industry lawyer &amp; ""scientist."" If confirmed, we'll be watching capture of EPA in real time."
WATCH: The Senate EPW nominees hearing to witness GOP attempt to allow @EPA capture by regulated industries. 
""
""
"In DC, it may seem like political fun &amp; games, but back in Rhode Island classrooms, fear over @POTUS’s immigration… "
"And guess who this ""purge"" was for, and who would pay for it? Big donors! We need that money OUT!!"
"A ""purge""? It gets more Russian every day! So creepy. "
Imagine the outrage from the right if Obama had done anything like this! 
".@SenJohnMcCain &amp; I filed brief w/ #SCOTUS to end gerrymandering. Today, #GillvWhitford is before the Court:… "
WATCH: Chairing @HelsinkiComm hearing on cracking down on criminals using shell companies to launder money 
"This guy won a Nobel Prize in economics. He knows what he's talking about on Republican tax plan's ""fraud."" "
Need answers on DOJ's coordination w/ sham commission. Would be low moment for DOJ to enable this “voter fraud” myt… 
Corporations in the past carried much bigger share of govt funding; Republicans would drive it even lower. People m… 
Met w/ RI's Substance Use &amp; Mental Health Leadership Council who told me how important Medicaid expansion &amp; $$ is i… 
"A sentimental replay of the Traveling Wilburys, in memoriam. "
No one worked harder than @SenJackReed on @tfgreenairport's runway extension. This project is a major long-term inv… 
""
"My heart goes out to victims of this horrific attack, to their loved ones, &amp; to all of those affected. Stay strong, Las Vegas."
"Meanwhile, for the rest of the country? Threats to Medicare, Social Security, and programs middle-class Americans rely on."
"Under GOP tax plan, top 1% will no longer have to pay estate tax, can take advantage of pass-through loophole &amp; will enjoy massive tax cuts."
"Thank you for your service, sir. Easy Company still inspires.
"
"It would be nice, when messing with deranged people with nuclear weapons, if we could be the grown-up in the room. "
"That's why they blocked Garland and ""nuked"" Gorsuch onto the court: back to 5:4 mischief. "
"The Trump Administration is hoping Americans don’t read this tax plan. Yes, there is “tax relief,” but 80% of that… "
Wishing all of those observing #YomKippur an easy fast and a happy new year.
@POTUS It’s a sham of budget that diminishes an already weak committee and process.
@POTUS This so-called ‘budget’ is merely a tool to use a partisan process to ram through these irresponsible and un… 
"With budget, Rs have officially abandoned deficit concerns in favor of massive tax cuts for @POTUS, cabinet members, &amp; other billionaires."
"For eight years under President Obama, Republicans on the Senate Budget Committee warned that our nation’s deficits were unsustainable."
"Tom Price did the right thing by resigning, but it should have been for his terrible health care policies, not his private jets."
"Congratulations to Rhode Island's winners on this achievement! Hard work of students, educators, families, &amp; commun… "
Massive tax cuts for billionaires do not pay for themselves. 
".@POTUS, your promise to declare opioid crisis a nat'l emergency is OVERDUE. You campaigned on addressing it. Back… "
New report: most TrumpTax benefits to the top 1%. No surprise. Cooked up by Wall Street and billionaires. 
"Washington Post's Fact Checker ""Pinocchios"" multiple administration claims about TrumpTax. "
Still no Trump infrastructure plan! 
Exhibit A of the mean-spiritedness of the far right is the paragraph on John McCain. 
"Things TrumpTax ""wealthfare"" would do for the wealthiest: "
"Serve the billionaires, ape the billionaires. At least billionaire DeVos pays for her own private jet. "
CBPP: A stunning 80% of so-called “tax relief” in Trump plan would go to households in top 1% income bracket. 
"The science seeps in, despite hundreds of millions spent on industry ""climate denial"" propaganda operation. "
This is part of the conversation we SHOULD be having instead of Repeal and Replace nonsense. 
I have nothing to add. 
"Other than lowering top tax rate, ending estate tax, and creating pass-through loophole... "
"The environment can't catch a break under this administration. Now, @SecretaryZinke wants to nix conservation plans… "
"Prediction: 5-4, with Gorsuch key vote against unions, which is why corporate dark money backed him. Sadly easy to… "
""
"

If you aren’t?  ¯\_(ツ)_/¯"
""
None of this is true. 
ICYMI this was a key confession from inside the GOP climate denial myth: 
The GOP tax plan is a big win… for billionaires like @realDonaldTrump.
The GOP tax plan does little to help middle-class families while promising enormous tax cuts for corporations and billionaires.
Rhode Island stands with Puerto Rico. 
Another confession from inside the GOP myth machine. 
Great work being done at RI’s @PellCenter on Russian propaganda &amp; disinformation. Report just out from workshop whe… 
"NYT: Trump tax plan ""huge windfall for...wealthiest""; ""would not directly benefit...bottom third."" "
"WSJ: ""The wealthy win ... Key features of the tax plan skew the benefits toward upper-income households."" "
"OK, this is weird; I agree with @GroverNorquist on this one. Hoping to pass Cornyn/Whitehouse prison reform AND sen… "
".@SenJohnMcCain suggested, try regular order &amp; work across the aisle. There is a bipartisan way to fix broken tax code."
You’d think Republicans would have learned from the failure to repeal Obamacare not to jam things through Congress on a party-line vote.
Republican tax plan = massive tax cuts for billionaires &amp; trillions of $ in red ink that could mean cuts to Medicare &amp; Social Security.
Hope @TheJusticeDept isn't working w/ sham commission. Would be low moment for DOJ to have been facilitator of myth 
"@HeartlandInst In Rhode Island, students &amp; teachers get that climate change is real. They measure its effects in cl… "
.@HeartlandInst distributed fossil-fuel industry talking points to teachers across America &amp; I'm calling them out. 
Only half of Americans can save for retirement thru work. My bill would give other half access to retirement plans: 
"EPA already has place for @EPAScottPruitt to share &amp; receive classified info, so what's he protecting? &amp; from whom?… "
"Asked @TheJusticeDept to explain coordination w/ @POTUS's sham commission, peddlers of bogus voter fraud claims: "
"Seriously, think about that. We have to start holding Big Oil accountable &amp; a fee on carbon pollution is a good sta… "
Great to hear from you all today! Proud to support CTE Perkins. 
"TrumpCare 2 was destined to fail. Now, the HELP Committee can get back to working on ways to improve health care. "
"Impressed by this group of Climate Riders who rode 200 miles on their bikes from Vesuvius, VA to Washington, D.C. f… "
Proud of @RINationalGuard for helping our fellow Americans in Puerto Rico. 
"Nice of them to get around to this now. They are still opposing climate action in Congress, by the way. "
"He told me how important it is to protect our #Dreamers in Pawtucket, in RI, &amp; around the country. Couldn't agree more."
"An honor to meet &amp; discuss education &amp; students w/ RI Principal of the Year, Chris Savastano of Pawtucket’s William… "
"Walter has seen a lot, so his last two paragraphs are telling. "
It looks like Mitch McConnell has dumped TrumpCare for now. Thank goodness.
Our bill lets states like RI fight back to protect consumers from abusive Wall Street interest rates: 
"We've made a start with my Save Our Seas Act, which passed the Senate unanimously, but more needs to be done. "
"I joined @AtlanticCouncil to discuss Russia’s main tools for malign influence: fake news, dark $$ &amp; exploitation of… "
"What else Trump and Russians have in common: ""exploit[ing] America's racial and religious divisions."" "
"
"
"Maybe pay attention to this, Mr. President, instead of fights with the NFL. "
""
This guy won a Nobel prize. His criticisms should not be lightly dismissed. And they match my experience. 
Former coal CEO may have violated rules he’ll enforce as @POTUS's pick for Asst. Sec. of @MSHA_DOL. I want more info 
I'll be joining @SenateDems tonight around 5:50pm to discuss what TrumpCare means for RI &amp; why I'm opposing this di… 
"Happy #NationalLobsterDay! Whether buying them fresh off a boat or at a clam shack, it's always a good day to suppo… "
"Current &amp; former insurance commissioners, including RI's say TrumpCare is the ""wrong direction."" Would ""severely di… "
REPO
"The Wexford Innovation Campus is now on the path to creating jobs &amp; becoming a flagship RI institution. Congrats,… "
"""Yes, sir. How high, sir?"" "
"Faith leaders on new TrumpCare: ""...people experiencing vulnerability, sickness, &amp; poverty would be hit hardest."" "
Young artists at the Providence Latino Film Festival this past weekend. 
"After all the noise about ""Cornhusker Kickback"" in ACA, it's not clear how much these state-specific boosts will he… "
Scale of 0-100 how much @SenJohnMcCain cares? Handled Hanoi Hilton; think he can handle @realDonaldTrump tweets? 
"There won't be much left for trillion $$ infrastructure bill Trump promised. Where is it, anyway? "
They're doing this to appease big right-wing donors? What do you bet the donors all have fine health insurance? 
"Combatting the opioid crisis requires an all-hands-on-deck approach. Thank you, @CVSHealth for your leadership. "
We should listen to the hospital associations warning about TrumpCare. cc: @SenToomey 
We should listen to the hospital associations warning about TrumpCare. cc: @senrobportman 
We should listen to the hospital associations warning about TrumpCare. cc: @SteveDaines 
We should listen to the hospital associations warning about TrumpCare. cc: @SenatorCollins 
@ChuckGrassley @SenJoniErnst We should listen to hospital assocs &amp; health clinics warning about TrumpCare. cc:… 
We should listen to the hospital associations warning about TrumpCare. cc: @ChuckGrassley &amp; @SenJoniErnst 
We should listen to the hospital associations warning about TrumpCare. cc: @SenCoryGardner 
We should listen to the health care groups warning about TrumpCare. cc: @SenTomCotton &amp; @JohnBoozman 
We should listen to the hospital associations warning about TrumpCare. cc: @JeffFlake 
"We should listen to the hospital associations warning about TrumpCare. cc: @lisamurkowski &amp; @SenDanSullivan
"
"Can’t believe I have to say this, but we should really be listening to all of the health groups that are warning ab… "
Enjoyed talking about health care &amp; the latest news from DC at the @RI_Barrington Senior Center. Thanks for having… 
There’s good bipartisan work to be done if our R colleagues will come back to the table instead of threatening our… 
"Once again, my colleague &amp; friend @SenJohnMcCain puts the well-being of Americans over party. Thank you. "
""
".@SenateGOP, listen to the experts. These groups oppose TrumpCare for good reason. "
""
"Wow. When the conservative, R-friendly @WSJ starts editorializing warnings about TrumpCare 2, you know it's bad. "
Here is a useful overview of the warnings of groups from @AARP to @AmericanCancer about TrumpCare 2. 
They prefer Congress where lobbyists and Citizens United money give them political muscle; forget the truth.
"Big Oil doesn't want this in court because they'd have to tell the truth, provide discovery, be cross-examined, etc."
.@Chevron: name one serious effort to address climate change your political forces have ever supported in Congress. 
""
"Insurers now join doctors, hospitals, nurses &amp; illness advocates against TrumpCare 2! How many warnings does it tak… "
".@StateMedicaid: ""We are concerned this legislation would... fail to deliver on our collective goal of an improved… "
"TrumpCare 2: @ChuckGrassley said “10 reasons this bill shouldn’t be considered,” but “Republicans campaigned on thi… "
"In court, facts must be factual, conclusions must be logical, and lying and misleading are punished--bad for climat… "
"Dear @SenateGOP: stop dressing up the new TrumpCare bill as a ""health care"" bill. It would put care out of reach for millions."
@SenJohnBarrasso @SenatorEnzi Will Eli Debout and @SteveHarshman oppose $90M in cuts for Wyoming under #Trumpcare b… 
@SenCapito Will @SenCarmichaelWV and @ArmsteadWV oppose $554M in cuts for West Virginia under #Trumpcare bill? 
@SenToomey Will @senatorscarnati and @RepTurzai oppose $850M in cuts for Pennsylvania under #Trumpcare bill? 
@senrobportman Will @LarryObhof and @CARosenberger oppose $2.5B in cuts for Ohio under #Trumpcare bill? 
@SenJohnHoeven Will @BrentSanfordND and Larry Bellew oppose $211M in cuts for North Dakota under #Trumpcare bill? 
@SenatorBurr @SenThomTillis Will @LtGovDanForest and @NCHouseSpeaker oppose $1.1B in cuts for North Carolina under… 
@SteveDaines Will Scott Sales and @RepKnudsen oppose $515M in cuts for Montana under #Trumpcare bill? 
@SenatorCollins Will @S_PresThibodeau oppose $115M in cuts for Maine under #Trumpcare bill? 
@SenJohnKennedy Will John A. Alario and Taylor F. Barras oppose $3.2B in cuts for Louisiana under #Trumpcare bill? 
@SenateMajLdr @RandPaul Will @kysenatepres and @KYHoover oppose $3.1B in cuts for Kentucky under #Trumpcare bill? 
@ChuckGrassley @SenJoniErnst Will @jackwhitver and @SpeakerUpmeyer oppose $525M in cuts for Iowa under #Trumpcare b… 
@SenToddYoung Will @LGSuzanneCrouch and @Brian_Bosma oppose $425M in cuts for Indiana under #Trumpcare bill? 
@marcorubio Will @joenegronfl and @richardcorcoran oppose $2.7B in cuts for Florida under #Trumpcare bill? 
@SenTomCotton @JohnBoozman Will @LtGovTimGriffin and @JeremyGillamAR oppose $1.1B in cuts for Arkansas under… 
@SenJohnMcCain @JeffFlake Will Steve Yarbrough and @JDMesnard oppose $1.6B in cuts for Arizona under #Trumpcare bil… 
@lisamurkowski @SenDanSullivan Will Pete Kelly oppose $255M in cuts for Alaska under #Trumpcare bill? 
".@jimmykimmel is correct that Republican figures on ""TrumpCare 2"" are false and misleading. "
"""Why good governance and Republican majorities no longer mix."" "
"I beg to differ, @SenRonJohnson. How many millions will lose health care and how high premiums will rise aren’t jus… "
"New TrumpCare=$0 for opioid crisis (on top of gutting Medicaid), yet @POTUS who campaigned on fighting epidemic is… "
My heart goes out to Puerto Rico and all those affected by Hurricane Maria. Here are some ways to help: 
It's time to put a price on carbon pollution that matches the damage it causes to our atmosphere &amp; our oceans. 
""
""
"Instead of working w/ @SenateDems to improve health care, @SenateGOP keeps resurrecting awful bills that strip insurance away from millions."
"New TrumpCare:
-strips health insurance from millions.
-guts Medicaid.
-lets insurers discriminate.
-defunds @PPFA.

…no thanks."
@SenJohnHoeven Will @MylynnTufte oppose $211M in cuts per year for North Dakota under #Trumpcare bill? 
@SenatorBurr @SenThomTillis Will @SecMandyCohen oppose $1.1B in cuts per year for North Carolina under #Trumpcare b… 
@SenatorCollins Will Ricker Hamilton oppose $115M per year in cuts for Maine under #Trumpcare bill? 
@SenToddYoung Will Kristina Box oppose $425M per year in cuts for Indiana under #Trumpcare bill? 
@marcorubio Will Celeste Philip oppose $2.7B per year in cuts for Florida under #Trumpcare bill? 
@SenTomCotton @JohnBoozman Will Nathaniel Smith oppose $1.1B per year in cuts for Arkansas under #Trumpcare bill? 
@SenJohnMcCain @JeffFlake Will @drcarachrist oppose $1.6B per year in cuts for Arizona under #Trumpcare bill? 
How close the Doomsday Clock has ticked . . . . 
Bait and switch. You can't agree with people who don't want to agree because they have a new plan. 
Proud the Senate passed my legislation to extend vital foreclosure protections for servicemembers and veterans: 
"Lots of work to do, but this is a good step. "
Good news: @GovernorTomWolf came out in opposition to $850M in cuts for Pennsylvania under #GrahamCassidy. cc: @SenToomey
Good news: @JohnKasich came out in opposition to $2.5B in cuts for Ohio under #GrahamCassidy. cc: @senrobportman
Good news: @GovSandoval came out in opposition to $639M in cuts for Nevada under #GrahamCassidy. cc: @DeanHeller
Good news: @GovernorBullock came out in opposition to $515M in cuts for Montana under #GrahamCassidy. cc: @SteveDaines
Good news: @AkGovBillWalker came out in opposition to $255M in cuts for Alaska under #GrahamCassidy. cc: @lisamurkowski &amp; @SenDanSullivan
@SenTomCotton @JohnBoozman Will @AsaHutchinson oppose $1.1B in cuts for Arkansas under #GrahamCassidy bill?
@marcorubio Will @FLGovScott oppose $2.7B in cuts for Florida under #GrahamCassidy bill?
@SenToddYoung Will @GovHolcomb oppose $425M in cuts for Indiana under #GrahamCassidy bill?
@ChuckGrassley @SenJoniErnst Will @IAGovernor oppose $525M in cuts for Iowa under #GrahamCassidy bill?
@SenateMajLdr @RandPaul Will @MattBevin oppose $3.1B in cuts for Kentucky under #GrahamCassidy bill?
@SenatorCollins Will @Governor_LePage oppose $115M in cuts for Maine under #GrahamCassidy bill?
@SenJohnHoeven Will @DougBurgum oppose $211M in cuts for North Dakota under #GrahamCassidy bill?
@SenCapito Will @WVGovernor oppose $554M in cuts for West Virginia under #GrahamCassidy bill?
@SenJohnBarrasso @SenatorEnzi Will @GovMattMead oppose $90M in cuts for Wyoming under #GrahamCassidy bill?
This group of bipartisan governors gets it. Slashing health care funds &amp; gutting Medicaid is not a “health care” bi… 
TrumpCare rising from the grave. Beware!! 
WATCH: I’ll join hearing on orchestrated assaults against democracy &amp; ask experts for ideas to protect voting rights 
"Climate change is real &amp; in RI, we're not into game of denying facts. Here's a look at RI's threats &amp; how to prepare "
""
"I've said it before: Republicans are so desperate to repeal the ACA, they're willing to support a bill that hurts t… "
"Proud of my state for setting an example for our nation. Thanks, @GovRaimondo for your commitment to Rhode Island’s… "
"Last week, I called on my colleagues to heed to the warnings of our  national security experts. "
"Just left screening of ""The Age of Consequences,” a look at threats of climate change from view of military experts."
"I just can't say enough about how disastrous the #GrahamCassidy ""health care"" bill is. "
""
"We've seen this movie before: deep cuts to funding, millions uninsured &amp; higher costs. It's the only plot Republicans know. #GrahamCassidy"
"Serious red flag if organizations that work to protect patients don't support a ""health care"" bill. #GrahamCassidy… "
Sorry that I will be stuck in DC tmrw &amp; will miss @universityofri's fall 2017 Honors Colloquium with Jane Goodall. 
"Bravo, @CommerceRI! Grateful for your important work to keep great talent in Rhode Island. Keep it up! "
Grand total: $80B in cuts to America's health care system in 1 year under #GrahamCassidy if Republicans decide to put ideology first.
Will @SenJohnBarrasso &amp; @SenatorEnzi oppose $90M in cuts for Wyoming under #GrahamCassidy bill? 
@SenToomey Will @SenCapito oppose $554M in cuts for West Virginia under #GrahamCassidy bill? 
Will @SenToomey oppose $850M in cuts for Pennsylvania under #GrahamCassidy bill? 
Will @senrobportman oppose $2.5B in cuts for Ohio under #GrahamCassidy bill? 
Will @SenJohnHoeven oppose $211M in cuts for North Dakota under #GrahamCassidy bill? 
Will @SenatorBurr &amp; @SenThomTillis oppose $1.1B in cuts for North Carolina under #GrahamCassidy bill? 
Will @SenDeanHeller oppose $639M in cuts for Nevada under #GrahamCassidy bill? 
Will @SteveDaines oppose $515M in cuts for Montana under #GrahamCassidy bill? 
Will @SenatorCollins oppose $115M in cuts for Maine under #GrahamCassidy bill? 
Will @SenJohnKennedy oppose $3.2B in cuts for Louisiana under #GrahamCassidy bill? 
Will @SenateMajLdr &amp; @RandPaul oppose $3.1B in cuts for Kentucky under #GrahamCassidy bill? 
Will @ChuckGrassley &amp; @SenJoniErnst oppose $525M in cuts for Iowa under #GrahamCassidy bill? 
Will @SenToddYoung oppose $425M in cuts for Indiana under #GrahamCassidy bill? 
Will @marcorubio oppose $2.7B in cuts for Florida under #GrahamCassidy bill? 
Will @SenCoryGardner oppose $823M in cuts for Colorado under #GrahamCassidy bill? 
@lisamurkowski @SenDanSullivan @SenJohnMcCain @JeffFlake Will @SenTomCotton &amp; @JohnBoozman oppose $1.1B in cuts for… 
@lisamurkowski @SenDanSullivan Will @SenJohnMcCain &amp; @JeffFlake oppose $1.6B in cuts for Arizona under… 
Will @lisamurkowski &amp; @SenDanSullivan oppose $255M in cuts for Alaska under #GrahamCassidy bill? 
I oppose #GrahamCassidy bill because RI would lose $625M in health care funding. Will Senators in states facing mas… 
Congratulations to RI's Eugene Lee for winning ANOTHER Emmy Award! Never mind the 13 Emmy nominations . . . . 
My Letter to the Editor in @nytimes on why Congress won't act on climate change. Not so subtle hint: Citizens United 
Beautiful day yesterday to #Walk2EndAlz. We need to keep up the search for a cure to this difficult disease that to… 
.@NIROPE and friends at today's Alzheimer's walk. 
Just Dance kids at Walk to End Alzheimer's in Newport today. 
"More on the ""whiff,"" from WaPo editorial board -- has WH really read up on obstruction of justice? Conspiracy? "
"China to join Netherlands, Norway, France, U.K. and India to phase out fossil fuel vehicles. "
"More in next climate speech, but in court facts must be factual, conclusions must be logical, and lies can be punished."
Proud to be part of #Rally4Recovery. Thousands of people here to support those on the noble path of recovery. 
"Thank you to our Rhode Island Diocese for your support for DACA immigrants:  ""solidarity""! "
"Again, Pope Francis, thank you for calling out the climate deniers. "
"A lot of courts have demanded a ""social cost of carbon"" &amp; a lot of agencies are imposing them. Just happened again. "
Congratulations to this year's @Africa_RI awardees! Thanks for all you do to make RI a stronger community. 
Clean Ocean Access beach cleanup day. Thank you @cleanoceanacces and @SaveTheBayRI! 
"And the fossil fuel industry, Kochs and others, are in it for big, big money. "
It was an honor to join @OSDRI_Vets to serve lunch for local veterans. Deeply grateful for the sacrifices of our se… 
This accusation has its roots in the political theory that you accuse your opponent of what you're most guilty of. 
Wouldn't it be wonderful to get John back on this issue -- even on a bill! 
Checkout the “Waves of Change” page to watch my short video on what rising seas could mean for RI’s coastline. 
"@GovRaimondo @davidcicilline @JimLangevin @SenJackReed When it comes to climate action, it's easy to get discourage… "
"Thanks, @GovRaimondo for your commitment to climate action. Was proud to join you for signing of RI's Plan to Stand… "
"It's the kind of curse where everyone gets coverage, the system is efficient, health outcomes improve, and costs go… "
"My bet? ""Climate Repeal and Replace"" will be a sham effort designed just to burn time to benefit @EPAScottPruitt's… "
Experts agree: It’s time to put a price on the carbon pollution driving climate change &amp; putting Americans’ health… 
.@SenJeffMerkley &amp; I want answers on Susan Bodine's role @EPA before voting on her for asst. admin of @EPAJustice: 
"
https…"
""
@HelsinkiComm Experts on today's panel agree that shell corporations pose a serious threat to our democracy &amp; reput… 
Any plan that cuts RI's health care funding by $625 million is not a plan I can support. 
""
TUNE IN: I'm asking Qs at @HelsinkiComm's hearing on Russia’s effort to spread disinfo domestically &amp; abroad: 
And a good article on the grand jury experience Mueller's witnesses will face. 
A good analysis of why Trump spokeswoman's claims about Comey don't make legal sense. 
Climate change poses serious security risks to US. Thanks to @JimLangevin &amp; @SenJackReed for work to address risks. 
""
""
.@SenJohnMcCain receives standing O at Vietnam film screening last night. 
"Last night, Vietnam vets Kerry, McCain, &amp; Hagel shared thoughts &amp; memories after screening of ""The Vietnam War."" "
Happening now: my 178th climate speech on the serious security risks climate change presents. Watch here: 
A sham commission born from baseless voter fraud claims b/c @POTUS lost popular vote. I want answers on its work:… 
"#MedicareForAll is the start of a long and worthy conversation. Thank you, @SenSanders, for helping to open it up. "
Every kid deserves a safe &amp; dry classroom. Proud to cosponsor @SenJackReed’s bill to invest $100B in school upgrade… 
Proud to join @SenSanders in the fight for Medicare for All. 
The president and his E.P.A. secretary miss a good opportunity for the nation by ignoring the threat of climate change.
"If you're a fan of Tom Friedman's clear-eyed books, this is an article worth reading. "
"Americans do not like gerrymandering, and they're right not to. Read the brief @SenJohnMcCain &amp; I filed here:… "
"Thank you, Rep. Carson, for this thoughtful piece. Here's a link to my 4-minute video on what's predicted for RI.… "
"@WhiteHouse The choice: ""keep the GOP's right flank happy"" or work with ""Democratic votes to get a package passed.""… "
"Hello? @WhiteHouse seeks ""Trump Tax Cut Blitz!"" without having shown a tax cut plan. Will it just be for corporations and 1%?"
"Why is it that fossil fuel is ALWAYS trying to block access to documents? They lose again, thank goodness. Go… "
""
"Thank you, Orrin. Well done, Ron. We should NOT fail to renew this. "
Unanimous Congress passes Virginia Senators' resolution condemning racist groups. Now to @WhiteHouse for signature. 
Maps tell the story of one clear Obamacare success: more Americans have health coverage. 
"FBI Dir Wray said there had not been a ""whiff"" of WH pressure; he just got his 1st whiff. Someone in WH needs to te… "
"In case Irma, Harvey, and wildfires weren't enough, a river of earth flows in China. "
"Edith Winsor's courageous fight changed our country’s path for the better &amp; because of it, love continues to win. "
"Finds time to spread falsehoods, but can't answer questions about commission's work. My letter w/ @amyklobuchar:… "
Courts require truth and administrative agencies require facts and logic: not great arenas for climate denial. 
"Remember, in those early ""spaghetti"" projections, Irma could have hit RI, and Jose is still out there. "
Grateful to all those aboard Newport's Coast Guard Cutter Oak who are heading south for hurricane recovery after Ir… 
@POTUS Simply declaring a State of Emergency doesn’t help anyone: @SenJackReed &amp; I are demanding action 
".@POTUS on opioid crisis:
1. campaigns on fixing it
2. strips $ from drug agencies
3. declares State of Emergency
4. does nothing"
@NaomiOreskes understands this all too well. 
@washingtonpost conservative columnist on Trump gong-show cabinet. 
“Foreign propaganda dressed up as a legitimate news outlet is still foreign propaganda.” -@davidcicilline 
Former Bush official on Trump predicament for Republicans. 
Glad to join @SenJackReed to share an update on our work in Washington w/ the RI Chapter of the Federal Bar Associa… 
@POTUS It's time to back up your words with action. People’s lives are at stake. Our letter: 
".@POTUS, it's been weeks since declaring a state of emergency on opioid crisis &amp; still 0 action. Reminder: you campaigned on addressing this"
""
Good to see upgrades at Scarborough Wastewater Treatment Facility. Making our coastal infrastructure more resilient… 
.@SenatorCarper &amp; I asked @USGAO to look into @EPA's hiring practices after wave of political hires. Glad it will. 
It’s time we had a real convo about creating a natl health plan. That’s why I intend to cosponsor @SenSanders' bill: 
"@SenJohnMcCain Not our first brief together. In 2012, we urged SCOTUS to get dark money out of politics. "
ICYMI: @SenJohnMcCain &amp; I filed brief w/ SCOTUS to end extreme partisan gerrymandering that undermines our democracy 
Heartfelt ceremony honoring the RI'ers we lost on 9/11 &amp; the brave servicemembers who have given their lives since.… 
"On #September11th, we remember the loved ones &amp; heroes we lost that day. The American spirit is stronger than hatred &amp; terror. #NeverForget"
The Seabees made the runways my father landed on as a Marine pilot in the Pacific. A proud occasion! 
My thoughts are with those in the path of Hurricane #Irma. Here are some ways to help: 
The opposite of storm surge --amazing clip of film in the story. 
Small gain on Pell Grants a treasure in this environment of cuts and threats. 
""
Bought a lot of bicycles there as kids grew up.
Sad news for our state. Benny’s has been one of RI’s favorite institutions for 93 years &amp; will be missed. 
I stand w/ Rhode Island's more than 1000 #Dreamers &amp; hundreds of thousands across the country. #DefendDACA
"@SenJohnMcCain Not our first brief together. In 2012, we urged SCOTUS to get dark money out of politics. "
.@SenJohnMcCain &amp; I filed a brief with SCOTUS to end extreme partisan gerrymandering that distorts our democracy. 
"Message to Trump: work with Senate Ds on humane sensible policies, you'll have victories; work only with Rs on extremism, you'll be a loser."
Proud to see @RINationalGuard members mobilize to help the Virgin Islands devastated by #HurricaneIrma. 
He deserves it. Tapper is the closest we've got to a Murrow or a Cronkite. 
@EPAScottPruitt Enforcing the Methane Rule on a “case by case basis” won’t cut it. My letter to@EPAScottPruitt: 
"Once again, we see @EPAScottPruitt &amp; his fossil fuel industry allies show zero regard for public health or the environment."
""
Rhode Islanders: join me for my Town Hall event this Sunday in Pawtucket – all are welcome! 
.@SenJohnMcCain and I asked SCOTUS to rule whether the hyperpartisan gerrymandering that pollutes our democracy is… 
More information; more warnings from our oceans of the cost of abusing them. Old maps tell a tale. 
""
""
"Thanks @PattyMurray &amp; @SenAlexander for a productive, bipartisan conversation on strengthening the Affordable Care… "
These special interest groups are spending big $$ to jam these nominees into the federal courts. What do they want… 
There's a pattern I keep seeing w/ @POTUS's nominees that I refuse to ignore: none will say dark $ &amp; unlimited spen… 
""
Weakening fuel economy standards = increasing CO2 pollution in the climate &amp; higher fuel costs for drivers. Industry needs to keep its word.
"Car cos. made a deal. Now, they're taking advantage of science-denying Trump admin, reneging on that deal to save $… "
"If @POTUS doesn't want to throw #DACA kids out, why do WH talking points urge them to prepare for 'departure from t… "
And because the fossil fuel industry plays just as dirty as it pollutes.
These fossil-fuel-funded scoundrels get away with this because of the power of Citizens United's unlimited politica… 
Michigan 4-profit charters drain $ from public ed. I asked DeVos about it &amp; clear from answer then/proposals now th… 
"@POTUS With @POTUS turning his back on America’s immigrant youth, it’s on us to pass the #DreamAct."
.@POTUS won’t own cruel decision to end DACA so he’s putting it on Congress. Reminder to my colleagues: history is watching us. #DefendDACA
""
""
"Shocker. Pruitt's @EPA departs from historical norms, having a political op vet grants &amp; scrub them of “the double… "
"RIers: if you missed my Facebook Live Town Hall today, I’ll be hosting an in-person one next week &amp; I want to hear… "
Are you on the list? For more info go to CRMC's StormTools website: 
.@SenJohnMcCain &amp; I agree: partisan gerrymandering pollutes our democracy &amp; it's time to fix it. Our brief: 
""
"@POTUS And, on the heels of Charlottesville, he is signaling to champions of hate and bigotry that their voices matter most."
"Unraveling #DACA confronts none of the major problems with immigration system. Instead, @POTUS is breaking apart families &amp; bruising economy"
But it must treat people – especially children – humanely.
That plan should secure our borders and establish a tough process for those here illegally to get right by the law.
"Throughout my time in the Senate, I’ve pushed for a comprehensive plan to fix our immigration system."
They’ve given back to their communities. This program takes those contributions into account and grants well-earned peace of mind.
They’ve studied diligently and worked hard to make a better future for themselves and their families.
Ending #DACA is shameful &amp; cruel. These are children of our nation who had no say in coming here. 
HAPPENING NOW: My Facebook Live Town Hall where I'll be answering &amp; taking questions! 
"As #LaborDay weekend ends, thanks to America's labor movement for raising all our boats &amp; govt workers who respond selflessly to help us all"
Lying to a grand jury is itself a crime. And you go in alone. The noose widens before it closes. 
"Ending #DACA is a low blow, small and unAmerican."
To the youngsters who fear @realdonaldtrump's cruel plan to end #DACA: Don't give up; many will fight for DREAM Act.
These kids signed up and kept their end of the bargain; government should too. #DefendDACA
"Maybe even ""regular order"" with Republican Senators allowed to work on dark money and climate change, like before C… "
"Ending #DACA is unAmerican, plain and simple."
"This #LaborDay, we celebrate the hard working men &amp; women of RI &amp; across the US. Thank you for keeping the American economy going."
This welcome decision by Senate parliamentarian was not unexpected. It helps prevent partisan repeal of the ACA. 
"Interesting: ""Justice Dept turned letter over to Mueller’s team,"" yet drafted by Miller/WH. Qs: How/when DOJ got it… "
""
""
"Lancet of Great Britain pays tribute to Herbert Needleman, American science hero &amp; expert in our RI lead poison case "
I’m hosting my 1st Facebook Town Hall on 9/5 at 10:30a EST before heading back to DC. Leave questions for me here: 
"Thanks, @JimLangevin. Drones and planes don't mix. "
Grateful to @RICatholic for promoting appreciation &amp; stewardship of our environment. #CareOfCreation 
Wise words from @providencecol's Fr. Shanley about our shared duty to preserve our planet. #CareOfCreation 
"""In sum, ExxonMobil is now misleading the public about its history of misleading the public."" "
"On this Day of Prayer for #CareOfCreation, @SalveRegina has recommitted to its stewardship of the environment.… "
.@Pontifex declared today World Day of Prayer for #CareOfCreation. RIers &amp; our faith orgs honor our sacred responsi… 
More harrowing scenes out of Texas today. I’m wishing all those affected a safe recovery. 
"Rhode Island lost one of its great artists, and a great teacher and buoyant spirit, when Dick Grosvenor passed away."
Too good! 
"An interesting development, if true. "
House Republicans have floated a measure to limit and end the Mueller probe of Trump/Russia.  Not on my watch. 
"Plan ""appears to offer relatively little to ordinary Americans, granting instead huge tax cuts...to corps &amp; shareho… "
Congrats @RIHospital on winning a $10M federal grant to expand promising stem cell research that could unlock new t… 
"Let's see what Trump proposes, but it would help in knowing ""tax reform"" isn't just to benefit Trump Inc if his tax… "
"This is what police officers do: their duty, out in all conditions, sometimes in peril of their lives. "
"My heart goes out to those affected by #Harvey. If you’re looking to help, here are some ideas: "
Great talk today on growth of RI's defense industry &amp; addressing cyber threats at @SENEDIA_'s… 
""
""
""
"Instead, President Trump has again doubled down on the side of ignorance, bigotry, intolerance, and hate."
Now is a time to bind the wounds left by white nationalists’ repugnant attacks in Charlottesville.
Arpaio systemically discriminated against AZ Latinos in defiance of our Constitution and ignored our courts.  He does not deserve a pardon.
The discriminatory ban of brave transgender servicemembers has nothing to do with military readiness and everything to do with fear and hate
View from Rep. Ruggiero event: America's Cup 12 meter racing yacht leaves Mackerel Cove in sunbeams. 
"Ending DACA = loss of $460B from GDP over 10 yrs &amp; removal of 685,000 workers from our economy #DefendDACA"
Ending DACA means kicking out thousands who want to contribute to the country they love &amp; call home. It's just wrong. #DefendDACA
Deeply saddened by loss of Spc. Matthew Turcotte of RI. Forever grateful for his service to our country. My thoughts &amp; prayers are w/ family
"Look out, Texas. Make a plan, listen to local officials, and stay safe! "
"Good piece by former Sen. John Danforth, great friend of Sen. John Chafee. "
Nice to see that there will be ACA coverage on exchanges throughout the US. 
Great to join the flag raising ceremony today at North Kingstown Town Hall w/ Ralph Mollis &amp; some of Rhode Island's… 
".@SenSchumer is right. On top of not being a scientist, Clovis spouts intolerant views. He does not belong in a pos… "
"As #Harvey looms off Galveston, look at these scenarios. You can move the surge band at the top to see the flooding… "
Great visiting @amerimathsoc's print shop! RIers: did you know AMS prints top math books distributed across the cou… 
"The fossil fuel industry can jam up Congress but it can't keep investors from demanding facts, plans and accountabi… "
"
"
Interesting article with great images. 
"Thanks @GovRaimondo for keeping RI and the Northeast at the forefront of climate action, even as @POTUS undercuts n… "
Another court requires consideration of cost of greenhouse gas emissions--because the law requires decisions based… 
"
What Exxon Mobil Didn’t Say About Climate Change "
Harvard's @NaomiOreskes analysis reveals @exxonmobil deceived public on climate change for yrs. No surprise to thos… 
ICYMI: @JimLangevin &amp; I introduced a bill that would help protect American air traffic from the misuse of drones. 
.@POTUS' plan leaves out details Americans expect when proposing an escalation of U.S. military involvement overseas 
"Halting scientific studies on the health effects of mining doesn't help coal country, it helps coal companies. "
Thinking of our brave @USNavy sailors aboard the USS John S. McCain. My thoughts and prayers w/ those still missing.
Koch brothers' infiltration of Trump Administration: is Trump just a noisy figurehead? Does he even know? 
Today Touro Synagogue read George Washington's letter with Imam Farid and Sister Jane. Beautiful! 
Deliberate ignorance is the reward to the fossil fuel industry for its funding of Republicans. 
"Sad news for police officers everywhere, and an occasion to remember and thank the brave officers who protect and s… "
"Not much of a buck: When facing real physical changes driven by science, just joining a caucus doesn't cut it. "
""
Great to join the RI Health Center Association &amp; their members to celebrate Health Center Week w/ @SenJackReed &amp;… 
"&amp; Nathanael Greene, said by Gen Cornwallis to be ""more dangerous than Washington"" in Rev War. The statue was the 1st sent by any state."
"Proud of RI's statues in Capitol Building: one is Roger Williams, founder of RI and religious freedom. "
"As monuments to the dark chapters of our history are taken down around the country, it’s fitting that Bannon topples too. Good riddance."
"Steve Bannon traded on fear and racial animus on the Trump campaign, and he embodied that toxic spirit in the White House."
"Trump ""sold his shamelessness as fearlessness and his charlatanism as charisma, and people believed."" "
""
Good riddance again. 
Not sorry to see statue of author of infamous Dred Scott decision go. Good riddance. 
Nothing smart about ignoring flood risk &amp; sea level rise. Remember King Canute; political edicts can't stop tides. 
"I agree w/ @JeffFlake: ""America would be a lesser country without Manuel Chaidez, and so many like him."" "
Not many Senators get a backdrop like this! 
Automakers agreed to fuel standards &amp; are now pressing EPA to roll them back. That’s bad for the climate &amp; for driv… 
Grieving the loss of Confederate statues the day after Heather Heyer's memorial service? What's wrong with this man? 
Great talk w/ RI Latino leaders &amp; small business owners about how I can support them in Congress on important issue… 
I'm one of those democrats. My plan to put a fee on carbon pollution would reduce emissions &amp; give $2T to the Ameri… 
It was my great honor to present the Bronze Star Medal to the family of the late WWII hero Walter Feldman. 
Bright spot in week: my talk w/ Matunuck RI's Girl Scout Troop 560 about threats facing our oceans &amp; how everyone c… 
.@NUWCNewport is leading the world in undersea technology R&amp;D. Great to see the latest innovations for the @USNavy… 
It's hard to put into words how deeply disturbed I am that we have a President who defends neo-Nazis and white supr… 
.@POTUS this is nothing short of foolish. You are putting new infrastructure at risk of serious flood damage at the… 
@realDonaldTrump .@realDonaldTrump what part of Nazi = evil do you not understand?
"Did you really just compare neo-Nazis &amp; white supremacists to the other side? @realDonaldTrump, there is one evil side here."
I stand with the thousands of DREAMers who want to contribute to the country they love and call home. They belong. #DefendDACA
Enjoyed hearing from the folks of the @Narragansett_RI Senior Association today. Thanks for coming out! 
Ever onward goes America. 
.@realDonaldTrump what do you plan to base climate policy on if not the facts? Let the real scientists in the room. 
RI stands with #Charlottesville in condemning acts of violence and hatred. It is not who we are. @ResistHateRI 
Beautiful day to celebrate Dominican culture and 30 years of the RI Dominican Festival. 
The hatred and violence we are seeing in #Charlottesville is shameful. Our unity will overcome this bigotry.
Glass half full: more than half of overdose survivors in RI ERs agreed to speak to peer recovery coaches. That's go… 
"Pruitt: ""Science should not be politicized."" Love the way these rascals accuse others of exactly what they're doing. Slick to point of slimy"
Thanks to the team at Fiberglass Fabricators for the tour. RI's composites industry is a national leader in making… 
Couldn't have said it better myself. 
RI's defense sector is central to our economy. We'll focus on growing it &amp; adding jobs at @SENEDIA_ Innovation Days. 
"So glad you're coming back, John. We want you back. We need a maverick now more than ever. @SenJohnMcCain "
"Marshall Scholar &amp; former adjunct @AEI says ""Trump is a toddler in a car"" of foreign policy. Can toot horn &amp; wiggle… "
Earth to Trump: Putin expelling U.S. diplomats from Russia does not remove them from U.S. payroll. 
This is fine but how about not cutting treatment programs? How about funding CARA? How about the next half billion? 
"Last we heard, your Secretary of Transportation was going to send Senate EPW Committee an outline infrastructure pr… "
"Last year, America's first offshore wind farm @DeepwaterWind began powering RI w/ renewable energy!… "
".@Chevron says it supports climate action, but political actions say opposite. Talk is cheap. No phony green talk.… "
Let's not let Trump's silly tweeting keep America from noticing what's happening. The world needs America. 
".@JRubinBlogger on why you don't have to buy into Trump/be a climate denier to be a principled, patriotic conservat… "
"The old lighthouse of American hero Ida Lewis, in Newport Harbor. "
@TheJusticeDept We can't go back to days when career attorneys of @CivilRights needed to 'be on the right team.' My… 
.@TheJusticeDept has a duty to uphold the rule of law—not to serve a particular political ideology by pursuing partisan initiatives.
.@realDonaldTrump attacks McConnell; Bannon gremlins attack McMaster; FBI raids Manafort; Johnson blames McCain vote on brain cancer. Unreal
Probable cause is sufficient cause to warrant a prudent person's belief that evidence of a crime will be found in the search.
You don't get a search warrant without probable cause. 
""
"Bad enough that scientists who wrote it feared the report would be ""suppressed"" by Trump fossil-fuel stooges. "
Spinnakers under the Newport Bridge. 
""
".@realDonaldTrump so far, you've called for big cuts to Medicaid that millions rely on for treatment &amp; a 95% cut in funding for @ONDCP"
This isn't a partisan issue. We need to put resources behind our comprehensive addiction law:… 
""
"Now, gov't experts feel they have to release the report to protect it against polluters &amp; creepy billionaires calling the shots in Trumpland"
But fossil fuel operatives planted in this administration attack any science that is inconvenient for the fossil fuel industry.
"Yet again, scientists have concluded fossil fuel emissions are changing our climate rapidly &amp; Americans are feeling… "
@realDonaldTrump .@LindseyGrahamSC @corybooker @SenBlumenthal &amp; I will fight for a judicial check to be put on… 
"When @realDonaldTrump feels the heat, he reverts to bullying. The Russia investigation will continue. Bullying to shift focus won't work."
"Sad, sickening and stupid. But we will still prevail. "
CO2 pollution is a big threat to our oceans. I hope @theNASEM's new study looks at how to remove it. My letter: 
Honored to present the Bronze Star Medal to family of the late WWII hero Walter Feldman. Read Walter's story:… 
""
"Why does Russia inquiry need to see Trump finances? Read @CSIS's ""The Kremlin Playbook"" &amp; @AtlanticCouncil's ""The K… "
"No matter where you stand politically, we can all agree that @realDonaldTrump shouldn't be able to fire Mueller. "
"ICYMI: My bill w/@LindseyGrahamSC, @CoryBooker &amp; @SenBlumenthal would put a judicial check on @realDonaldTrump's ab… "
Moon over Newport Jazz Festival 
This $26 million in Medicare payments for RI hospitals is a win for patients &amp; protects health care jobs. 
"It's more than ignoring reality. Leaving the agreement means ignoring majority of Americans. cc: @realDonaldTrump 
"
Ignoring reality &amp; leaving the Paris Agreement will go down as one of the worst foreign policy blunders in our nati… 
"In a win for our oceans &amp; shores, my bipartisan legislation to address the marine debris epidemic passed the Senate: "
""
""
Check out the volcano photo!! 
"Conservative columnist George Will: Trump ""feeble""; the ""alpha male as crybaby."" "
"My bill w/ @LindseyGrahamSC, @CoryBooker &amp; @SenBlumenthal would put a judicial check on @realDonaldTrump's ability to fire a special counsel"
"Now more than ever, it is important that we protect Special Counsel Mueller so that he can follow the facts whereve… "
"Check out this cannon recovered in Rhode Island from Oliver Hazard Perry's ship ""Revenge"" "
@senrobportman This bill helps providers like @ripa_ecp &amp; @ButlerHospital get the tools they need to care for those… 
Proud to work w/@senrobportman to support behavioral health providers’ use of health IT to improve care: 
"Good victory for transparency and accountability, led by Chief Judge Merrick Garland. "
.@Interior why was climate scientist @jclement4maine reassigned to accounting? I hope @doioig takes up @EnergyDems… 
"Congrats Dr. Elinore McCance-Katz from RI, confirmed as Asst. Sec. for Mental Health &amp; Substance Use. I look forward to working w/ you!"
""
Thanks to @RIHEALTH Director Nicole Alexander-Scott for sharing the steps Rhode Island is taking to combat the opio… 
""
The message our fishermen &amp; others closest to nature are sending is loud &amp; clear: climate change is happening. We o… 
""
""
""
""
""
It's time for trade deals that put U.S. workers first and a tax code that doesn't reward companies that ship jobs o… 
""
""
Fossil fuel-backed @HeartlandInst pushes fake news over real climate science in our classrooms.… 
"Under @SenAlexander &amp; @PattyMurray 's leadership &amp; thoughtful process, we passed a big education bill. Bipartisansh… "
"Reauthorization of JJDPA is a win for our justice system. Thanks, @ChuckGrassley for joining me to see this through. "
A good step. 
Tune in @cspan 2 around ~6p for my climate speech. This wk:@EPAScottPruitt &amp; @SecretaryPerry call for a showdown btwn real &amp; fake science
"Today in RI, Automatic Voter Registration became law! Thanks @NellieGorbea for your dedication to expand access to voting, not discourage it"
America’s 1st offshore wind farm is powering RI w/ clean energy &amp; this bill will spur the benefits of wind across U… 
ICYMI: I introduced legislation to price carbon pollution driving #climatechange &amp; putting Americans’ health at risk 
Yesterday marked the 52nd anniv of #Medicaid &amp; #Medicare becoming law! I'll keep fighting to protect both for the R… 
"Woah! Is this @POTUS default/shutdown threat? I hope not. But debt limit and funding cliff are ""other bills"" coming… "
"Wrong. Barrier to crossing state lines is setting up doc network, not registering w state. Health insurance w/o doc… "
"As the co-author w/ Sherrod Brown of the original public option, &amp; lead sponsor on our present bill, I'm glad to he… "
""
We know about climate and oceans. Here's what lakes can expect.   
"George W. Bush White House lawyer says ""Zinke should be removed"" for passing on Trump threat to my colleague Sen. L… "
"After serving as AG and US Attorney, I have confidence in Rhode Island police dignity and professionalism. "
"Republican strategist on White House: “The dysfunction is beyond strange — it’s dangerous."" "
"Writer for @washingtonpost for 30 years says Trump White House is ""imploding."" "
"Reagan speechwriter calls Trump ""weak and sniveling""; ""whiny, weepy and self-pitying."" "
What happens when incompetents take charge of grown-up departments w/ dangerous responsibilities. Long but good read 
"BTW yesterday's health care vote was to 51 because Republicans used ""reconciliation."" No 60-vote cloture involved."
We had the chance. We didn't. Stop whining. Beneath a POTUS. 
@realDonaldTrump That's not what our Intelligence Community said in its January assessment--and it's not what Bill… 
"As usual, the best analysis is by the legendary Ms. Drew. "
@realDonaldTrump .@realDonaldTrump 60 votes is how we work. Deal with it. Work with us. Whining not good in a POTUS.
""
Last night proved that the power is with the people. Thanks to everyone who made their voices heard. It worked.
"For now, millions of Americans, including thousands of Rhode Islanders, are relieved because they get to keep their health insurance."
"Insightful read on @EPAScottPruitt, someone who time &amp; again sides with the fossil fuel industry instead of the pub… "
""
""
"Magnanimous in defeat not Mitch McConnell's way, but still want to work with him on bipartisan health care improvements."
"McCain voted no and broke the Rs. Bill failed. Wow. Bless you, Maverick."
"I urge my Republican colleagues to end this disgraceful repeal effort for good, &amp; to join w/ Dems to improve our health care system."
They haven’t turned back the clock to when pre-existing conditions &amp; lifetime caps locked Americans out of health insurance they needed.
"Medicaid remains intact, much to the relief of the millions of seniors, children, and people with disabilities it covers."
"At least for now, Republicans’ push to take away care from tens of thousands of Rhode Islanders and millions of Americans has failed."
"That process was shameful, and the legislation it yielded a sham."
"Rather than work w/ Dems to build on gains we’ve made under ACA, Rs have engaged in worst partisan &amp; secretive process I’ve seen in Congress"
Wow. Lead Republican Senator on Floor will not answer questions about bill they just disclosed late tonight.
This devastating “health care” bill is the result of what happens when a party becomes beholden to a small group of… 
I'm writing this at 9:23 pm and we still don't have the Republican bill.
Chinese food in Senate cloakroom -- my fortunes. 
"
#ResistRepeal"
Then vote NO. People’s lives depend on it. 
"There is nothing ""skinny"" about 16 million Americans losing their health insurance. "
"Tonight, I voted in favor of tough sanctions on Russia, North Korea, and Iran &amp; I urge @POTUS to sign it into law. This cannot wait."
"You've got two NO votes here.
cc:@SenJackReed "
Republicans spent lunch trying to write a health care bill. Over lunch. You cannot make this stuff up.
""
"In today's Judiciary hearing, William Browder made it clear that there's no evidence that Russia is behind the Stee… "
"Prove it, Mr. President. We know the Russians worked in favor of one candidate during the election and it was not H… "
@realDonaldTrump @POTUS We will not let the White House drive our country backwards. 
"@realDonaldTrump I’m no longer surprised by your hypocrisy, @POTUS. But I am offended by the cruelty of this assault on LGBT civil rights."
"@realDonaldTrump serving their country in the military, you had your Justice Dept publicly argue in favor of workpl… "
".@realDonaldTrump, you promised the LGBT community you’d fight for them. Then, on the same day you pledged to ban transgender Americans from"
@SenateGOP @AmericanCancer @PPFA .@SenateGOP wants to take all of this away. I'll continue to oppose repeal for the… 
"@SenateGOP @AmericanCancer @PPFA The ACA has given people like Laura the chance to pursue her dreams, allowing her… "
@SenateGOP @AmericanCancer @PPFA And @PPFA is right when they say  “women will pay the biggest price of all.” 
"@SenateGOP @AmericanCancer Olive from RI relies on @PPFA for health care, and even though she was far away from hom… "
"@SenateGOP @AmericanCancer As @ACPinternists says, this bill “will not preserve and improve essential coverage, ben… "
"@SenateGOP @AmericanCancer .@AARP says, ""“This bill may have changed but the results are the same: higher costs and… "
"@SenateGOP As @AmericanCancer says, ""“This bill would leave patients and those with pre-existing conditions paying… "
".@SenateGOP's secret health care bill doesn’t have a friend, other than the creepy billionaires behind it. Consider the millions it'll hurt."
""
"@SenateGOP Judith treats patients with mental illness insured newly by ACA. Even w/ their challenges, “they don’t h… "
"@SenateGOP Lisa “thanks God everyday” she has affordable health insurance. Under R plan, premiums increase 5-8x for… "
@SenateGOP The ACA provides free preventive cancer screenings for Patricia and her family. She's very afraid this C… 
I've heard countless stories from scared Rhode Islanders about how the @SenateGOP plan to repeal the ACA will hurt them &amp; their families.
"I'm w/ @SenateDems tonight in demanding we see the secret @SenateGOP ""health care"" bill before voting on it. Stop hiding it from the country"
""
""
""
""
""
""
""
""
"It's how @realdonaldTrump changes the subject when he fears the Russia news: be mean to someone. I wonder, who's next?"
This return to discrimination based on zero facts is an attack on civil rights &amp; the brave LGBT Americans who alrea… 
Tonight I voted NO on @SenateGOP's first attempt to rob millions of health care. Tomorrow @SenateDems &amp; I need you to keep up the fight w/us
"A lot of you have asked what could be so bad about @SenateGOP voting to debate health care. Well, to put it simply,… "
""
Senate Republicans just voted for taking away health care from millions of Americans. There is absolutely no way to spin this.
"Wrong, Mr. President. Democrats have over &amp; over again offered to help improve our health care system. "
@SenateGOP I'll add that every Republican health care bill we have seen so far has been met w/ the opposition of vi… 
Every American needs to pay attention to what's happening today. @SenateGOP is putting a bill up for vote that no one has seen.
""
""
""
""
""
""
""
"Tune in: No matter how you look at it, the @SenateGOP's ""health care"" bill is a bad deal for Americans. "
""
""
""
Rhode Island families deserve good paying jobs &amp; today I'm joining @SenateDems to demand #ABetterDeal for them &amp; ev… 
Thank you for showing me around! Great to see an innovative manufacturer on track to keep growing in RI. 
"Washington works for the wealthy &amp; connected, leaving most Americans behind. @SenateDems are fighting back because… "
Honored to throw the first pitch at the @NewportGulls’ Mark Weed Memorial Scholarship Night on Friday. 
""
""
""
"""All agree""? For the record, I don't agree the President can pardon himself. No President or governor ever has. "
""
""
""
""
""
""
Worth a visit to Rocky Point to see the new signs created by @LeadershipRI to mark where rides used to be &amp; other h… 
"From @axios, on a #carbonfee happening in Congress: "
""
Not what these expert witnesses told our Senate Judiciary Committee: 
"Wrong:“If you’re looking at Russian collusion, the president’s tax returns would be outside that investigation,” sa… "
"Power of the purse is in Congress, &amp; even the House is not into Trump's budget extremism. Sen. Pell would be pleased "
"Wishing a happy 188th birthday to the @projo, which has published a newspaper every single day since 1829!"
Dark money's the mother issue that enables every other piece of mischief that bedevils Americans about our democracy 
".@SenSchumer is spot on. Untraceable, dark money in U.S. elections endangers our democracy. We need reform. "
""
""
""
""
""
""
"If you read anything today, read this: ""[The Trump admin] sidelined me in the hope that I would be quiet or quit."" "
Discussing adoption = discussing sanctions bc adoptions blockade was Putin's cruel &amp; petty response to US sanctions… 
""
""
""
""
"CBO reports the latest @SenateGOP ""health care plan” would leave 32mil uninsured, double premiums &amp; slash Medicaid. That's not health care."
.@SenWarren: Anybody who cares about the integrity of our democracy should care about foreign influence in elections 
""
"Out on the water last weekend doing ecosystem sampling on the F/V Virginia Marise, it's easy to remember why we fig… "
"@SenJohnMcCain My thoughts are with you, Cindy &amp; the whole McCain family tonight. Looking forward to seeing you in… "
.@SenJohnMcCain I know you'll face this challenge like all the others you've overcome before: with unbreakable resolve.
""
""
""
""
"Yes, @alfranken I want to know, too. What is @SenateGOP's reasoning behind opposing disclosure of campaign funds? "
"I'm ready to work w/ my colleagues on improving our system, but repealing the Affordable Care Act that works in RI is not the place to start"
"Now Republicans have taken health care reform from bad to worse. Their new plan leaves 32M uninsured, doubles premiums &amp; guts Medicaid."
"The threat is real &amp; if we don't take action to keep foreign money out of elections, the problem will only get worse "
ICYMI: My thanks to those who joined me to discuss how to protect our elections from foreign influence. Watch here: 
WATCH LIVE NOW: Protecting U.S. elections from foreign interference by strengthening campaign finance laws 
"
"
""
""
""
Kids should be safest in their own home. These tax credits would help families pay to remove lead once &amp; for all 
"With this @US_EDA grant, Rl's #composites industry has the elements in place to keep growing &amp; adding jobs. "
"Last night @SethMeyers took #ACloserLook at the Trump administration's ""transparency"" &amp; ever-evolving story on Russ… "
""
""
""
""
""
It is time for Republicans to turn the page &amp; join with Democrats to craft legislation that improves our health care system. We stand ready.
TrumpCare falters -again- for simple reason that erasing gains made under the ACA would be a disaster for our healt… 
"If you think @SenateMajLdr Mitch McConnell's process for ramming through ""Repeal &amp; Replace"" is weird, it's because… "
Leaving Senate vote tonight &amp; caught this rainbow over the Supreme Court -- could it mean ‘rethink Citizens United?’ 
"On TrumpCare: ""this much cruelty, wrapped in this much fraudulence"" says an economist who won the Nobel Prize. "
"On Pres. Trump ethics, ""we're not even keeping our own side of the street clean,"" ""we are pretty close to a laughin… "
"Huge props to colleague @JimLangevin for leading &amp; winning a Floor fight, protecting his climate amendment in defen… "
A victory for transparency &amp; a win for those of us who’ve been pushing for months to make these public:… 
It's not a question of who's better coached -- it's that TrumpCare is a rotten bill. 
"Not once they knew it was the Russians, as part of scheme to influence the U.S. election. No way. "
"If Republicans will come to the table on health care, there's a lot we can do in a bipartisan way to improve the system for everyone."
We're standing together in opposition to Trumpcare because all of the R proposals so far would strip health care aw… 
A good summary. 
"Best wishes to my colleague &amp; friend Sen. McCain for a speedy recovery. I look forward to working with you when you’re back, @SenJohnMcCain!"
This federal $ will restore the natural buffers along our coast that protect #RI homes &amp; businesses from rising seas 
Rising sea levels &amp; climate change are already affecting the way real estate appraisers in RI do their jobs. 
""
""
""
@tomcoderre Thank you both for the incredibly important work you do!
""
""
""
""
""
""
""
Check out this energy news round-up w/ @JimLangevin's DoD climate prep measure &amp; my carbon capture/utilization bill 
"This is the same train wreck of a health care bill, just sprinkled w/ sweetheart deals to try to scrape together en… "
""
""
@JohnCornyn And a couple more articles from your local Texas papers -- from just the last few days:… 
@JohnCornyn Glad to see you're finally joining the climate change convo. #progress. Here's a look at what it'll do… 
""
""
""
""
""
""
""
""
""
""
""
""
""
""
""
.@GinaRaimondo taking the lead on expanding opioid treatment &amp; prevention. Too many RI families have been affected… 
""
"People are good. People care. People will do great things, out of nowhere. "
"The mechanism: when floating iceshelves break off, ""the ice behind them is liberated to flow more rapidly into the ocean, raising seas."""
"Here we go.... Please see my ""Archipelago"" video -- less than 5 mins. "
More on the fire. 
"Hello, Smoke? Meet Fire. "
"Not on my watch, he won't. Not without a war. "
@FCC 
"Trump’s @FCC is rolling back #NetNeutrality protections, which would make the internet slower &amp; allow big companies… "
"Thank you, Director Boss, for sharing your perspective on the importance of Medicaid expansion in RI’s fight agains… "
"Regarding Trump/Russia investigations, I’ve heard a lot of questions from RIers about “collusion” &amp; what's a crime. "
""
""
This looks nothing like #DrainTheSwamp. 
New @CFPB rule ensures bank consumers can enforce rights in court in front of a jury. No more hiding behind… 
"But Rs keep going on ""mean"" bill because this is who they're really working for. All secret, just like their dark $$ "
They have plenty of reasons to be ashamed of it.
"Most Republicans spent last week ""in the political equivalent of the witness protection program"" to hide from their health care bill."
Good. Because this was a truly terrible idea. 
"Support for a carbon tax, or ""fee"" as we call it since it doesn't go to fund government as taxes do. "
Celebrated 42 years of Cape Verdean independence with RI’s Cape Verdean community at India Point Park yesterday. 
"@realDonaldTrump I'm with @LindseyGrahamSC on this one: ""It's not the dumbest idea I've ever heard, but it's pretty close."""
"We should be very, very wary of ""impenetrable Cyber Security unit"" @realDonaldTrump discussed with Putin. Russia NO… "
Laying the keel for the future USS Oregon. Electric Boat is building some of the finest vessels to sail the seas ri… 
We know the Kochs are not beholden to the GOP. The problem is the GOP is beholden to the Kochs. 
"Evening crowd gathered last night to see @NewportFILM showing of ""Chasing Coral."" Great oceans film. "
""
Awful. Seems @EPAScottPruitt's axing scientists from advisory committees to make way for polluter-friendly advocates 
"If the @SenateGOP health care bill is so great, how come so many of them spent the 4th of July under the couch? "
"Thanks, @AGKilmartin, for working to protect our students &amp; continuing to have Rhode Island help lead the way! "
Excellent @WoodsHoleResCtr rebuttal re: carbon pollution fueling climate change &amp; #ParisAgreement. 
"Approaching Tactical Base Gamberi, Afghanistan. "
"Loading for departure at Bagram Air Base, Afghanistan. "
An honor spending Independence Day with our brave soldiers in Afghanistan. 
The turn continues. 
""
""
""
""
Sounds good! 
"Republicans tried to hide that their awful ""health care"" bill would gut Medicaid. New CBO score shows the damage is… "
""
An American flag in our helicopter windscreen flying over Kabul. Happy Fourth to all who serve! 
Wishing Rhode Islanders &amp; Americans everywhere a happy Independence Day from Afghanistan! 
"Loading up for Islamabad, Pakistan, over the weekend on a Congressional Delegation trip led by my friend,… "
""
""
""
Looking forward to celebrating the Fourth of July surrounded by heroes in Afghanistan on a trip led by… 
Last one out turn out the lights -- science office closes at @realDonaldTrump White House. 
Krauthammer: This is what it sounds like when you’re living in a banana republic. This is how...the worst dictator...wld talk abt opponents.
".@maureendowd: President's ""deteriorating psychological state.""  She's seen a lot. This is getting really bad. "
Good for @RISecState Gorbea for standing up for RIers and fair elections. Kobach’s record and this commission’s mot… 
Worthy piece by a W speechwriter. 
"I hope they try it. There is good work to be done and HELP (Health, Education, Labor &amp; Pensions) is a good committee "
"Department of Slowly Catching On. From Politico: VP Pence is the Koch brothers' ""beachhead in the administration."" "
Impressive graphics on marine plastic debris. Good that bipartisan action is under way in Congress.… 
Wow. Even Ann Coulter says @realDonaldTrump is following the Paul Ryan/Goldman Sachs/Donor agenda. What ever happen… 
"#DERA has helped @RhodeIslandDEM leverage $2.7M in federal funds to 
reduce fuel costs &amp; promote cleaner air. "
"By repealing the #CleanWaterRule, @EPAScottPruitt again proves he values polluters &amp; special interests over public… "
""
"@DanaDillon @SenJackReed @NAMInRI Great to meet with you all today, and Jeremiah, congrats again on your… "
""
""
""
""
"""Make no mistake—Russia will attack again. Yet...America hasn’t made any progress towards building a nonpartisan sy… "
.@JimLangevin in action! 
"The debate happened. It's called ""peer review."" Your side never showed up, Mr. Secretary. "
""
""
"Thank you for your leadership, Jim! #ClimateSecurityIsNationalSecurity "
New study shows 3x as many Rhode Islanders would be uninsured by 2022 under the @SenateGOP's sham of a health care… 
"
"
""
Our bipartisan bill ends the anonymity that allows bad actors to skirt law enforcement through shell corporations. 
"While we celebrate our pride in June, I'll keep fighting for justice &amp; equality for our LGBTQ friends, family, &amp; neighbors 12 months a year🌈"
I stand w/ our LGBTQ community year-round &amp; am especially proud today of our 1st-ever Senate resolution designating… 
""
""
""
""
""
""
""
Watch &amp; 
""
"As opioid addiction continues to grip more families, this federal $ will help train more specialists who can treat… "
98% of calls &amp; mail I've gotten from RIers about Republicans' health care bill oppose it. 98%. Still no @SenateGOP… 
""
@SenateGOP It's a matter of life and death. @SenateGOP needs to actually listen to Americans this time. Maybe even… 
@SenateGOP Seniors &amp; Rhode Islanders with pre-existing conditions in the family just got a BIG REPRIEVE! But it ain… 
"Doctors, patients, seniors, every major health org – we've known all along this @SenateGOP bill is garbage. It'll still be awful in 2 weeks."
WATCH &amp; 
""
"This is why @AARP and advocates for seniors hate the Senate Republican ""health care"" bill: "
"As federal leadership shrivels under @realDonaldTrump, mayors fill the leadership gap. "
"Honored to receive @MigraineDisordr award for authoring #CARA, a bipartisan law to combat opioid addiction &amp; suppor… "
Hope this serves as a wake-up call for @realDonaldTrump &amp; Rs in Congress—abandon this heartless legislation &amp; start listening to Americans.
"RIers are right to wonder why Republicans are hell-bent on voting on this measure. Beyond scoring political points for POTUS, I have no idea"
"&amp; blasting enormous holes in state budgets, decreasing access to opioid treatment, &amp; stripping coverage for the basic care Americans expect."
"&amp; that’s on top of the long list of mean things we already knew were in this bill, like cutting 100s of billions to cover seniors &amp; children"
"This CBO report paints a dark picture if Republicans jam thru their bill: 22M would lose coverage, just for tax breaks to mil &amp; billionaires"
"Yes, you read that correctly. @SenateGOP made their awful health care bill even meaner today by adding a waiting pe… "
""
""
""
""
""
""
"A nat'l green bank would support @RI_InfraBank's work to create jobs, save consumers money &amp; limit carbon pollution. "
IMF says fossil fuel subsidy in US is $700B PER YEAR -- yet WSJ focuses on tiny subsidy to solar. Who do they serve? 
"This weekend brought an astronomic tide, or ""king tide,"" to Rhode Island, and MyCoast has the photos: "
"Two cool articles on the end of Big Oil, and how rapidly it could happen.

"
Hoo boy!! @nytimes 
Our other political party -- billionaires welcome. 
Why do Republicans insist on a health bill everyone hates? Look who's pulling their chain: 
Great clip! 
""
""
"@GladysSarji @JeffersonAwards @nationalgridus Congrats, Gladys! And keep up the great work!"
"Hosted a workshop today for RI cities, towns, &amp; organizations to help them learn how @CorpsNewEngland can support w… "
""
American Meteorological Society rips Sec. Perry for scientific ignorance (science comprehension dissolves in oil): 
"Thanks for having me. We need to work together to address the dark money, fake news &amp; shell corporations putting ou… "
"Congrats to a great RI teacher, @grahamjennifer2, on being recognized as a 2017 @PBS Digital Innovator!… "
"Army Corps briefing today for RI towns and agencies: ""We consider sea level rise in everything we do."" "
""
"REAL health care progress happening here at @RIQI_Org /Integra event today, not the shameful DC raid on Medicaid to… "
Proud to see how far @RIQI_Org has come with new @carenewengland @RIPrimaryCare partnership that will improve healt… 
Abysmal. This wretched Senate GOP health care bill guts Medicaid to give the wealthiest a fat tax break
"Sure enough, an awful, closed-door process has yielded an awful bill that guts Medicaid w/ even deeper cuts than the wretched House version."
@realDonaldTrump @SenateGOP &amp; just a reminder: Republicans went to reconciliation (cutting us out) the day after Se… 
"#BetterCare?! You must be joking. How can you call stripping coverage from millions of Americans better—or even ""ca… "
"I think you're confused, @realDonaldTrump. We asked to be part of the process. @SenateGOP wrote meaner health care… "
".@SenateGOP, how can you honestly be for the middle class but then rob from disabled kids, sick &amp; elderly to give the rich a huge tax break?"
"Under attack in this even meaner Senate GOP #HealthcareBill: state budgets, opioid treatment, care for seniors, students with disabilities."
The only place this rotten bill belongs is in the garbage. 
The @SenateGOP’s Trumpcare 2.0 = a massive tax cut for millionaires &amp; billionaires dressed up as a health care bill.
Tax cuts to the top 400 U.S. taxpayers compared to 4 states’ Medicaid cuts. $33 billion! 
.@SenateGOP say they want us to work w/ them but in January they passed a budget setting up a fast-track process to repeal ACA w/o Dem votes
This echoes @PJK4brainhealth's strong warning. I went to WH weeks ago; nothing since but bad budgets &amp; AHCA cuts 
Trump can be the target of an investigation without a target letter. Depends on the circumstances. See USAM:… 
RI students Phoebe White &amp; Andrew Cavanagh placed first in their category at 2017 #NationalHistoryDay. Bravo! @NEHgov
"What kind of health care bill would be - as a Republican staffer called it - ""stupid"" to show the American people? Certainly not a good one."
"Wow. ""We're not stupid!"" That's what a Republican staffer told a reporter about why they've kept their health care… "
""
""
@smurdock377 Great to hear from you &amp; @nature_wonks today. Keep up the good work!
""
""
""
"Cutting Medicaid hurts those kids &amp; our schools across the country, &amp; would further strain state budgets. Talk abou… "
#RI’s Medicaid program spends $64M in schools to take care of our most vulnerable kids. Half that money comes from the federal government.
"Of the little we know, the secret Republican health care bill guts Medicaid. That means funding cuts for schools &amp; students w/ special needs"
AFTERNOON READ: The Big Lie Republicans Are Using To Defend Their Secret Health Care Bill 
Airlines now in on the climate change “hoax”? 
Their proposal looks a lot like the Whitehouse/@brianschatz carbon fee bill. Ready to negotiate! Need 1 Republican. 
"From Secretary Schultz, Steven Hawking, a Walton (of WalMart) and big companies comes the promise to ""promote"" clim… "
Andddd this shows how I feel about the secret health care bill Republicans are trying to jam through Congress.… 
"Creepy science denial rears its ugly head, and from Trump's overseer of the national labs that do the science! "
"@JohnCornyn @philmattingly BTW, something *is* happening in secret if you admit you’re going to show us later."
"@JohnCornyn NOW: @PhilMattingly today: @JohnCornyn: 'Nothing happening in secret. In fullness of time, we'll all se… "
"THEN: @JohnCornyn on Jan. 7, 2010: ""The people have a right to know what is happening behind closed doors with secret HC negotiations"" ..."
"We will see what ""support"" appears from ExxonMobil -- sayin' it ain't doin' it. "
"This #WorldRefugeeDay &amp; always, I stand #WithRefugees. Let's recommit to supporting the 65M displaced by conflict &amp;… "
""
We don't know much about Senate Republicans' secret health care bill but we do know it guts Medicaid &amp; gives riches… 
""
This is not normal. Senate Republicans are refusing to hold hearings on #Trumpcare. They won't even #ShowUsTheBill.… 
"WATCH: I'm joining @SenateDems to call out Republicans for trying to secretly jam through #Trumpcare, a garbage bill "
"However loud, persistent &amp; powerful the climate denial operation has been, we have to remember it's built on lies.… "
RI has always been a spark of innovation. Congrats to @WaterFireProv on continuing the tradition with this new arts… 
"The great Rose Weaver opens @WaterfireProv building with ""Summertime."" "
Our thoughts and prayers to the people of Portugal. 
""
""
Always enjoy marching in the @Pride_RI parade! 
