This bill will allow #MO community banks to expand access to credit for families &amp; #smallbiz owners. Learn more: 
This is why we need a simpler tax code. It‚Äôs time for pro-growth #taxreform 
""
Congratulations to @WUSTLMed‚Äôs Dr. Scott Hultgren on being elected to @theNAMedicine 
Look forward to working w/ @MissouriState‚Äôs David Trachtenberg in his new role at the Department of Defense 
Tune in as I join @jallman971 on @971FMTalk this morning at 7:35 CT. Listen live here: 
#STL &amp; #KCMO would be prime locations for @Amazon‚Äôs second HQ 
Victims of domestic abuse deserve to feel #SafeAtHome. Here‚Äôs how my bill w/ Sen. Klobuchar would help: 
.@NWMOState students gained hands-on experience in emergency &amp; disaster response @ 5th Annual #MOHope 
"Our country‚Äôs 70,000+ page tax code is hurting Missourians. That‚Äôs why we‚Äôre working to provide #taxreform to help‚Ä¶ "
.@CSPAN is heading to #JeffCity tomorrow 
Understanding #behavioralhealth is part of understanding overall health. 
My statement on President Trump‚Äôs Iran announcement: 
Thanks @TheBrentMcGinty for an insightful discussion on how we can continue to improve these vital services 
Missouri is leading the country in how we treat mental &amp; #behavioralhealth 
üì∫ Watch to learn more about my recent visit to the Ozark Center in Joplin 
"#OTD 1775, @USNavy was founded by the Second Continental Congress. Happy #242NavyBDay "
""
""
"In St. Joe @ Family Guidance Center, thanks for a great dialogue &amp; update on the Excellence in Mental Health Act pi‚Ä¶ "
Proud to say Missouri is leading the country in improving/expanding access to mental &amp; #behavioralhealth treatment 
""
It‚Äôs time we treat mental health like all other health in this country. 
We‚Äôre moving forward with how we treat mental &amp; #behavioralhealth 
Visited @SwopeHealth in Kansas City today to examine ways to strengthen community mental &amp; #behavioralhealth servic‚Ä¶ 
Attended @SHSofMO‚Äôs meeting last week. Proud to be a part a preserving our history for future generations. üì∑:‚Ä¶ 
""
Spoke @ Ozark Center in Joplin re Excellence in Mental Health Act. Learn about recent efforts to expand services‚Ä¶ 
""
Thanks to the med pros @ Family Care Health Center in #STL for your insights on expanding access to‚Ä¶ 
Stopped by Northeast Missouri Health Council in Kirksville to discuss how we can work together to improve mental he‚Ä¶ 
Congratulations Dr. Kleinsmith 
#TaxReform means hardworking families get to take home more of the money they've earned 
Glad I could attend Jeff Jensen‚Äôs swearing in. I know he‚Äôll do a terrific job as US Attorney for Eastern District o‚Ä¶ 
"Good news - @POTUS signed my bill, paving the way for construction of Riverside Bridge "
"On #WorldMentalHealthDay, check out the steps we‚Äôre taking to ensure mental health is treated like all other health "
I‚Äôll continue working w/Trump admin on all-of-the-above energy policy that supports #MO ag industry &amp; manufacturers 
I‚Äôve fought excessive energy regulations for years. Glad to see Trump admin will put a stop to these harmful rules 
.@EPA announcement is a huge relief for Missourians who faced double-digit utility bill hikes under so-called CPP 
""
We need a tax code that encourages higher take-home pay &amp; better jobs. #TaxReform 
"Since #SafeAtHome began in 2007, 4,000+ Missourians have been protected through the program. "
I commend the Trump administration for taking action to ensure Americans‚Äô First Amendment freedoms are protected 
"Missouri is home to more than 260,000 manufacturers. I'm proud to celebrate #MFG17 &amp; our state's manufacturing indu‚Ä¶ "
Tune in as I join Tom &amp; @carriesmanyhats on the @tombradleyshow at 7:30 am CT. Listen live here: 
Proud to support @LindseyGrahamSC‚Äôs bill to protect #paincapable unborn children 
It‚Äôs unacceptable that 50% of Americans are living paycheck to paycheck. #TaxReform 
""
Wonderful to meet w/ Elijah &amp; his dad re: #ABLEAct. Elijah is an impressive young man &amp; an inspiration to us all‚Ä¶ 
"After a decade of slow wage growth, Americans deserve #taxreform that allows workers to keep more of their income "
""
Look forward to joining @McGrawMilhaven &amp; @kells_jackson on The McGraw Show at 7:20 am CT. Listen live here: 
My bill w/ @SenStabenow will help get us closer to our goal of treating mental health like all other health. 
""
9 out of 10 taxpayers use tax preparer or computer software to do their taxes. We need a simpler tax code 
Thank you for the honor 
"#SafeAtHome bill adds a layer of protection for victims of domestic violence, rape, stalking &amp; human trafficking "
"Glad POTUS chose R.D. James, an accomplished engineer &amp; #MO farmer, to serve as Asst. Sec. of the Army, Civil Works "
Glad that @DeltaRegional will invest key resources to improve infrastructure &amp; expand access to health care in #SEMO
Jeff Jensen‚Äôs commitment to building safer communities is exceptional. I wish him well in his new role as US Attorney for Eastern Dist of MO
"Proud that Stephen Censky, a strong voice for #MO farmers, received unanimous support to serve as Dep. Sec. of @USDA "
"Did you know our tax code is more than 70,000 pages long? It‚Äôs time to simplify the tax code. "
Thank you Matt Clark for 10 years of great baseball &amp; great memories for people w/ special needs 
The CHIME Act will ensure that community health centers are able to provide vital health services to those in need 
"Congratulations, @CarolStark30. A great pick for head of #MO Press Association"
Mr. James's dedication to public service &amp; commitment to safer communities will make him an excellent U.S. Marshal 
"

‚û°Ô∏è "
My #SafeAtHome bill w/ Sen. Klobuchar will help strengthen privacy protections for victims of domestic violence.‚Ä¶ 
"Grateful for the law enforcement &amp; medical personnel who responded to the attack, and are working around the clock to save lives"
Saddened by the tragic loss of life in #LasVegas. My thoughts are with all of the families affected by this horrific attack.
More than 500k Missourians rely on community health centers. This bill will help ensure these centers remain open: 
.@SenStabenow &amp; I just introduced legislation to reauthorize critical funding for community health centers. 
Victims of abuse &amp; domestic violence deserve to feel safe &amp; protected in their own homes. 
4 #STL schools have been recognized as National Blue Ribbon schools 
""
I joined w/ @MissouriSOS &amp; @RepJasonSmith to intro #SafeAtHome Act to protect victims from their abusers 
Proud to join you 
More jobs üë∑ Fairer taxes ‚öñÔ∏è Bigger paychecks üíµ 
#SafeAtHome Act will help strengthen privacy protections for victims of domestic violence
What is an address confidentiality program? It‚Äôs a way to help victims be #SafeAtHome 
Victims of abuse and domestic violence deserve to feel safe and protected in their own homes. #SafeAtHome
.@NNEDV &amp; @NCADV endorsed my bill to protect victims‚Äô true addresses from their abusers &amp; help them be #SafeAtHome
"If fed agencies/courts require victims to reveal their true address, they could be placed in danger. #SafeAtHome Ac‚Ä¶ "
Sen. Klobuchar &amp; I intro‚Äôd #SafeAtHome Act to help protect domestic violence victims from their abusers 
""
We have a responsibility to ensure our veterans have access to quality behavioral &amp; mental health treatment 
"Welcome back, @SteveScalise "
""
.@SenBlumental &amp; I intro‚Äôd legislation to help more veterans receive the counseling &amp; support they need 
We need to simplify our burdensome tax code to provide relief for Missourians. 
It‚Äôs Girls in Future Technologies Day in #KCMO ‚Äì an incredible opportunity for girls to explore #STEM 
Premiums have skyrocketed under #Obamacare. MO families can't afford a tax that will drive costs up even further 
"Thanks for stopping by, @PresidentJazz "
""
Looking forward to seeing @POTUS sign my bill to replace Riverside Bridge into law 
Did you know Dunn Ranch Prairie is home to one of Missouri‚Äôs largest wild bison herd? 
"Congrats to MO Principal of the Year, @RSHSPrincipal &amp; thanks for all you do to provide Rockwood Summit HS students‚Ä¶ "
"Thank you, Ozark Center, for 10 years of providing critical behavioral health care at Magnolia Heights in Joplin"
""
I‚Äôm proud to announce that my bill to help replace the Riverside Bridge is headed to POTUS‚Äô desk. 
Our current tax code is a burden on Missouri families &amp; #smallbiz. 
Expanding access to broadband is a win for all Missourians ‚¨áÔ∏è 
Look forward to joining @MarkReardonKMOX this afternoon at 2:20 CT on @KMOX. Listen here: 
Our tax code should help working families get ahead. Watch here for more of my thoughts on tax changes: 
It was an honor to be there 
"#MO families &amp; #smallbiz need a tax code that works for them, not against them. "
.@WOWaquarium in #SGF is officially open 
#MO is sending @NationalGuard to help U.S. Virgin Islands recover from Hurricane #Maria 
""
#MO clinics will receive new grant funding to support treatment for mental health &amp; combat opioid epidemic 
".@WOWAquarium will be home to 35,000 fish, mammals, reptiles, amphibians &amp; birds &amp; 1.5+ miles of trails "
Tune in as I join @MarcCox971 on @971FMTalk this afternoon at 1:25 pm CT. Listen live here: 
""
.@MizzouEngineer researchers‚Äô laser study could mean a breakthrough discovery on how we treat cancer 
We‚Äôre now one step closer to providing military families with the flexibility they deserve. #FY18NDAA 
Joined @SenStabenow in urging Senate @GOPHELP Committee to extend funding for community health centers. 
More than half a million Missourians rely on Community Health Centers. We can‚Äôt allow funding for CHCs to lapse: 
@USACEHQ @TableRockLakeMO .@TableRockLakeMO community deserves to have their voices heard on new shoreline manageme‚Ä¶ 
"Sent a letter to @USACEHQ urging them to halt @TableRockLakeMO plan, which will hurt families &amp; businesses "
""
"My bill will help ensure houses of worship can continue providing food, shelter, &amp; more during natural disasters: "
Look forward to joining @jallman971 on @971FMTalk this morning at 7:35 CT. Tune in live here: 
"Proud #MO is home to Whiteman AFB &amp; Rosecrans ANGB. On behalf of Missourians, thank you #USAF for 70 yrs of service &amp; sacrifice"
"#OTD 70 years ago, the @USAirForce was founded. Thank you to all the brave airmen who serve &amp; keep us safe. "
Get a first glimpse of the new @WOWAquarium in #SGF. Doors open this Friday 
.@Glassdoor ranked #KCMO &amp; #STL in the top 5 best cities for jobs this year 
"As a fmr history teacher, it‚Äôs great to see people who are passionate about preserving our history "
Strengthening border security must be part of the path forward on immigration 
We need to make changes in the tax code that will increase take-home pay for hardworking families 
"Today I joined Chris Wallace on @FoxNewsSunday to discuss border security, taxes, and unrest in St. Louis "
My statement on the Jason Stockley verdict: 
Tune in as I join Morningline with Steve Helms on @NewsTalk560 at 6:45 CT. Listen live here: 
"My Military Family Stability Act, which is included in #NDAA, will provide more flexibility for military families "
"#NDAA includes vital Missouri defense priorities, including a new hospital @FortLeonardWood &amp; funding for NGA West "
Bringing a taste of the Hill to the Hill with #STL toasted ravioli &amp; gooey butter cake 
""
"Thanks for all your hard work this summer, Lauren "
"From @weeklystandard: Graham-Cassidy advances pro-life goals, redirects $ to CHCs, restores Hyde Amd protections "
"@LindseyGrahamSC @BillCassidy Graham-Cassidy bill repeals #Obamacare mandates, protects those w/ pre-existing condi‚Ä¶ "
Proud to support @lindseygrahamSC @billcassidy bill that would provide better health care for Missourians 
"As a member of the approps committee, I‚Äôve been proud to advocate for C-130 modernization at 139th Airlift Wing "
Great job @WUSTL &amp; @SLU_Official on moving up in @USNews best colleges for 2018 üëç 
Outdated tax policies are taking money out of the pockets of hardworking Missourians 
""
Look forward to joining @KMBZradio this morning at 6:40 am CT. Tune in live here: 
""
"

INFO üëâ "
Glad that #NDAA includes my bipartisan Military Family Stability Act. Watch to learn how it would make a difference‚Ä¶ 
.@Habitat_Org Joplin volunteers are building a new home for disabled Army veteran Ronald King &amp; his wife 
"#MO will soon be home to a Vietnam Memorial sister wall, an important symbol of our nation‚Äôs history "
Passing #NDAA is key to ensuring servicemembers have the resources they need to effectively perform their missions 
Honored to receive @ACSCAN‚Äôs Nat‚Äôl Distinguished Advocacy Award for my efforts to increase federal investment in‚Ä¶ 
Chatted w/ Charlie Dickinson from Missouri @VFWHQ about the need to continue making sure vets have care &amp; benefits‚Ä¶ 
""
@VVMF To new Missouri‚Äôs Natl Veterans Memorial Park in Perryville. The park will include nation‚Äôs 1st permanent/ful‚Ä¶ 
Honored &amp; humbled to join Missouri Vietnam vets in sending off flags flown over @VVMF. The flags now are starting a‚Ä¶ 
"Thank you for the warm welcome, look forward to continuing our work together to advance the fight against cancer "
"Thank you to the first responders, service members &amp; intelligence professionals who work tirelessly to keep us safe "
"On #September11th, our brave first responders showed the world the American spirit would never be broken. "
"Today, we pause to remember the thousands of Americans who were killed on 9/11 &amp; pray for the families who lost so‚Ä¶ "
We remember those killed on #September11 &amp; honor brave men &amp; women who put their lives on the line to keep us safe 
A pattern of sustained investments in the @NIH will lead to more treatments &amp; cures for our most deadly diseases 
Our tax code has nearly doubled since 1985. MO families need a simple &amp; fair tax code. 
""
üì∫: Why we should continue to invest in @NIH 
""
""
I toured new @JordanValleyCHC behavioral clinic last week to see how they're improving primary &amp; mental health care 
Labor/HHS bill prioritizes resources for program that have most benefit for most Missourians 
Congrats @Chiefs on starting the season with a W 
The Labor/HHS bill reflects Missourians‚Äô priorities and includes critical resources for our state: 
Another $2 Billion @NIH increase will give experts more resources to help them treat &amp; cure the most deadly diseases 
""
""
""
"Labor/HHS bill increases maximum #PellGrant award, makes college more affordable for #MO students "
"As Chair of Labor/HHS, we‚Äôve worked to eliminate or consolidate a total of 36 programs totaling over $1.2 billion over past 3 years"
Tune in as I join @McGrawMilhaven &amp; @kells_jackson on The McGraw Show at 8:35 am CT. Listen live here: 
"Labor/HHS bill invests $816 million in critical resources to combat opioid abuse, a 440% increase over past 2 yrs "
The @NIH is one step closer to receiving its third consecutive $2 billion increase for lifesaving medical research‚Ä¶ 
"After seeing #Harvey footage on TV, 11 yr old Jack Spencer from Carl Junction raised $1,000 for Harvey victims. "
""
.@WUSTLMed received $46M grant from @NIH to research new therapies &amp; speed their application to improve healthcare 
#MO farmers/ranchers play key roles in meeting world food demand. I‚Äôm working to ensure they have tools to succeed 
My full statement on the Trump Administration‚Äôs #DACA announcement ‚¨áÔ∏è 
"Tax cuts &amp; pro-growth policies will strengthen our economy, boost wages &amp; help families. More from my @KCStar op-ed: "
America should not be forfeiting jobs &amp; economic growth to other countries b/c of our broken tax code 
It‚Äôs been far too long since hardworking families saw the kind of change in take-home pay that makes a difference 
My op-ed in today‚Äôs @KCStar: families &amp; small business need tax relief 
"Today I joined @ChuckTodd on @MeetThePress to discuss North Korea, Hurricane Harvey and the need to provide tax rel‚Ä¶ "
Lowering taxes is key to creating better jobs and more take-home pay for American families. 
President Trump is right to leave all options on the table in dealing with the North Korean threat 
.@JordanValleyCHC &amp; Pathways Community Health are doing a great job improving &amp; expanding access to quality health‚Ä¶ 
Toured @JordanValleyCHC's new behavioral medicine clinic to learn more about how they‚Äôre improving behavioral &amp; men‚Ä¶ 
"It was great to join students, faculty, &amp; local officials at @CrowderCollege to celebrate the MARET Center‚Äôs 5th an‚Ä¶ "
Enjoyed catching up with Col. Oliver North and Bishop Rice at last night's @VitaeFoundation dinner in #SGF 
Toured Ozarks Medical Center today in West Plains &amp; spoke w/medical professionals &amp; law enforcement about efforts t‚Ä¶ 
It‚Äôs time to end the digital divide &amp; bring broadband access to more Missourians 
""
""
"Spoke @ Delta @MUResearchCtr field day about how #MO is uniquely positioned to meet world food demand, which is exp‚Ä¶ "
A broken tax code is hurting Missouri families &amp; #smallbiz owners. It‚Äôs time for pro-growth tax policies that work for the people.
Tune in as I join @jallman971 on @971FMTalk this morning at 7:35 CT. Listen live here: 
Look forward to joining @POTUS in #SGF tomorrow &amp; working w/him on pro-growth tax policies that will help #MO families &amp; #smallbiz
Rescue crews &amp; volunteers from St. Joseph are heading to Houston to help with #Harvey rescue efforts 
".@AnheuserBusch in #STL sent 50,000+ cans of water to #Harvey victims "
""
"From Missouri State Fair to Senate floor, I've voiced my commitment to expanding broadband access to rural Missouri‚Ä¶ "
""
You can find my full statement &amp; the @USGAO report here‚Üí 
""
Congrats to @Mizzou's Hannah Stevens for taking silver at World University Games for 100-m backstroke üèä‚Äç‚ôÄÔ∏è. 
.@USGAO report affirms @NGA_GEOINT‚Äôs process in selecting #STL for new West HQ. My full response ‚Üì‚Ä¶ 
Glad that @POTUS will be in Springfield to highlight economic benefits that pro-growth policies will have for #MO f‚Ä¶ 
"Ending the #DigitalDivide will help ensure rural communities have the same opportunities to grow, compete &amp; succeed: "
""
Carthage kids were üìöüêõ this summer - more than 455 kids participated in the library‚Äôs summer reading program 
"While we were looking up at the #SolarEclipse2017, @Mizzou students/faculty were observing effects on plants/animals "
Had a great view of #SolarEclipse2017 with Charlie 
"If we keep investing in @NIH, they‚Äôll keep making life-saving breakthroughs. "
""
#OnThisDay President Reagan visited the @MOStateFair in 1984. 
.@Mizzou scientists are collecting data for @NASA during #SolarEclipse2017 
#MO National Guardsmen @ Aviation Classification Repair Activity Depot in #SGF are doing critical work to support o‚Ä¶ 
""
#SolarEclipse2017 is Monday - here‚Äôs everything you need to know &amp; where to watch in Missouri 
Nearly 2/3 of rural Missourians don‚Äôt have access to broadband. That needs to change. 
Spoke w/ @MO_Farm_Bureau on importance of expanding broadband access to rural Missouri @MOStateFair 
"Spoke w/ @MOElectricCoops about how expanding rural broadband will help #MO farmers, ranchers, students &amp; #smallbiz‚Ä¶ "
No @MOStateFair visit is complete without a Tiger Stripe &amp; Butter Pecan ice cream. 
Enjoyed hearing about all of the exciting things happening at @MissouriState 
Stopped by to see @MOStateFair‚Äôs Volunteer Fire Dept ‚Äì thanks for keeping us safe at the fair 
Talked about #WOTUS &amp; what we‚Äôre doing to get harmful regulations out of the way of #MO farm families #MOStateFair 
Chatted w/ @CAFNRDean at @MOStateFair ‚Äì always great to hear what @CAFNR students &amp; faculty are doing to improve‚Ä¶ 
""
.@POTUS signed Arla Harrell Act into law. This bill will help vets exposed to mustard gas receive care: 
""
Here‚Äôs why expanding broadband access to rural Missouri is necessary ‚¨á
""
Classes start soon @ Advanced Training &amp; Tech Center. Check out how they‚Äôre preparing Missourians for the workforce 
The hate and violence in #Charlottesville have no place in America
New Advanced Training &amp; Technology Cntr in Joplin will help prepare students entering or re-entering the workforce.‚Ä¶ 
Congrats to @PeterKinder. Will be a tremendous  asset to the Delta Regional Authority 
Yesterday I spoke w/ @jallman971 in #STL to discuss @POTUS‚Äô response to recent threats from North Korea: 
"#TBT Visiting Wilson‚Äôs Creek Nat'l Battlefield, 1st major Civil War battle fought west of the Mississippi. Today ma‚Ä¶ "
Joined @jallman971 in St. Louis to talk North Korea &amp; the president's response to recent threats. Watch recap here: 
"#OnThisDay in 1821, Missouri became the 24th state to join the Union. "
Incredible story‚Üí #MO vet in @CofOHardWorkU Patriotic Edu Travel Program returns dog tags to family of fallen Marine 
Congrats Sarcoxie &amp; Carl Junction students on taking top honors in 3D Nat'l Archery in the Schools World Challenge üéØ 
""
""
Congratulations Dr. @HalHigdon 
Visited @WUSTL w/ @ncats_nih_gov Director Dr. Austin to discuss impact federal investment has on groundbreaking med‚Ä¶ 
Stopping by @971FMTalk for an in-studio interview w/ @jallman971 at 8:10 a.m. CT. Listen live: 
Tune in as I join @MarkReardonKMOX this afternoon at 3:30 CT on @KMOX. Listen here: 
"Today, we mourn the loss and honor the service of a fallen hero, Officer Gary Michael "
""
Senate unanimously passed my bipartisan bill to better protect Missourians from spoofing scams ‚Üì 
Strengthening #MO infrastructure is a top priority &amp; this bill marks another important step in that effort: 
""
.@WUSTLmed &amp; @WashUEngineers are teaming up to create a student-designed app to aid #ALZ diagnosis ‚Üì  
UPDATE: Riverside Bridge bill passes Senate 
"Anti-spoofing bill updates &amp; expands the law to better protect Missourians, especially seniors, from scammers "
"Today, the Senate dealt a huge blow to criminals who use spoofing scams to deceive, intimidate, &amp; defraud victims "
"Broadband access would enhance quality of education, expand access to health care &amp;benefit Missouri farmers/ranchers "
""
".@BusinessInsider ranked #STL as the #1 U.S. city for 20-somethings to work &amp; live affordably, Columbia #15 "
61% of rural Missourians lack access to broadband. That's unacceptable in 2017. 
.@CampFurySTL is showing #STL high school girls the ropes to be a first responder. Read more: 
On the Senate floor to discuss the importance of broadband to rural Missouri. Watch ‚Üí 
"Welcome, Dr. Cartwright "
The Stop Enabling Sex Traffickers Act ensures justice for victims &amp; will bring perpetrators to justice 
Today I joined a bipartisan group of senators to introduce legislation aimed at combating human trafficking‚Ä¶ 
It‚Äôs time to #endhumantrafficking.  Thank you @AGJoshHawley for your work in combatting this tragedy in MO 
Glad to hear @MOSOLions is expanding their nursing &amp; dental hygiene programs. 
.@NIH is on the frontline in the fight to #endALZ. That's why I worked to secure $400 million increase in FY 2017 f‚Ä¶ 
""
I‚Äôm proud to introduce the bipartisan Student Loan Servicer Performance Accountability Act. Learn more:  
Students have had access to year-round Pell grants for a month. Here‚Äôs why this is a win for students ‚¨áÔ∏è‚Ä¶ 
Look forward to joining @kzrgchad &amp; Ed Caffrey on @1310kzrg Morning Newswatch at 7:35 CT. Tune in here:‚Ä¶ 
".@MissouriSandT student saw a need for more effective water rescue equipment - so he invented it. Great work, Cody "
Happy 110th birthday to #STL‚Äôs Dorothy Hunter 
Read my op-ed on how Senate Dem obstruction is stopping us from moving forward on Missourians‚Äô priorities 
Our nation has a unique responsibility to protect &amp; promote religious freedom throughout the world 
Appointment of Amb at Large shows that America stands w/those who are struggling to secure their religious liberty 
"Happy 174th birthday, @StJoMo ‚Äì home of the Pony Express. You don‚Äôt look a day over 170. "
".@GDSFoundation, thanks for updating me on Human Trisome Project &amp; how it will help MOians w/ #DownSyndrome. I will‚Ä¶ "
"This week we honor our service members, veterans, first responders &amp; workers. Join me in thanking them for their se‚Ä¶ "
"Today, the Senate voted to move forward on legislation to repeal &amp; replace #Obamacare. Read my statement here ‚Üì "
These #SGF middle schoolers‚Äô classroom is the Great Outdoors this summer 
"If you‚Äôre on Instagram, follow along for behind-the-scenes üì∑ of my work in MO &amp; DC: @RoyBlunt"
"When we have an economy that focuses on making things &amp; growing things, that's always been the strongest economy fo‚Ä¶ "
"Stay up-to-date on my work to move Missourians‚Äô priorities forward, sign up for my enewsletter: "
Stopping by @550KTRS to join @McGrawMilhaven &amp; @kells_jackson on The McGraw Show at 9:10 am CT. Listen live here:‚Ä¶ 
Being a dad has been the most rewarding job I've ever had. Wishing all the parents out there a happy‚Ä¶ 
Check out how these St. Joseph middle schoolers are spending their summer giving back to the community 
We must continue to focus on strengthening U.S. manufacturing &amp; curbing excessive regulations 
Hard to find someone more determined and less fearful than @SenJohnMcCain. Wishing John a speedy recovery &amp; return‚Ä¶ 
Products that are grown and #MadeInAmerica create the strongest economy for hardworking families 
A piece of Kansas City history is heading to @WaltDisneyWorld 
"1,000+ Missourians died from drug overdoses in 2015.  MO Crisis Summit is a vital step toward combating this epidemic. #SGFOpioidCrisis"
Very happy that @WelcomeHomeInc opened its doors today. No vet who has served this country should ever be w/o a hom‚Ä¶ 
Always a pleasure to sit down with @MissouriCorn to chat about how we can help #MO farmers keep growing and feeding‚Ä¶ 
""
"This is a significant step in the fight to #endALZ. Keep up the good work, @WUSTLmed üëç "
Enough with the political games. It‚Äôs time for Senate Dems to end their obstruction of @POTUS nominations. 
"Always enjoy seeing @CUFI MO &amp; working together to support our ally, Israel. #CUFIDC "
Thank you @CapitolPolice for working with me &amp; @JCCIC to ensure a safe Inauguration Day. Proud to receive the Honor‚Ä¶ 
Always great to see Missourians looking out for one another. 
"Military construction bill includes investments in MO defense installations, including NGA, Rosecrans &amp; @GLWACHonFLW "
VA funding bill provides the resources necessary to honor our commitments to our nation‚Äôs heroes 
"Jeff Jensen has the qualifications, integrity &amp; leadership ability to serve as U.S. attorney "
Pleased that key #MO priorities are included in committee-passed military construction &amp; VA funding bill 
"At Jasper Co. Youth Fair, @Missouri4H &amp; @MissouriFFA kids are showing off their impressive skills. "
"Senate Dems have obstructed POTUS‚Äô nominees at every turn. At this rate, it'll take 11.4 years to fill all positions "
"Led a group of colleagues on @NIH visit, where we discussed BRAIN Initiative, #Alzheimers research. Learn more:‚Ä¶ "
Questioned a panel during a @SenateCommerce hearing to learn more about public &amp; private sector efforts to combat‚Ä¶ 
""
Don‚Äôt forget: Deadline for @FEMA #MORecovery help is tomorrow 
Met w/@MissouriFFA members from Fayette &amp; Mt. Vernon this morning. These young men &amp; women will keep #MO ag thrivin‚Ä¶ 
""
I‚Äôll continue working to protect those who are vulnerable to #humantrafficking &amp; ensure victims have access to help 
""
"üì∫ I‚Äôll be on #MTPDaily with @ChuckTodd soon, tune in"
It‚Äôs time for Senate Dems to stop obstructing @POTUS nominations. 
"Replacing Riverside Bridge is a long-term solution to flood-related closures affecting Ozark families, businesses,‚Ä¶ "
"With committee passage, my bill to replace the Riverside Bridge in Ozark is one step closer to becoming law: "
"Congrats, Jeremy! This Springfield teen hit 8 home runs in last night‚Äôs Junior Home Run Derby "
"Great to join you, @VP, @SecretaryZinke &amp; @SeemaCMS! "
Sad to hear of the passing of Cerner CEO Neal Patterson. He was a unique and brilliant man.
"We are incredibly grateful for their service and for the sacrifices they have made, and continue to make, to secure our freedom."
Our men and women in uniform put themselves in harm's way to defend those inalienable rights
"Today, we celebrate the birth of our nation &amp; the principles on which it was founded: the right to life, liberty &amp; the pursuit of happiness"
Congrats to the Festus High Rocket Club on winning first place in the International Rocketry Challenge world championship #STEM
Read more about the key priorities included in the committee-passed #FAA reauthorization bill: 
Proud to announce that NGA West facility is one step closer to breaking ground in #STL: 
"#FAA reauthorization:
‚úì protects access to small &amp; rural airports
‚úì streamlines aerospace manufacturing
‚úì modernizes aviation industry"
#FAA reauthorization bill includes important reforms to improve safety &amp; reliability of air travel: 
Proud to announce that 9 #MO fire departments will receive new grant funding to help train &amp; equip first responders‚Ä¶ 
#HIREVets Act recognizes employers that offer programs &amp; benefits geared toward veterans‚Äô hiring &amp; retention. More‚Ä¶ 
Asked @SecretaryAcosta about progress in implementing #HIREVets Act 
"Trump admin‚Äôs withdrawal of WOTUS rule is a huge win for #MO farmers, ranchers, &amp; #smallbiz owners "
#WOTUS rule handed bureaucrats control over 99.7% of #MO 
""
Enjoyed having a Q&amp;A w/ @MOGirlsState. Good luck &amp; congrats to all the bright young leaders participating in this e‚Ä¶ 
Our right to religious liberty is a fundamental freedom we‚Äôve enjoyed for more than 220 years‚Ä¶ 
Today‚Äôs #SCOTUS decision marks a key victory for Americans‚Äô right to religious liberty 
"If VA employees are failing our vets, they shouldn‚Äôt keep their jobs "
My statement on the discussion draft of the Senate health care bill: 
Tune in as I join @kzrgchad &amp; Sarah Novotny on @1310kzrg Morning Newswatch at 7:20 CT. Listen live here: 
Missourians are seeing far fewer options &amp; much higher costs on #Obamacare exchanges. This system is not working. 
#Obamacare is imploding: 
"Thank you, Mackenzie &amp; @NatlPAT, for all you do to give kids a stronger foundation to grow, learn &amp; succeed. Keep u‚Ä¶ "
I encourage college students who want to graduate sooner &amp; with less debt to consider year-round Pell Grants‚Ä¶ 
"Starting July 1, college students will be able to receive Pell Grants year round "
Tune in as I join @MFergusonMedia on Allman in the Morning at 7:20 am CT. Listen live here: 
Stopping by 93.1 Jack FM to join Tom Bradley &amp; @carriesmanyhats on the @tombradleyshow at 7:30 CT. Tune in here: 
The Excellence in Mental Health Act is an important step to improve access to mental health care. Learn more from m‚Ä¶ 
""
Tune in as I join @ellennewsgirl &amp; Marc LaVoie on @KMBZradio at 8:40 a.m. CT. Listen live here: 
Iran is the number one state sponsor of terrorism and deserves to be sanctioned 
Appreciate Sec. Mattis &amp; Gen. Dunford‚Äôs help w/my Military Family Stability Act. Hopeful we can get it to the presi‚Ä¶ 
Senate-passed Iran sanctions bill is an important step to hold the Iranian regime accountable
Iran continues to be a destabilizing force for its neighbors &amp; a threat to one of our closest friends &amp; allies 
Look forward to joining @MarkReardonKMOX this afternoon at 2:20 CT on @KMOX. Tune in here: 
"Wishing the @USArmy, and especially all of the soldiers stationed @fortleonardwood in #MO, a Happy 242nd Birthday."
Spoke on the Senate floor to honor the brave U.S. Capitol Police &amp; local law enforcement officers who responded to‚Ä¶ 
Incredibly grateful for our law enforcement officers who put their lives on the line every day to keep us safe. (2/2)
Praying for all of those hurt in today‚Äôs horrific shooting at the congressional baseball practice (1/2)
Proud to have cosponsored bill to increase accountability at the #VA 
""
New bill would enhance Family Self-Sufficiency Program to help more Missourians secure a better future 
Introduced a bipartisan bill to help low-income Americans expand their education &amp; become financially independent 
Establishing Ste. Genevieve as a nat‚Äôl park will allow more visitors from across the nation to experience Missouri‚Äôs rich heritage.
"As the oldest town in Missouri, Ste. Genevieve is a fundamental part of our state &amp; nation‚Äôs history‚Ä¶ "
@USRepLong Glad Table Rock Lake families will soon be able to enhance &amp; enjoy their property w/o needless red tape getting in the way
Appreciate @USRepLong‚Äôs partnership in getting permit moratorium lifted at Table Rock Lake 
Met w/ experts at @NIH to learn more about how a sustained federal commitment to medical research will lead to life‚Ä¶ 
"Led a bipartisan delegation in a visit to NIH this week to hear more about their latest research on Alzheimer's, de‚Ä¶ "
Recently reintroduced the BRIDGE Act to help address investment shortfall in maintaining &amp; improving infrastructure: 
"Talked FAA reauthorization, infrastructure during a press conference earlier today. Watch here: "
Congratulations to @MSUBearBaseball on advancing to their third Super Regional in school history. #RoadtoOmaha #GoBears
We will always remember the bravery of the Allied forces &amp; honor the lives of all those who made the ultimate sacri‚Ä¶ 
""
Year-round Pell will help students in fast-growing STEM fields graduate sooner &amp; with less debt 
The U.S. and our allies face more threats from more directions than ever before. More from my @FoxNews interview: 
Joined @FoxNewsSunday to discuss the recent terror attacks in England &amp; need to remain constantly vigilant 
Proud of all the young Missourians who will serve as the next generation of U.S. military leaders 
Congratulations to the Missourians who accepted appointments to U.S. military service academies 
"Congrats to staff, students &amp; partners @JVIC_MSU for a decade of innovative, groundbreaking research &amp; much more to come"
"Thanks for your letter, Jerry. Prioritizing resources for NIH will continue to be a top priority. "
"On #MemorialDay, we honor the memory of all those who made the ultimate sacrifice to protect and defend what we sta‚Ä¶ "
Spoke on the Senate floor ahead of #MemorialDay to honor U.S. service members who have given their lives in defense‚Ä¶ 
Military Family Stability Act would increase flexibility for military families facing an ill-timed move. More from‚Ä¶ 
My HIRE Vets Act will help connect vets w/employers that will provide a long-term career path where their skills ar‚Ä¶ 
The freedom &amp; security we enjoy wouldn‚Äôt be possible without the sacrifices Silver Star service members have made 
"Senate took an important step to mark May 1st as a day to honor Silver Star service members, veterans, &amp; families "
Proud to announce MO will receive $30 million in grant funding to help improve rail safety 
I‚Äôll continue working to ensure Missourians have the federal resources they need to recover &amp; rebuild 
"Sent a letter urging @POTUS to issue a disaster declaration, help #MO families &amp; businesses impacted by flooding "
#Obamacare clearly has failed 
"When you‚Äôre battling cancer &amp; you lose access to doctors you know &amp; trust, no reasonable person could argue the sys‚Ä¶ "
The reality that Missourians face under #Obamacare ‚Äì higher costs &amp; less access - is a far cry from promises that w‚Ä¶ 
#WestLake families have waited too long for a solution 
I‚Äôll continue working to give #WestLake families peace of mind they deserve 
No parent should have to worry that their child is growing up in an unsafe or unhealthy environment: 
"I‚Äôll keep working to advance solutions that will provide more options, better access, greater stability, &amp; lower costs for Missouri families"
Another blow to families that are already facing higher costs &amp; less access to quality health care under #Obamacare‚Ä¶ 
Obamacare is collapsing &amp; Missourians are paying the price. My statement on today‚Äôs @BlueKC announcement:‚Ä¶ 
Had a great meeting with @MissouriState President @ClifSmart to hear how year-round Pell Grants will help students. 
Met with @missouricpas to talk tax reform &amp; ways to improve the IRS. Thanks for stopping by. 
""
Proud that my Excellence in Mental Health Act is helping #MO lead the way on improving access to mental health 
""
I appreciate the work you &amp; @CCAInstitute are doing to help connect kids in need of homes with families that are ea‚Ä¶ 
"Had a good discussion w/local officials, first responders &amp; Corps of Engineers in Arnold regarding flood recovery &amp;‚Ä¶ "
"Met w/ local officials in Eureka for an update on flood recovery efforts impacting local schools, families &amp; small‚Ä¶ "
Tune in as I join @RandyToblerMD on @971FMTalk this morning at 9:10 am CT. Listen live here: 
Congratulations to graduates of @MissouriState‚Äôs Dept. of Defense &amp; Strategic Studies program. Very proud of what t‚Ä¶ 
New bill would help connect more children in need of homes w/ families eager to adopt 
"Every child deserves a permanent, safe, loving home no matter where they are born: "
BRIDGE Act is a bipartisan bill that will provide much-needed resources to strengthen our infrastructure‚Ä¶ 
"Improving MO‚Äôs infrastructure will help farmers, manufacturers, &amp; small businesses compete in a global economy:‚Ä¶ "
Military Family Stability Act would provide much-needed flexibility for military families facing an ill-timed move:‚Ä¶ 
Yesterday I reintroduced a bipartisan bill to improve MO‚Äôs infrastructure &amp; help spur economic growth:‚Ä¶ 
Just reintroduced a bill to provide more flexibility for military families. Learn more: 
Families are the backbone of our military 
"During National Police Week, we honor the men &amp; women who put themselves in harm‚Äôs way to keep our communities safe‚Ä¶ "
Missouri lost three law enforcement officers in the line of duty this past year. Our prayers remain with the famili‚Ä¶ 
Letter from @ECCPresident &amp; @DixonRob highlights how year-round Pell makes college more affordable 
Learn more about the important steps we‚Äôre taking to help patients get the mental &amp; behavioral health services they‚Ä¶ 
Tune in as I join @MarkReardonKMOX this afternoon at 1:45 CT on @KMOX. Listen here: 
Spoke on the floor to recognize Mental Health Month &amp; promote policies treating mental health like all other health‚Ä¶ 
"We‚Äôve made great strides in our efforts to treat mental health like all other health, but there‚Äôs more work that ne‚Ä¶ "
Excellence in Mental Health Act was an important step toward reaching our goal of treating behavioral health like a‚Ä¶ 
I was proud to cosponsor &amp; vote for the ABLE Act when it passed the Senate &amp; I‚Äôm glad to see @MOTreasurer implement‚Ä¶ 
Tune in as I join @MarcCox971 on @971FMTalk this afternoon at 2:15 pm CT. Listen live here: 
"Congrats to Grant Randall of @UMKCmedschool &amp; Jacob Groenendyk of @WUSTLmed, part of the next generation of leading‚Ä¶ "
"Yesterday on @HappeningNow I talked about the widespread failures of Obamacare, including less access &amp; higher cost‚Ä¶ "
My statement on James Comey 
"Our current health care system under Obamacare just isn‚Äôt serving Americans well, and it needs to be changed‚Ä¶ "
Young Missourians who wish to apply to a service academy can start here: 
This morning I‚Äôll be joining @McGrawMilhaven &amp; @kells_jackson on The McGraw Show at 7:50 am CT. Tune in here: 
Naming our capital‚Äôs train station after President #Truman is a fitting way to honor his legacy: 
Year-round Pell grants could reduce tuition costs for almost 70% of the nearly 300k students at HBCUs 
My office is now accepting applications from young Missourians interested in attending a service academy: 
"Happy 133rd birthday to our 33rd President, Harry #Truman. It‚Äôs an honor to share Senate offices w/ the only Missou‚Ä¶ "
Thanks for all you do. Your work in #SGF is helping cancer patients across the country. 
I appreciate your support. 
"I‚Äôm glad we‚Äôre on track to maintain a robust, sustained federal commitment to medical research. "
Let‚Äôs be sure we solve the problems of Obamacare. More from my @MeetThePress interview: 
1/3 of U.S. counties only have one insurer option on Obamacare exchanges. We need to give people more choices. 
"On @MeetThePress, discussed failures of Obamacare &amp; need to expand access to quality health care for American famil‚Ä¶ "
"Senate-passed resolution congratulates @NWbball &amp; @NWBearcatsFB on their historic, record-setting year "
Exec Order helps provide relief for groups like Little Sisters of the Poor that have been forced to defend 1st Amdt‚Ä¶ 
I‚Äôm glad the president took action today to strengthen Americans‚Äô religious freedom protections 
Troops set to receive biggest pay raise in 6 years: 
Troops set to receive biggest pay raise in 6 years: 
"#HIREVets Act will help encourage more employers to establish or expand veterans hiring, career development programs "
"This bill strengthens defense, increases investment in medical research &amp; boosts resources to fight opioid epidemic: "
"Bill funding key #MO priorities, eliminating dozens of ineffective/duplicative programs is on its way to the WH "
#HIREVets is headed to POTUS‚Äô desk 
My bill to help connect vets w/employers that recognize the value they bring to the job is on its way to POTUS‚Äô desk 
Strengthening our military is a national priority &amp; govt funding bill reflects that. Watch more from my interview w‚Ä¶ 
I‚Äôm glad to have your support. We‚Äôre one step closer to making college more affordable. 
""
I always appreciate your input. Thanks for your support. 
Thanks for stopping by. 
""
My staff &amp; I are closely monitoring the dangerous flooding &amp; recovery efforts. You can find helpful resources here:‚Ä¶ 
"Making it more affordable to pursue pediatric subspecialties will help address provider shortages, expand access‚Ä¶ "
I‚Äôm glad this will help more students get the education they need to get ahead. 
Thanks for your support. I‚Äôll keep working to make college more affordable. 
Reintroduced a bill to help more children get the specialty health care they need 
Tune in as I join @ellennewsgirl &amp; @ej_becker on @KMBZradio at 7:05 CT. Listen live here: 
"Silver Star Service Banner Day honors ill &amp; injured service members and veterans, and their families "
Senate unanimously passes measure designating today as Silver Star Service Banner Day 
"Our troops deserve a pay raise, and this bill makes sure they get one: "
I urge my colleagues to support this bill &amp; keep our promises to service members &amp; their families:‚Ä¶ 
"Restoring year-round Pell Grants is a bipartisan, common-sense approach to making college more affordable‚Ä¶ "
I appreciate the great work you all are doing. Today marks an important step in our fight to #ENDALZ. 
Proud to secure resources #MO military &amp; civilian defense personnel need to carry out their mission‚Ä¶ 
Your efforts to #ENDALZ are truly making a difference. I‚Äôm glad to have your support. 
"As a former history teacher &amp; university president, I‚Äôm committed to making college more affordable. This will help‚Ä¶ "
NIH on track to receive second $2 billion increase 
My effort to restore year-round Pell is one step closer to helping students get the education they need to get ahea‚Ä¶ 
"Increasing federal investment in medical research will save lives, lower health costs &amp; drive innovation‚Ä¶ "
Proud to announce $2 billion funding increase for NIH 
Tune in as I join @jallman971 on Allman in the Morning at 7:35 am CT. Listen live here: 
Statement on Missouri Flooding 
""
Thanks for making #MO your first stop. Look forward to working w/ you to strengthen &amp; grow our agriculture industry. 
Good luck to the @LadueMiddle &amp; @FZSchools students participating in the 2017 @DOE_SC_NSB! #NatSciBowl
I‚Äôm glad you all stopped by. 
.@Emissourian covered my efforts to mark May 1 as Silver Star Service Banner Day honoring ill &amp; injured veterans 
Millions of children are waiting for the stable home they deserve. This bill will help more families adopt: 
New adoption tax credit refundability bill will make adoption more affordable for hardworking families 
It was great talking with constituents at Missouri Mornings today. Thank you all for stopping by. 
Thanks for stopping by to discuss CHIP reauthorization. Keep up the good work. 
Enjoyed meeting w/ @AIPAC to share updates on Congress‚Äô work to support one of our closest allies. 
Bringing more accountability to the VA is key to ensuring vets get the care &amp; benefits they‚Äôve earned 
Talked w/ @kolr10kozl about much-needed resources #MO will receive to combat the opioid epidemic: 
We wouldn't have the blessings of freedom that we do without the sacrifices Silver Star service members have made 
"Just introduced two new measures to honor Silver Star service members, veterans, &amp; families "
"From #SGF cancer survivor Jerry: ‚Äúinvesting in research will cut medical costs, make life better for all Americans‚Äù "
".@WUSTLmed experts highlight incredible advances in medical research, underscore need for sustained #NIH investment "
"Appreciated opportunity to welcome @EPAScottPruitt to #MO this wk to talk w/energy &amp; ag workers about WOTUS, excess‚Ä¶ "
Honored to receive award from @AACR &amp; committed to boosting federal support for #cancerresearch 
Glad Trump admin has taken swift action to dismantle harmful WOTUS Rule &amp; burdensome energy regulations 
.@newspressnow has more on #MO State Historical Society‚Äôs new facility &amp; great things it‚Äôll offer in the yrs ahead 
The opioid epidemic is devastating families &amp; communities in #MO &amp; across the nation. Proud to secure funding for t‚Ä¶ 
"As a former history teacher, I was especially happy to be on hand for #MO State Historical Society groundbreaking "
.@EPAScottPruitt and I heard directly from Missourians about impact excessive regulations have on jobs &amp; families 
"‚ÄúMissouri to receive $10M federal grant to fight opioid crisis,‚Äù @stlpublicradio reports "
Learn more about my Excellence in Mental Health Act here: 
Sustained investment in #NIH will pave the way to lifesaving medical breakthroughs &amp; lower costs over the long term 
"New opioid crisis grant will help more Missourians access the treatment, recovery &amp; prevention programs they need "
Stopping by 93.1 Jack FM to join Tom Bradley &amp; @carriesmanyhats on the @tombradleyshow at 8:15 CT. Tune in here: 
I‚Äôll continue fighting to secure resources for programs that directly target opioid use disorder &amp; save lives 
"Addiction is treatable, but only around 10% of those struggling w/ the disease get care they need. This will help: "
JUST ANNOUNCED: Missouri set to receive $10 million grant to combat opioid epidemic
"Increasing resources for research to #ENDAlz has been, &amp; will continue to be, a top priority "
The government shouldn‚Äôt be able to categorically deny benefits to #TrinityLutheran simply because they‚Äôre religiou‚Ä¶ 
Today #SCOTUS will hear oral arguments in a case that will have a lasting impact on religious liberty:‚Ä¶ 
Religious liberty is one of our nation‚Äôs most fundamental first freedoms: 
Ensuring farmers have the tools they need to be successful in a global economy is a top priority: via @springfieldNL 
""
Happy #Easter Sunday to you and your family.
Happy to help 
Great to visit w/ park service &amp; @CityArchRiver leaders about ongoing construction of this nat‚Äôl treasure &amp; model p‚Ä¶ 
"This week I toured Mo-Sci, an innovative company that works closely w/ @MissouriSandT, @WUSTL‚Ä¶ "
#TBT to last year‚Äôs @SOMissouri State Outdoor Games. Enjoyed passing out medals to these incredible athletes. 
"For decades, the workforce at the Lake City Army Ammunition Plant has provided support to those who defend our nation (2/2)"
Our thoughts and prayers are with the families and workers at the Lake City Army Ammunition Plant (1/2)
Thanks @mostateag for hosting the 2017 Ag Forum. I‚Äôll keep working to ensure current &amp; future farmers have the tool‚Ä¶ 
Look forward to joining Cousin Carl on @PureCountryC106 this morning at 11:15 a.m. CT. Tune in here: 
I couldn‚Äôt be more proud of Debbie‚Äôs selfless work to improve literacy in the St. Joseph community. 
Letter in @Emissourian: NIH budget cuts would negatively impact MO‚Äôs cutting-edge medical research facilities: 
I appreciate your support. Improving rural aviation &amp; safety is one of my top priorities on the Commerce Committee. 
Look forward to joining @MarkReardonKMOX this afternoon at 2:20 CT on @kmoxnews.
""
"Pres Trump's targeted, proportional strike in Syria is the right response to Assad‚Äôs horrific chemical attack "
Look forward to joining @MarcCox971 on @971FMTalk this afternoon at 2:25 pm CT. Listen live here: 
A victory for every American who believes the Constitution should be read &amp; applied as our founders intended:‚Ä¶ 
"Gorsuch made clear that a judge's role is to rule on the law as it's written, not as they think it should be writte‚Ä¶ "
Judge Gorsuch proved that he has the knowledge &amp; judicial philosophy that make him an ideal successor to Justice Sc‚Ä¶ 
Tune in as I join @McGrawMilhaven &amp; @kells_jackson this morning on The McGraw Show at 7:15 am CT. Listen here: 
"Civil aviation is critically important to small and rural communities, and supports over 1.1 million jobs. "
"Connecting small airports, like Waynesville-St. Robert Regional Airport, to larger hubs like #STL is good for trave‚Ä¶ "
Enjoyed sitting down w/ Missouri Pork Producers. They‚Äôre doing a great job representing the farm families who help‚Ä¶ 
"Thanks for stopping by, @MissouriChamber. I appreciate what you all are doing to create better jobs for Missouri fa‚Ä¶ "
""
""
"When the US entered #WWI, history was re-written in a way that has had lasting implications for the world we live in today #USWW100"
Tune in as I join @ej_becker &amp; Marc LaVoie on @KMBZradio at 7:10 CT. Listen live here: 
My column via @sbjnet: Judge Gorsuch is the right pick for the Supreme Court 
Tune in as I join @johnrhancock on @KMOX this afternoon at 2:35 CT. Listen live: 
""
"Congratulations to MO‚Äôs @STLZoo, named as the best in the country by @USAToday "
I‚Äôll continue working to make sure more Missourians &amp; visitors alike are able to experience this national treasure: 
Riverside Bridge closure is adding to emergency response times &amp; hurting local businesses. This bill will help: 
"Restoring @DQSteamboat to full operation will create jobs, support economic growth, &amp; enhance #MO's tourism industry "
Just introduced a new bill to expedite the replacement of the Riverside Bridge in Ozark. Read more about it here: 
Full steam ahead: 
The Delta Queen is a remarkable part of our nation's history 
It‚Äôs an honor to receive @AACR‚Äôs 2017 Distinguished Public Service Award. NIH &amp; cancer research funding remains a t‚Ä¶ 
Congrats to the @Cardinals on the walk-off win over the defending World Series champs on #openingday.
Judge Gorsuch will determine what the law and the Constitution says - not what he thinks it should say.‚Ä¶ 
"We need judges on all federal courts, especially #SCOTUS, who understand they are not politicians in robes. Gorsuch‚Ä¶ "
""
New poll: Majority of Americans say Senate Dems should allow confirmation vote for Judge Gorsuch 
I appreciate the important work you all are doing. Thanks for stopping by today. 
Your work to #ENDALZ is making a difference. I hope to see you all again soon. 
Tune in as I join @MarkReardonKMOX this afternoon at 2:20 CT. Listen live: 
"Gorsuch‚Äôs independence, integrity, &amp; mainstream judicial philosophy make him a worthy successor to Justice Scalia "
Judge Gorsuch‚Äôs confirmation hearing testimony leaves no doubt he‚Äôs qualified to serve on our nation‚Äôs highest court 
One of the most glaring examples of exec overreach under Obama admin is finally on the way out 
"There‚Äôs no precedent for requiring a 60-vote threshold on a SCOTUS confirmation, &amp; Gorsuch hasn‚Äôt given Dems any re‚Ä¶ "
Glad Pres Trump is backing an all-of-the-above energy policy that will boost manufacturing &amp; agriculture 
"Judge Gorsuch has the knowledge, temperament, &amp; experience needed to serve on the Supreme Court "
I‚Äôve been fighting out-of-control energy regs for years 
Exec Order dismantling CPP protects families that can least afford higher costs on everything from gas to groceries 
"For #Missouri families facing major rate hikes under Obama admin energy regs, relief can't come soon enough. "
.@NewsTribune editorial highlights my bill to help veterans find jobs as they transition to civilian life: 
"Congrats to @NWMOSTATE's @NWbball, NCAA Division II National Champions!"
Senate-passed #HireVets would help keep our promises to our nation‚Äôs heroes 
This morning I‚Äôll be joining @johnrhancock &amp; @mskstl on @KMOX at 9:20 CT. Tune in here: 
Tune in as I join Steve Helms of Morningline on @NewsTalk560 . Listen live here: 
It was nice to see you all. I appreciate the important work you‚Äôre doing for @OTCedu. 
I‚Äôll continue working to prioritize resources for medical research that paves the way for new treatments &amp; cures 
A child is diagnosed w/cancer every 3 min &amp; 1 of 8 who are diagnosed will lose their life to the disease 
"#STARAct, which I cosponsored, is a bipartisan bill that would improve childhood cancer research &amp; treatment "
"The military has evolved over the past decades, and
the policies affecting their families should as well. "
"Judge Gorsuch‚Äôs intellect, commitment to the law, and respect for #SCOTUS as a key institution in our democracy are‚Ä¶ "
MT @TheWWImuseum: Limited # of tickets for WWI Centennial ceremony in #KC are available to the public starting today 
Families are the backbone of the military and I was glad to speak with #SecDef Mattis &amp; @GenDunford about the Milit‚Ä¶ 
Judge Gorsuch is an independent mind who will interpret the law as the founders intended #ConfirmGorsuch #SCOTUS 
"Military Family Stability Act is a bipartisan, commonsense step we can take to help military families "
Judge Gorsuch earned high praise from legal experts across party lines and a ‚Äúwell-qualified‚Äù rating from @ABAesq‚Ä¶ 
#HIREVets Act gives employers that are stepping up their veterans hiring the recognition they deserve: 
#HIREVets Act = connecting more vets w/businesses that offer benefits &amp; opportunities to help them grow &amp; succeed 
""
Senate passed my #HIREVets Act. Here‚Äôs how the bill will help keep our promises to those who have served: 
Judge Gorsuch‚Äôs lifetime of service has prepared him for this moment. I urge my colleagues to confirm his nominatio‚Ä¶ 
Thank you to the thousands of Missouri farmers and ranchers that feed and fuel our nation. #NationalAgDay‚Ä¶ 
"Judge Gorsuch understands the proper role of a judge is to adhere to the Constitution, apply the rule of law, &amp; not‚Ä¶ "
Look forward to joining @jallman971 on Allman in the Morning at 7:35 am CT. Tune in this morning here 
Proud to have even more men &amp; women become soldiers in our state 
".@fortleonardwood Basic Combat Training mission expected to increase by 4,500 soldiers this coming year "
Judge Gorsuch is a great nominee who interprets the Constitution as the founders intended. 
"With the passing of Chuck Berry, Missouri and the nation have lost a trailblazer and an icon. "
".@MissouriPress, thanks for stopping by my office to talk about tax reform &amp; the issues facing rural newspapers. "
Tune in as I join @McGrawMilhaven &amp; @kells_jackson this morning on The McGraw Show at 7:15 am CT. Follow along here: 
"Thank you, Barb Brown-Johnson, for providing a safe haven for #SGF‚Äôs most vulnerable kids for nearly 20 years "
Glad to see @CuonzoMartin returning to Missouri as the new @MizzouHoops head coach. He did a great job coaching @MissouriState
Investment in #STEM education prepares students for innovative careers of tomorrow. 
#STEM education is vital for medical breakthroughs &amp; national security. 
""
I appreciate your support on such an important issue. 
Keep up the good work. 
""
"My op-ed in today‚Äôs @KCStar: #Obamacare is unworkable, unaffordable &amp; unsustainable. Families deserve better:‚Ä¶ "
Op-ed via @KCStar: Families need &amp; deserve health plan options that give them access to quality care they can affor‚Ä¶ 
Go Tigers! #MIZ 
I appreciate what the Missouri members of @ReserveOfficer are doing to support our nation‚Äôs heroes and MO‚Äôs vital r‚Ä¶ 
Judge Gorsuch has the experience &amp; qualifications to serve on #SCOTUS. Glad he received @ABAesq‚Äôs highest rating:‚Ä¶ 
"

ht‚Ä¶"
We need a patient-centered approach that gives Americans the ability to choose the plans that meet their needs 
Repealing #Obamacare tax hikes is an important step toward making health care more affordable. 
Mark from Blue Springs says ‚Äúthere‚Äôs nothing affordable about the Affordable Care Act‚Äù 
"#Obamacare = fewer options, skyrocketing deductibles, &amp; higher taxes. "
"Thanks for stopping by my office, @gvpolice Chief David Starbuck. I appreciate all you‚Äôre doing for the Grain Valle‚Ä¶ "
Continued investments in NIH medical research will give doctors the tools they need to pursue new treatments and cu‚Ä¶ 
"Yesterday, I questioned a panel of medical experts on the importance of NIH research &amp; the impact it has on the liv‚Ä¶ "
"Accurate diagnosis &amp; efficient healthcare enhances patient well-being, drives down costs "
"Investing in life-saving NIH research will cut medical costs, increase life expectancy, &amp; improve the quality of li‚Ä¶ "
It was nice to see you all. Thanks for all you do for the #KCMO community. 
Thanks for stopping by. 
"Thanks for stopping by, Sherwood Smith &amp; Tim Dupin of @MSCFF_MO. I‚Äôm very grateful for what MO‚Äôs first responders d‚Ä¶ "
This morning I‚Äôll be joining @ellennewsgirl &amp; Marc LaVoie on @KMBZradio at 7:40 CT. Tune in here: 
.@fortleonardwood &amp;the community are fortunate to have Major General Savre‚Äôs leadership as we work on FLW prioritie‚Ä¶ 
"Thank you, @AmericanLegion Walker-Roney Post 99. I‚Äôll keep working to ensure all veterans can access the quality ca‚Ä¶ "
Tune in as I join @MarkReardonKMOX  on the Mark Reardon Show this afternoon at 2:20 CST on @kmoxnews. Listen here: 
"Terrible events in #STL &amp; around the nation continue strengthening our resolve to defend the rights of every individual, faith, &amp; community"
"Threatening to destroy Jewish centers, regardless of motive, is unequivocally wrong &amp; contradicts everything our country stands for"
Racism &amp; anti-Semitism have no place in our society and should be condemned wherever they are found 
Had a great discussion w/ Missouri members of the @CivilAirPatrol. Their dedication and commitment to service is ad‚Ä¶ 
"With nearly 34k mi. of roadway in MO, @MODot Dir. McKenna has a big job. Appreciated update on efforts to improve s‚Ä¶ "
Public-private partnership behind @CityArchRiver project will enhance &amp; preserve @GatewayArchSTL for decades to come 
"A successful, innovative approach for the next 100 years of the @NatlParkService "
I will visit CIA HQ in the next week to review all reports related to Senate‚Äôs ongoing Russia investigation 
AG Sessions has said he had no discussions w/Russian officials re: the election &amp; I take him at his word 
It was nice to see you all. I appreciate your work on #CancerResearch 
Tune in as I join @jallman971on @971FMTalk at 7:35 am CT. Listen here: 
The @MOMedicalAssn continues to provide Missourians access to quality health care. Thanks for stopping by my office. 
"Across #SEMO, neighbors like these students in Mississippi County are coming together to help their community clean‚Ä¶ "
Taylor Force Act gives Palestinian Authority a clear choice: end support for terrorism or lose U.S. aid 
Megan's story is a powerful case for why we must prioritize med research to develop treatments for rare diseases: 
We cannot continue allowing U.S. dollars to be used by Palestinian Authority to reward terrorists &amp; their families. 
My thoughts are w/ families in #SEMO impacted by the deadly storms. My staff is in contact w/ local officials &amp; here to help: (573) 334-7044
"I‚Äôve been fighting to overturn #WOTUS for years, &amp; I‚Äôll continue backing Pres Trump's effort to curb harmful regs "
"Pres Trump laid out an agenda focused on expanding opportunity, improving education &amp; protecting communities "
President Trump is taking action to fulfill the commitments he made to the American people 
POTUS‚Äô Executive Order recognizes critical role HBCUs play in expanding access to higher education 
Enjoyed hearing stories of veterans in the Missouri @AmericanLegion serving their fellow veterans and communities. 
HBCUs provide students the foundation they need to succeed 
I‚Äôll always be grateful for the sacrifices of our nation‚Äôs heroes. Thank you to the MO members of the @DAVHQ for st‚Ä¶ 
".@SBAgov says #WOTUS will ‚Äúhave a direct &amp; potentially costly impact on #smallbiz,‚Äù add millions in permitting costs "
Grateful Pres Trump is taking swift action to protect Missourians from the fallout of this reckless EPA power grab 
"#WOTUS rule is a prime example of Washington bureaucrats run amok under Obama admin, &amp; it needs to go "
Lt. Col. Courtland is a great example of what it means to put on the uniform. Honored to take part in her promotion‚Ä¶ 
.@MSUBearsHoops are looking great! Thanks for hosting us @ClifSmart 
"Thank you, @CliffDavisMO. I appreciate what you‚Äôre doing for @OTCedu "
"I‚Äôll continue working to help more students get the knowledge &amp; skills they need to get ahead
"
Community colleges play a critical role in helping students in MO &amp; across the nation prepare for 21st Century jobs 
Making post-secondary education more affordable is a top priority 
#HIREVets Act will recognize employers in #MO &amp; across the nation that are expanding opportunities for veterans‚Ä¶ 
Another step toward toward fulfilling our commitments to those who have served: 
New bill helps connect vets w/employers offering benefits &amp; opportunities aimed at vets‚Äô hiring &amp; career developmen‚Ä¶ 
Recently introduced #HIREVets Act. Here‚Äôs how it'll help service members &amp; vets transitioning to civilian workforce: 
Disgusting acts of vandalism at Chesed Shel Emeth Cemetery are an affront to the values we hold dear as Americans 
ACE Kids Act better coordinates treatment to relieve burdens on families &amp; help more sick kids get quality care 
"Scott Pruitt has the experience &amp; expertise to lead EPA &amp; rein in burdensome regs like #CPP, which would drive up u‚Ä¶ "
We shouldn‚Äôt let unnecessary red tape prevent kids w/complex medical conditions from getting the treatment they need 
Senate Democrats continue to set new records w/ the time it takes to confirm the presidents‚Äô well-qualified cabinet‚Ä¶ 
"Look fwd to working w/ Scott Pruitt to rein in overreaching EPA regulations like #WOTUS, which would give EPA contr‚Ä¶ "
The story of our great nation cannot be fully told without the rich history of African Americans 
2019 marks 400 years of African American history &amp; culture in the United States 
"From a child development center, to a new grocery store, to hundreds of rural manufacturing jobs, the #NMTC works: "
New Market Tax Credit has a proven track record of bringing new investments to communities that need them most 
"Here‚Äôs a look what the New Market Tax Credit is, and how it helps improve the quality of life for Missourians: "
Reintroduced a bill to boost economic growth &amp; jobs in underserved areas. Read more about it: 
Proud to join my fellow co-chairs to discuss the importance of ensuring every child has a loving family to call the‚Ä¶ 
Rural health providers face a unique set of challenges 
Sent a letter to @SecPriceMD stressing the need for quality health care in rural Missouri 
Treating mental health like all other health will drive health care costs down. 
"It was great to see you all. Thanks for all you do to make a difference in the lives of the 16,000+ athletes in MO "
""
"I respect General Flynn and his service, but he was right to resign. "
"Great job, Troop 9004! "
"Congrats @JackieStiles10, honored for record-breaking career @MSULadyBears &amp; induction to @WBHOF. "
.@CENETJ1 #ExchangesImpact brought a journey around the world to the classroom for Oran Elementary students. Thanks‚Ä¶ 
"On Missouri Military Appreciation Day, a special thank you to the brave men &amp; women who work tirelessly to keep our‚Ä¶ "
""
Look forward to joining @McGrawMilhaven &amp; @kells_jackson this morning on The McGraw Show at 7:15 am CT. Listen here: 
"As President Trump moves to fill his Cabinet, Senate Democrats continue to engage in an unprecedented level of obst‚Ä¶ "
There‚Äôs no question the president made the right choice in nominating Judge Gorsuch. Look fwd to seeing him sworn i‚Ä¶ 
Glad to welcome @SenDeanHeller as the newest co-chair of the Senate Travel &amp; Tourism Caucus 
Tune in as I join @kzrgchad &amp; Sarah Novotny on @1310kzrg Morning Newswatch at 7:20 CT. Listen live here: 
"President Trump, like all presidents before him, has every right to put his stamp on the government as soon as poss‚Ä¶ "
"Sat down w/@STLChildrens, @cardinalglennon, &amp; @ChildrensMercy to talk abt efforts to help sick kids receive quality‚Ä¶ "
"Since Eisenhower, nearly all Cabinet nominees were confirmed by this point, making this the slowest confirmation pr‚Ä¶ "
Enjoyed my discussion w/ Missouri rice producers. Thanks for stopping by. 
Earlier today I had a productive meeting w/ representatives from Missouri rental dealers. 
".@RepTomPrice has dedicated his life to improving health care. No one is better suited to lead @HHSGov as we repeal, replace #ObamaCare"
Proud of #STL Public Schools‚Äô superintendent Kelvin Adams for receiving @FOCUSstl Leadership Award &amp; his work to fully reaccredit @SLPS_INFO
"Congrats to Joshua Traxel of #Rolla, chosen as a 2017 Military Child of the Year semifinalist by @Op_Homefront. "
"Congrats to my friends Tom, @carriesmanyhats, &amp; @FoxyTimeSports on marking the 2nd year of the @tombradleyshow "
"Proud to support the nomination of my friend, @SenatorSessions. He has repeatedly stood up for people who couldn't‚Ä¶ "
Stories like Daisy's are why I‚Äôll keep working to support lifesaving research to end Alzheimer‚Äôs disease.‚Ä¶ 
.@SenatorSessions is committed to justice &amp; advocating on behalf of crime victims. I look forward to voting for his‚Ä¶ 
Proud to support good friend &amp; trusted colleague @SenatorSessions‚Äô nomination to serve as U.S. Attorney General 
""
"This #BlackHistoryMonth, we honor leaders of the Civil Rights Movement &amp; continue working together on challenges ma‚Ä¶ "
I‚Äôll keep working to increase funding for heart disease research to find life-saving cures for #1 cause of death in US #AmericanHeartMonth
"Proud to have led efforts to increase support for heart disease research, advance progress toward lifesaving cures #AmericanHeartMonth"
Thank you to the Missouri members of @NFB_voice who stopped by my office to talk about accessible technology &amp; othe‚Ä¶ 
"Thanks for stopping by my office yesterday, @dbarbe_md. Look forward to working with you as President of‚Ä¶ "
This morning I‚Äôll be joining @ej_becker and @ellennewsgirl on @KMBZradio at 7:40 CT. Tune in here: 
Judge Gorsuch understands that the job of #SCOTUS is to apply the rule of law &amp; not legislate from the bench 
"Honored to speak in support of Children‚Äôs Inn at NIH, which provides a place like home for kids participating in cl‚Ä¶ "
#SCOTUS is one of the most important legacies this president is likely to leave. He made the right choice in select‚Ä¶ 
"Judge Gorsuch has the integrity, professional qualifications, &amp; judicial temperament to serve on the nation‚Äôs highe‚Ä¶ "
My statement on Betsy DeVos‚Äô nomination to serve as Secretary of Education: 
"Congrats to @CoxHealth Medical Centers in #SGF &amp; #Branson. Both were awarded four-star ratings by the @CMSGov, highest ranking in the region"
"Glad the Excellence in Mental Health Act is improving access to timely, quality treatment in Joplin &amp; across MO: "
Look forward to hearing more from SCOTUS nominee Judge Gorsuch as the confirmation process moves forward 
Pres Trump made the right choice in selecting Judge Gorsuch to begin shaping the long-term view of the court 
The Supreme Court is one of the most important legacies this president is likely to leave (1/2)
Judge Gorsuch has demonstrated a steadfast commitment to upholding the rule of law &amp; interpreting the Constitution as its authors intended
Judge Gorsuch is a well-respected jurist with the experience &amp; qualifications to serve on our nation‚Äôs highest court 
Time for Senate Dems to confirm Pres Trump‚Äôs cabinet picks &amp; allow government to be put in place 
""
Patti Penny has done great work for the #SGF community. Congrats on earning the 2017 Springfieldian award: 
Congrats to @RSHSPrincipal Dr. Renee Trotier for being named MO‚Äôs @MOASSP High School Principal of the Year. 
"I always encourage constituents to share their concerns. If your call isn‚Äôt getting through, please contact me here: "
Congratulations to the 2017 @MoSportsHall Inductees &amp; Honorees! 
"Proud of the work Every One Counts is doing to help veterans, people w/mental illness &amp; families without a home "
Are you near Sullivan? My staff will be at Sullivan City Hall on Jan. 31 at 10am to help you: 
"One week ago, the world watched one administration peacefully pass the torch to the next: "
"Click here for highlights of the Presidential #Inauguration, a celebration of democracy witnessed across the world:‚Ä¶ "
It was an honor to participate in the 58th Presidential #Inauguration. Click here to see some of my favorite photos‚Ä¶ 
Commonplace and Miraculous: 
Proud to announce that the historic Delta Queen is one step closer to cruising the Mississippi River again. 
I‚Äôll continue backing all-of-the-above energy policy to create jobs &amp; lower costs for #MO families &amp; #smallbiz 
Majority of Americans have long supported #KeystoneXL 
#KeystoneXL = more American jobs &amp; more energy security 
Glad President Trump is wasting no time turning the page on 8 yrs of Obama admin‚Äôs failed energy policies 
"SPOOFING. What it is, and how this bill will help: "
".@SenateCommerce just approved my bill to better protect seniors, and all Missourians, from fraud &amp; identity theft "
America faces more threats from more directions than ever 
Mike Pompeo has the knowledge &amp; experience needed to lead the @CIA 
President Trump has a great opportunity to establish a long-term view of what our nation‚Äôs courts should look like‚Ä¶ 
During an interview w/ @FoxNews I talked abt the long-term impact the president‚Äôs #SCOTUS nominee could have on our‚Ä¶ 
We‚Äôre here to help you. Visit our mobile office at Ellington City Hall on 1/25 at 10am. 
""
Happening 1/25: My staff will be at Shannon County Courthouse from 12-1pm to help you w/problems you‚Äôre facing. 
Are you near Cabool? Stop by our mobile office on 1/25 at 230pm at Cabool City Hall: 
Look forward to joining @MariaBartiromo of @SundayFutures on @FoxNews this morning at 9:35 CT am.
RSVP for our Troy mobile office on Jan. 24 from 12-1pm and see how we can help: 
Learn more about ways we can help you. Stop by our St. Charles mobile office on Jan. 24 at 2pm: 
Sign up for our Eureka mobile office Jan. 24 at the Eureka Hills Library: 
Tune in as I join @TeamCavuto on @FoxNews later today around 3:05 pm CT.
Had the honor of speaking during the Presidential Inaugural Luncheon earlier today. 
Honored to give the opening remarks during the 58th Presidential Inauguration.
A routine miracle: 
Enjoyed meeting with performers from @MSU_Choirs earlier today as they prepare to sing during the #Inauguration tom‚Ä¶ 
"#Inauguration traditions vary over the years, but peaceful transfers of power remain a unique symbol of our system:‚Ä¶ "
"As we have for 200+ yrs, tomorrow Americans will come together for an event that is both commonplace &amp; miraculous:‚Ä¶ "
Joining @MarcCox971 on @971FMTalk this afternoon at 1:10 pm CT. Listen live here: 
Spoke with Sec. of Commerce nominee Wilbur Ross to highlight the importance of transportation in Missouri. 
Looking forward to seeing you all 
"Learned more abt Sec. of Commerce nominee Wilbur Ross‚Äô plan to improve infrastructure, which would create more good‚Ä¶ "
MT: @CSPANDonna: Pre- Inauguration interview with Senator @RoyBlunt on Capitol West Front. 
Look forward to joining @MarkReardonKMOX this afternoon at 2:15 CST on @kmoxnews. Listen live here: 
""
Congrats to Evan Unrau of @Mizzou named to the Southeastern Conference 2017 Class of Women‚Äôs Legends. 
Tune in as I join @jallman971on @971FMTalk at 7:10 a.m. Listen here: 
"Today I gave @MSNBC a behind-the-scenes look at planning #Inauguration2017, a historic event that will be watched a‚Ä¶ "
""
"Today, we honor Martin Luther King Jr, whose legacy has inspired generations of Americans &amp; will continue to for many years to come #MLKDay"
"Join my staff for our next mobile office at East Prairie City Hall on Tues, Jan 17 at 2pm: "
"My staff will be at Cole Insurance in Sikeston on Tues, Jan 17 to help you w/problems you might be facing: "
The president elect is clearly focused on getting to work and I'm very encouraged by the opportunity we all have to‚Ä¶ 
"#FBF to receiving this Len Dawson autographed football. 3 years later, it‚Äôs still proudly displayed in my office. G‚Ä¶ "
"Congrats to #KC‚Äôs Sophia Schneider, winner of @NFLPLAY60 Super Kid who has the honor of delivering the game ball prior to @Superbowl kickoff"
"Congrats to Keturah Gadson of #STL &amp; Andrew Pogue of #Clinton, selected as delegates to the 55th annual US Senate Youth Program. #USSYP"
Tune in as I join @McGrawMilhaven &amp; @kells_jackson on the McGraw Show at 7:15 CT: 
""
Had a productive discussion w/CIA Director nominee @RepMikePompeo at his Senate confirmation hearing. Watch here: 
""
"Thanks for stopping by, @CHCofCMO, and thanks for all you do for MO. "
""
Look forward to working with @RepMikePompeo on cybersecurity issues. 
The mobile office on Friday in Jefferson City is postponed due to inclement weather. 
"Because of inclement weather, the Vienna mobile office scheduled for tomorrow is postponed. "
The mobile office scheduled for tomorrow in Rolla is postponed due to inclement weather. 
"The Senate took a critical step to repeal #Obamacare &amp; pave the way for solutions to expand access to quality, affo‚Ä¶ "
"Due to inclement weather, mobile offices in Rolla, Vienna &amp; Jefferson City on Friday are postponed. Stay safe "
"Senate GOP is keeping our promise to the American people, beginning the process to repeal #Obamacare "
Proud to continue working on legislation to bring the historic Delta Queen back home to Missouri. 
Congrats to Dawn Cornelison of @Mizzou for receiving the Presidential Early Career Award for Scientists &amp; Engineers
Very glad to hear the Salem VA expanding hours for rural veterans after asking @DeptVetAffairs to do so last month. 
"Congrats to Petty Officer First Class Stephen Forbes, who stopped by #MO Mornings w/ his family before his #USNavy‚Ä¶ "
Republicans are keeping the promises we made to Americans 
"#Obamacare has forced millions off plans &amp; doctors they liked &amp; could afford, drastically driven up costs, &amp; slashed health plan options"
Senate will soon vote on resolution giving Congress the tools to repeal #Obamacare 
Dems failed to live up to nearly every #Obamacare promise they made 
Congrats to the Jordan Valley Innovation Center @MissouriState for 10 years of supporting entrepreneurship in #SGF.
"Thank you for your service, Major Grant. "
"The Delta Queen‚Äôs return home would bring jobs, economic growth, and tourism in the St. Louis region. "
We‚Äôre here to help you. Visit our mobile office at Cole County Courthouse Annex on 1/13 at 12:30pm: 
Visit our mobile office in Vienna on Jan. 13 &amp; see how my staff can help you: 
How can we help you? Stop by our mobile office at Phelps County Courthouse on 1/13. More info: 
"On #LawEnforcementAppreciationDay, I‚Äôm grateful for the men &amp; women that serve and protect us every day.‚Ä¶ "
Join my staff at the Carroll County Courthouse on Jan. 12 at 230pm for our next mobile office &amp; see how we can help: 
RSVP for our Richmond mobile office on Jan. 12 at 1pm for our next mobile office &amp; see how we can help: 
Are you in Kingston? My staff is holding a mobile office on 1/12 at 1030am. Stop by &amp; see how we can help: 
We‚Äôre here to help you. Stop by &amp; visit w/my staff 1/12 at 9am at Clinton County Courthouse in Plattsburg: 
Stopping by 93.1 Jack FM to join Tom Bradley &amp; @carriesmanyhats on the @tombradleyshow at 7:15 CT. Tune in here: 
"On 1/10, my staff will be in St. Joe at the Buchanan County Courthouse for our next mobile office. Stop by at 930am: "
Join my staff at Platte County Admin Bldg on Jan. 10 at 11am &amp; find out how we can help: 
Stop by our Blue Springs mobile office at the Chamber of Commerce on 1/10 at 130pm &amp; see how my office can help you: 
"Do you live in Liberty? Stop by our mobile office on Tues, Jan 10 at 330pm &amp; see how my office can help you: "
How can we help you? Join my staff 1/10 at 10am for our Wright City mobile office. More info: 
Honored to count the electoral votes from Missouri as Congress certified the results of the 2016 presidential elect‚Ä¶ 
My staff will be at Arnold City Hall in Jefferson County on 1/9 from 9:30-10:30am for our next mobile office. RSVP: 
#Obamacare is wreaking havoc and it‚Äôs time for a new direction 
Families &amp; small businesses shouldn‚Äôt be penalized for the president‚Äôs failure to live up to #Obamacare promises 
"I am encouraged to hear his interest in upholding the rule of law as written.
The EPA will benefit from his experience and expertise. (2/2)"
My colleagues and I had a good meeting with Mr. Pruitt today. (1/2)
"#Obamacare has led to huge premium hikes, skyrocketing deductibles, &amp; dwindling health plan options "
Spoke on the Senate floor to share personal stories of Missourians who have been hurt by #Obamacare 
""
Heading to the Senate floor to talk about the harmful impact #Obamacare is having on Missourians. Watch here: 
""
Tune in to KZRG Morning Newswatch on @1310kzrg at 7:40 CT. Listen live here: 
""
Excessive red tape places a huge burden on farmers &amp; #smallbiz that create jobs 
"Obama admin handed down record-breaking 600 major regs, imposing &gt;$700B in costs. Here‚Äôs how the #REINSAct will help "
#REINSAct gives Congress the ability to stop massive new regulations that will hurt families &amp; job creators 
Thanks for stopping by this morning 
#Inauguration2017 is getting close - learn more abt my role in planning this unique transition of power that‚Äôs watc‚Ä¶ 
Grateful for the opportunity to continue representing Missourians as a U.S. Senator in the 115th Congress. 
Stop by our Poplar Bluff mobile office at Mark Twain Nat‚Äôl Forest Office on 1/6 to find out how we can help you: 
During my stop at @BGCSWMO I talked about the Excellence in Mental Health Act &amp; how it will help more Missourians g‚Ä¶ 
Sign up for our Dexter mobile office on 1/6 at Dexter City Hall &amp; see how we can assist you: 
Look forward to joining @SpeakerTimJones on @971FMTalk at 7:35 a.m. Listen here: 
How can we help you? Stop by our mobile office at West Plains City Hall on 1/4. More info: 
"Find out ways we can help you &amp; your family at our Doniphan mobile office Wed, Jan 4 at 10am: "
Visit our mobile office in Alton on Jan. 4 &amp; see how my staff can help you &amp; your family: 
Stopped by @BGCSWMO to volunteer &amp; talk w/ staff abt the challenges they face as they work hard to make a differenc‚Ä¶ 
Abby &amp; I enjoyed meeting the children &amp; learning more abt the great work @BGCofColumbiaMO does to give these kids a‚Ä¶ 
""
Thank you to our troops &amp; first responders who are spending their holidays away from family 
A holiday message 
Tune in as I join @ej_becker and @ellennewsgirl on @KMBZradio at 7:40 CT. Listen live here: 
Great to see these 2nd graders are eager to take on leadership roles &amp; prepare for the future: 
This is a big step towards expanding &amp; improving access to quality mental and behavioral health care 
"#TBT to a great event at my alma mater, @MissouriState, announcing @MSU_Choirs will perform at #Inauguration2017 "
Thank you to everyone who is working hard to prepare a special Christmas for those in need 
""
"Thanks, Caleb "
Combatting the opioid epidemic will continue to be a top priority. More from my @smithvillenews op-ed 
".@NewsTribune: ‚ÄúA grim tally soars: More than 50,000 overdose deaths in US‚Äù "
Tune in as I join @MarcCox971 of the Marc Cox Show on @971FMTalk this afternoon at 2:10 pm CT. Listen live here: 
#MO is 1 of 8 states selected for demonstration program created by my Excellence in Mental Health Act. Learn more: 
""
""
Glad to see #MO continue to lead in bringing behavioral health care in line w/how other illnesses are treated 
Only a fraction of Americans w/diagnosable &amp; treatable mental health issue receive care they need. This will help:‚Ä¶ 
Proud to announce #MO has been selected for demonstration program to improve access to quality mental health care 
Obama admin admitted Americans died b/c of released #Gitmo detainees 
"Recently announced ‚ÄúVerdict of the People,‚Äù depicting 19th Cent. election scene, to be displayed at presidential‚Ä¶ "
.@osssociety Proud to help honor our nation‚Äôs heroes. Thanks for all you do.
"Thank you, Kennedy, for sharing kindness this holiday season. "
Stop by our Springfield mobile office at the Southside Senior Center on Dec. 21 at 11am &amp; see how we can help: 
"RSVP for our Maryland Heights mobile office on Dec. 21st, from 9:30-10:30am, and see how we can help: "
Are you in Neosho? My staff is holding a mobile office on 12/21 at 10am at Newton County Courthouse. Stop by: 
Stop by our mobile office at Warren Senior Center in Richland on Dec. 19 at 11:30am &amp; learn ways my staff can help: 
Privileged as @JCCIC chair to announce painting by MOs George Caleb Bingham to be displayed@Pres. Inaugural Luncheon 
""
Headed to @STLArtMuseum to announce the painting that will be displayed during the Presidential Inaugural Luncheon.
"Happy holidays, U.S. Capitol Police! Enjoyed teaming up with my wife Abby to thank the officers who keep us safe ev‚Ä¶ "
Scott Pruitt‚Äôs leadership at EPA will reflect the courage &amp; ability he showed in taking on these rules on behalf of states &amp; citizens. (2/2)
"The so-called #CleanPowerPlan and #WOTUS are needlessly damaging to the economy, particularly the Missouri economy. (1/2)"
"I was proud to lead bill to award Congressional Gold Medal to #OSS, &amp; I'm glad to see it signed into law "
#OSS officers were key to securing allied victory &amp; saving thousands of lives in WWII 
"Look forward to joining The Rooster on @BigCountry99 this morning at 7:30 CT. 
Listen live here: "
We need to be more focused on better jobs and commonsense regulation. (2/2)
I met with my friend Andy Puzder today. His strong leadership and critical thinking will serve the Department of Labor well. (1/2)
"Join my staff on Friday, Dec. 16, at 11am at the Pike County Courthouse for our next Bowling Green mobile office: "
RSVP for our Bethany mobile office on Dec. 15 at 11am &amp; find out how my staff can help w/problems you're facing: 
My staff is here to help you. Stop by our New London mobile office at the Ralls County Courthouse 12/16 at 12:30pm: 
"Join my staff on Thurs, Dec. 15, at 1pm for our Fredericktown mobile office at the Madison County Courthouse: "
Happening 12/15: My staff will be at Iron County Courthouse from 12:30-1:30pm to help you w/problems you're facing: 
Join my staff at Gentry County Courthouse in Albany Dec. 15 at 3pm for our next mobile office &amp; see how we can help: 
"On 12/15, my staff will be in Maysville at the DeKalb County Courthouse for our next mobile office. Stop by at 9am: "
"Congrats &amp; good luck to @NWMOState Bearcats, competing in @NCAADII #NationalChampionship game this weekend! #NeverSettle cc @presidentjazz"
Are you near Park Hills? Stop by our mobile office on 12/15 at 11am at Park Hills-Leadington Chamber of Commerce: 
"Congrats, @NixaHighSchool, for winning the state-wide Show Me the Constitution competition! "
"#STL Choice Neighborhoods grant, coupled w/new #NGA West HQ, will improve quality of life &amp; expand opportunities for thousands of families"
My staff will be in Grant City at Worth County Courthouse for our next mobile office on 12/15. Stop by 1:30-2:30pm: 
Look forward to working w/Mayor Slay &amp; community partners on projects backed by Choice Neighborhoods grant 
Learn more about ways we can help you. Stop by our Hillsboro mobile office on Dec. 14 at 11am: 
"#STL grant = new econ development, better access to #smallbiz &amp; housing loans, more education &amp; job opportunities "
Proud to announce major grant award to spur revitalization in #STL‚Äôs Near North Side community 
We're here to help you. Stop by &amp; visit w/my staff 12/14 at 9:30am at the Lawrence County Courthouse in Mt. Vernon: 
Are you near Truesdale? My staff will be at the Truesdale City Hall on Dec. 13 at 10am to help you: 
"Congrats to LTC Marks of @Whitemanspirit for logging 6000 cockpit hours in the A10, an elite milestone for a fighter pilot in @usairforce."
We're here to help you. Stop by our Houston City Hall on 12/14 from 2:30-3:30pm and find out how: 
How can we help you? Join my staff 12/13 at 2pm for our Washington mobile office at Washington City Hall. More info: 
Stop by our Gallatin mobile office 12/12 at 3:00pm to learn ways we can help you. More info here: 
"Join my staff in Princeton at the Mercer County Courthouse on Dec. 12, 9-10am, &amp; find out how we can help you: "
Improving waterways &amp; surrounding infrastructure is critical for boosting economic growth &amp; keeping families safe 
"Do you live in Chillicothe? Stop by our mobile office on Mon, Dec. 12, at 1pm &amp; see how my office can help you: "
Glad to see several #MO priorities reflected in Senate-passed water resources bill 
Thank you to Roseann Bentley for her tireless commitment to serving children &amp; families in #SGF for over 4 decades. 
Andy Puzder is a good friend and forward thinker. The Department of Labor will benefit from his dynamic leadership. 
Are you near Greenville? Stop by the Wayne County Courthouse 12/14 at 9am for our mobile office: 
Stop by our Trenton mobile office at the Grundy County Courthouse on 12/12 at 10:30am &amp; find out how we can help: 
My staff will be at the Vernon County Courthouse in Nevada on Dec. 13 at 9am to help you. Stop in: 
"Tune into the @tombradleyshow as I join Tom, @carriesmanyhats &amp; @FoxyTimeSports at 7:30 CT. Listen live "
Majority of Americans oppose POTUS‚Äô plan to bring terrorist detainees to US soil 
Enjoyed having the chance to congratulate Matt Gifford of the @Sgf_Cardinals on his election to @MiLB Board of Trus‚Ä¶ 
Senate-passed defense bill authorizes funding for #NGA West HQ in #STL &amp; fire station @fortleonardwood 
Stop by our Van Buren mobile office at Float Stream Restaurant 12/14 at 11am &amp; learn ways my staff can help you: 
""
Glad to see Senate pass #MO &amp; national defense priorities in #NDAA 
Attend our Butler mobile office on 12/13 from 11-12pm at the Bates County Courthouse &amp; see how we can help you: 
Spoke on the floor to urge my colleagues to pass #NDAA to provide resources the military needs to keep America safe. 
"#curesnow bill helps improve access to mental &amp; behavioral health care, &amp; address opioid epidemic "
I‚Äôll keep working to establish a pattern of responsibly investing in pioneering research to fight cancer &amp; #endalz 
"This bill takes a major step toward helping every family that has faced, or will face, an incurable disease: "
My staff will be at Rogersville City Hall Dec. 9th at 10am for our next Webster County mobile office. Stop in: 
Proud to vote for 21st Century Cures Act to speed progress toward life-saving treatments 
Learn ways we can help you at our Clinton mobile office on Dec. 13th at 1:15pm at the Henry County Courthouse: 
Look forward to advancing patient-centered alternatives to #ObamaCare to provide more choices for patients &amp; famili‚Ä¶ 
Remembering the heroism and sacrifice of so many like Kenneth Cantrell of #SGF on #PearlHarborRemembranceDay: 
Join my staff at Seymour Senior Center on 12/9 from 11:30-12:30pm for our upcoming mobile office: 
"On #PearlHarborRemembranceDay, we honor those brave Americans who made the ultimate sacrifice to defend us all. #PearlHarbor75"
Join my staff for our St. Louis City mobile office Dec. 9th at 3:00pm. Sign up &amp; see how we can help you: 
""
"Sign up for our St. Charles mobile office Dec. 8 at 1:30pm at the St. Charles Admin Building, Rm 115. More info here "
My staff will be at Troy City Hall in Lincoln County on 12/8 from 10:30-11:30am for our next mobile office. RSVP: 
Are you close to Blue Springs? My staff is holding a mobile office at the Chamber of Commerce on 12/6 at 3:30pm: 
Sign up for our Lexington mobile office at Lafayette County Courthouse on 12/6 at 1:30pm &amp; learn how we can help: 
My staff will be in Warrensburg on 12/6 at 11am to help you w/problems you might be facing. Stop by: 
Join my staff for our Harrisonville mobile office at Cass County Courthouse 12/6 at 9am &amp; see how we can help you 
"Dr. Schaible was a good friend with good advice, and was a dedicated advocate for mental health."
"Find out ways we can help you at our Kirksville mobile office Tues, Dec. 6, at 9am. RSVP here: "
"Happy 75th, @civilairpatrol! Thanks for all you do to keep our communities safe. @mocapnews"
""
Proud to vote today to extend #Iran sanctions and give next administration a powerful tool to hold Iran accountable 
Glad Senate passed my bipartisan legislation to recognize Silver Star Service Banner Day in honor of our injured military heroes.
OSS members saved thousands of lives during WWII. Great to see our bill to honor these heroes move to POTUS' desk: 
""
Talking w/@jallman971 now. Tune in to @971FMTalk: 
How can we help you? Join my staff at Willow Springs City Hall 12/14 at 1pm for our next mobile office: 
"My staff will be at Miner City Hall on Thurs, Dec 1, from 1-2pm to help you w/problems you might be facing: "
"Join my staff for our next mobile office at Poplar Bluff Area Chamber of Commerce on Thurs, Dec. 1st, at 10am: "
#EPA's last ditch push to finalize burdensome fuel regs will mean higher costs for #MO families &amp; fewer #manufacturing jobs
""
"Every child deserves to grow up in a loving, safe family. Why I support #NationalAdoptionMonth: "
"MO Supreme Court Justice Richard Teitelman was a good friend, dedicated to his job, his community, and helping others. He will be missed."
"Congrats to MO's football state championship winners: Lamar, @vianneygriffins, Penney, @MonettHigh, Kirkwood, @HvilleSchools @NACardinals"
"#FlashbackFriday: Volunteering at @ozksfoodharvest over the holidays w/my son, Charlie. Great way to teach importan‚Ä¶ "
"Proud of my friend, Don Hall Jr, named Kansas Citian of the Year. Grateful for all he's done for #KC community &amp; many lives he's touched."
"Thankful for our brave men &amp; women in uniform, who often spend today apart from family &amp; loved ones, serving tirele‚Ä¶ "
"Happy #Thanksgiving, everyone, from my family to yours."
The month of October in 5 photos: 
October was a busy month back home in Missouri and in Washington. Click here for my highlights: 
"Join my staff for our #STL County mobile office on Tuesday, Nov. 29th, at 9:30am, and find out how we can help you: "
Enjoyed meeting w/Bill from #KC last week. Glad to support the Lymphedema Treatment Act to help those suffering get‚Ä¶ 
"Congrats to Kirk Smith of #STL &amp; Olivia Klevorn, selected as US #RhodesScholars to study @UniofOxford. "
""
Are you facing problems we can help with? Stop by our High Ridge mobile office 11/30 at 2:00pm: 
My staff is holding a mobile office in Ste. Genevieve on 11/22 at 11am. Come see how we can help you &amp; your family 
Are you in Farmington? My staff is here to help you. Stop by our next mobile office on Nov. 22 at 2:00pm. More info: 
Congratulations to Meagan Kaiser for being appointed to the United Soybean Board by @USDA. Grateful for your commitment to MO #ag
Are you facing problems we can help with? Stop by our Perryville mobile office on Nov. 22 at 9:30am: 
Do you live near Republic? Stop by Republic Senior Friendship Center at 11:30am Nov. 22 for our mobile office: 
Honored to be re-elected to Senate leadership 
"Next Congress, working w/president, has a chance to move in new direction to help hardworking families "
Glad to see Southeast MO #infrastructure projects I've advocated for receive critical @DeltaRegional investments:‚Ä¶ 
"Glad to lead Senate passage of #GoldStarFamilies Voices Act, improving on #veterans history project "
Proud to be a longtime supporter of MO's health providers &amp; advocates serving our rural communities. Grateful for their work #RuralHealthDay
"Thank you, @CornRoots. Proud to support MO #ag."
@StPiusXCloseUP Thank you all for coming by. Good luck the rest of this school year.
@ALZGreaterMo Thank you all for the important work you do to help end this devastating disease. #EndAlz
