"Congratulations, @TheDeltaCenter1 &amp; @DeltaState! "
"On Friday, I joined @PascagoulaCity Mayor Dane Maxwell to survey the impact of #HurricaneNate. #MississippiMonday "
.@realDonaldTrump is keeping his promise to roll-back the so-called #CleanPowerPlan! Great move! 
The #IranDeal is a terrible deal for America. Pleased @realDonaldTrump is giving us a chance to make a better one:‚Ä¶ 
"Celebrating 242 years of dedication and service. Happy Birthday, @USNavy! ‚öì#242NavyBday "
"Today, @realDonaldTrump took bold action to give families the freedom to find the best rates for their #healthcare. "
Kirstjen Nielsen has the right type of experience to run @DHSgov. Hoping to begin her confirmation without delay! 
""
Emergency Nurses stand on the front lines of emergency care. Thank you for your dedication to saving lives. #ENWeek @ENAorg
Mississippi continues to earn national attention. @UMMCnews designated a Telehealth Center of Excellence! 
I support an @xprize for #Alzheimers research. Unleashing the power of competition could lead to a cure. Let's get‚Ä¶ 
""
ICYMI: @UMMCnews received national recognition for its leadership in #Telehealth. @UMMCTelehealth #WickerReport 
Stand ready to work w/ @realDonaldTrump to ensure that needed federal resources will be delivered to storm victims. 2/2
#HurricaneNate is no match for Mississippians‚Äô resilience. Am working closely w/ state &amp; local officials. 1/2
""
"
"
I‚Äôm tracking TS #Nate closely &amp; stand ready to ensure that needed federal resources will be delivered to storm victims.
"Just spoke w/ @USCG Adm. Paul F. Thomas. TS #Nate likely headed to MS Gulf Coast, w/ heavy wind &amp; storm surge expec‚Ä¶ "
Follow @MSEMA and @NWS for the latest on Tropical Storm Nate as it approaches the Gulf Coast. Make preparations now‚Ä¶ 
Great to see @Boeing come to MS by joining w/ @AuroraFlightSci. Terrific news for #Columbus. 
Expanding #Telehealth will be a quantum leap for health care. @UMMCTelehealth is leading the way. ‚ñ∂ 
Honored to join @HHSGov to designate @UMMCNews as a #Telehealth Center of Excellence. Mississippi is leading telehe‚Ä¶ 
Proud to be a cosponsor of this bill with @LindseyGrahamSC. #TheyFeelPain #PainCapable 
""
""
.@SenThadCochran &amp; I are hoping for a quick confirmation for Randy Reeves of Mississippi to the @DeptVetAffairs. 
.@SenateCommerce also approved @SenBlumenthal &amp; my proposal to protect children from being left in a #HotCar: 
Autonomous vehicles are the future. Voted today to advance the #AV STA
".@March_for_Life fights for the unborn. Join them Friday, January 19, 2018, in D.C. to show the world that‚Ä¶ "
Congratulations to @MikeHurstMS on his confirmation as U.S. Attorney for the Southern District of Mississippi! 
.@realDonaldTrump should be commended for his choice to lead @USACEHQ. R.D. James also supported by MS Levee Board: 
Great to see such a large group of #Mississippi #Catfish producers in D.C. fighting to keep catfish safe for the Am‚Ä¶ 
"Today, Hinds County broke ground on the next phase of the Byram-Clinton Corridor. This project will support economi‚Ä¶ "
My full statement on the crash of a @nasmeridianms-based training jet: 
"Congratulations, @AjitPaiFCC, on a 2nd term at @FCC! Look fwd to continue working w/ you to close the broadband gap. "
Mississippi charter schools are getting a $15M boost from @usedgov. Big win for #SchoolChoice! @EmpowerMS 
"#WickerReport: The GOP #TaxReform plan would make taxes lower, simpler, &amp; fairer - spurring growth &amp; investment. "
"This weekend, I traveled to my hometown of #Pontotoc to celebrate Mississippi's #bicentennial. #MS200 #VisitMS‚Ä¶ "
My full statement on the #LasVegas tragedy: 
In my hometown of #Pontotoc this morning for the bicentennial celebration! #MS200 #VisitMS 
"The Senate passed CHRONIC Care Act. Great step forward for cost-effective, life-saving #telehealth services.  "
CHRONIC Care Act passed w/ 4 of my provisions for #telemedicine. Big win for rural health-care! ‚û° 
MS health leaders know the difference that #telemedicine can make. Pleased to see the Senate agrees‚û° 
"Welcome back, @SteveScalise. "
ICYMI: @realDonaldTrump unveiled his plan for #TaxReform. I am ready to help him reform our country's tax code. ‚û°‚Ä¶ 
""
Mississippi families deserve to keep more of what they earn. The time for #TaxReform is now. üïñ‚Ä¶ 
I'm ready to help @realDonaldTrump reform our country‚Äôs broken tax code. ‚û° 
Community banking reform is moving forward in Congress! @RepSeanDuffy introduced House bill this week. 
"Introduced @realDonaldTrump's choice for @NOAA Deputy Administrator, RDML Tim Gallaudet. ‚ñ∂ "
"Productive meeting with the mayors of @PascagoulaCity , @OceanSpringsMS, Moss Point, Gautier, &amp; other Jackson Co. o‚Ä¶ "
"Today, I attended #GenDunford's reconfirmation hearing to ask about #Ukraine &amp; the @USNavy's #355Ships requirement. "
""
""
"The availability of high-speed Internet is directly linked to Mississippi‚Äôs future economic success. Thank you,‚Ä¶ "
The Smith County Courthouse in Raleigh was built in 1912 after the previous courthouse was destroyed by fire.‚Ä¶ 
"#WickerReport: @realDonaldTrump's #UNGA speech offered a bold commitment to U.S. strength, &amp; condemned #NorthKorea: "
"Spoke at a @DeSotoCouncilMS event today about cutting taxes, reforming regs, repealing #Obamacare, &amp; more‚Ä¶ "
Enjoyed speaking with attendees at today‚Äôs MS Young Bankers Leadership Conference in Jackson. #MYBLead17‚Ä¶ 
""
"On-the-job training lets students ""earn as they learn."" My bill would expand apprenticeships for American workers. ‚û° "
Intro'd a bill to support @realDonaldTrump's goal to expand apprenticeship programs. Learn more‚û°
.@SenThadCochran &amp; I urge every student who is active in his or her community to apply for the @PruSpirit award. 
Honored to receive an award from the Regional Counterdrug Training Academy headquartered in @visitmeridian.‚Ä¶ 
.@CityofVicksburg was 1 of 8 cities selected by the @RWJF for its annual Culture of Health Prize! @SenThadCochran 
Powerful speech by @realDonaldTrump today at the #UNGA. America's foreign policy was made crystal clear to friend &amp; foe alike.
Senate just passed my #SHIPSAct as part of #NDAA. Building a bigger @USNavy should be a nat'l priority! #355Ships 
Great things happening in @DeSotoCountyMS. @Cityofob #5 &amp; @CityofHernando #55 on @MONEY's Best Places to Live 2017: 
"Happy 70th Birthday, @usairforce! Honored to serve 27 years w/ the great #airmen &amp; women of the USAF &amp; @USAFReserve‚Ä¶ "
#WickerReport: My proposal for #355Ships is nearing the finish line. 
The Tripoli (LHA-7) has been christened! Congratulations @USNavy and @HIIndustries. One step closer to #355Ships. 
".@HIIndustries launched the Tripoli 13 weeks ahead of schedule, a testament to the work of Mississippi‚Äôs shipbuilde‚Ä¶ "
The shipbuilders at Mississippi's @HIIndustries provide the expertise &amp; skills necessary to build big-deck amphibio‚Ä¶ 
"At 844 feet long, The Tripoli (LHA-7) will support a crew of more than 1000 @USNavy Sailors &amp; almost 2000 @USMC Mar‚Ä¶ "
"The Tripoli (LHA-7) is the largest of all amphibious warships, capable of supporting the most advanced @USMC aircra‚Ä¶ "
"This Saturday in @PascagoulaCity, @HIIndustries &amp; @USNavy will christen the second America-class amphibious assault‚Ä¶ "
The U.S. should cut the red tape and modernize our policies towards #5G deployment. We can‚Äôt be left behind! (5/5) 
More options for broadband = greater availability &amp; affordability for high-speed connections in rural areas. (4/5) 
"Faster, denser connections enabled by #5G tech will improve quality of service for rural &amp; urban
 Americans. (3/5) "
Closing the rural broadband gap requires a range of innovative tech ‚Äì including new high-speed #5G networks. (2/5) 
.@RepMoBrooks &amp; @RepDebDingell intro‚Äôd a resolution supporting #5G wireless. Here‚Äôs why I think #5G will make rural broadband better: (1/5)
"Great meeting today with the @realDonaldTrump nominees for @EPA Assistant Administrator - David Ross, Dr. Michael D‚Ä¶ "
"Thank you for your visit, @msprimaryhealth! "
.@POTUS has made an excellent choice in appointing Mitch Tyner to @AdvocacySBA. @gr8tfullawyer 
Regulatory uncertainty stifles the recreational fishing economy &amp; causes problems for job creators. #RedSnapper 
""
"All across Mississippi, people are commemorating 9/11 with service. #NationalDayofService @VolunteerMississippi "
Thankful that @POTUS and lawmakers are ready and willing to provide much needed resources to storm victims. 
I commend Mississippi's outreach to hurricane victims in their time of need. #HurricaneHarvey #HurricaneIrma 
#WickerReport: #Mississippi communities are repaying the kindness that followed Hurricane Katrina.‚û° 
I'm standing with @realDonaldTrump to fund our gov't and provide relief to those affected by #HurricaneHarvey. 
".@SenateCommerce has targeted waste, fraud, &amp; abuse in the @FCC‚Äôs Lifeline program. Improper spending must stop! "
"Improper spending by @FCC's Lifeline program diverts resources from important initiatives, like #RuralBroadband. "
".@realdonaldtrump is right! #TaxCuts would create jobs, boost innovation, encourage investment, &amp; boost wages. #TaxReform"
#WickerReport: Wicker Looks Ahead to Senate Agenda as Critical Deadlines Approach‚û°  
The Friendship Oak tree is located on the front lawn of @USMGulfPark¬†campus in Long Beach. 
#WickerReport: Congress has little time for political tactics. National security &amp; tax reform are top priorities. 
Toured the Choctaw Regional Medical Center in Ackerman. The facility is a state of the art rural healthcare center‚Ä¶ 
Visited Southeastern Timber Products in Ackerman to see Mississippi‚Äôs forestry industry in action. 
""
Joined @OleMiss and @Globalstar at the #UMTechSummit to announce plan for new satellite communications station in‚Ä¶ 
ICYMI: @SenThadCochran &amp; I encourage #Mississippi students to apply for @SenateYouth. $10k scholarship. ‚û°‚Ä¶ 
Joined @ATT in Hernando to launch fixed wireless internet service in DeSoto County and other rural locations in Mis‚Ä¶ 
Spoke with the @MyTupelo Rotary Club at the Elvis Presley Birthplace Museum. Good to be home in Tupelo. 
.@SenThadCochran &amp; I encourage #Mississippi students to apply for @SenateYouth. $10k scholarship. Deadline Oct. 13 ‚û° 
#WickerReport: #Mississippi students will thrive in tech careers. Educators know these skills are in high demand. 
"Today, I met with representatives of the @MSMA1 to discuss #Healthcare. "
""
""
The full repair of the #USSFitzgerald cannot come soon enough. The @USNavy has chosen wisely in @HIIndustries:‚Ä¶ 
"As we continue to mourn those who died aboard the #USSFitzgerald, I am encouraged by the @USNavy's quick action:‚Ä¶ "
The @USNavy announced it intends to award @HIIndustries in Pascagoula the contract to repair the #USSFitzgerald.‚Ä¶ 
Dropped off a few boxes of books from my personal library and the @librarycongress for the Water Valley High School‚Ä¶ 
I commend @realDonaldTrump for listening to our military commanders on the ground. #Afghanistan ‚û°Ô∏è‚Ä¶ 
I took a break from my meetings today to view the solar eclipse. #MississippiMonday #SolarEclipse2017 
Our hearts go out to the loved ones of the sailors aboard the #USSJohnSMcCain. Praying for the return of all our @USNavy sailors.
"#WickerReport: This month, I'm traveling across the state to hear from Mississippians directly: "
""
"

#PantherPride "
"#FridayNightLights in #DeSotoCounty! Coin toss at @dchsjaguars vs @AmoryHighSchool, &amp; on the sidelines at‚Ä¶ "
""
""
Visited the Olive Branch Airport with Mayor Scott Phillips to discuss the challenges of providing quality air servi‚Ä¶ 
"Joined Olive Branch Mayor Scott Phillips, Olive Branch Police, &amp; the DeSoto County Sheriff‚Äôs Dept. to discuss the o‚Ä¶ "
Enjoyed meeting students and faculty at the @DCSeNews Career Technology Center. 
Good to see so many DeSoto County leaders this morning at Hazel's Family Restaurant in Olive Branch. 
"Stopped by The Tracks in Winona for a great lunch with Mayor Jerry Flowers, owners Greg &amp; Donna Pearson, and other‚Ä¶ "
"This morning, I joined other Mississippi leaders to honor Mississippi‚Äôs veterans in Kilmichael. "
""
""
Gayle and I purchased our lifetime passes for the @nationalparkservice. #FindYourPark 
"For this week‚Äôs #MississippiMonday, we go behind the scenes at @NASAStennis for a rocket engine test. #SLSFiredUp "
"
SenatorWicker #HomeToVisit #ShipAct #MageeNews #LionsC‚Ä¶"
"Pleased to see @realDonaldTrump directing @USTradeRep to investigate China's unfair trade practices &amp; possible IP theft. Thank you, @POTUS!"
""
#WickerReport: Mississippi will help write the next chapter of drone technology ‚û° 
"Tori Bowie, from Sand Hill, Mississippi, won the 100M race at the @IAAFWorldChamps. "
"Sam Kendricks, from @VisitOxfordMS, took home gold in pole vaulting at the @IAAFWorldChamps in London! "
"Brittney Reese, from @CityofGulfport, won the gold medal in long jump at this year's @IAAFWorldChamps in London! "
"Congratulations to Mississippi's Brittney Reese, Sam Kendricks, &amp; Tori Bowie for taking home gold medals at the @IAAFWorldChamps in London!"
"Wonderful visit tonight w/ #Mantachie Rural Health Care Dr. &amp; staff, MHP Trooper Bruce Whited, &amp; others at Ozark Ba‚Ä¶ "
"Today, I stopped by the Rotary Club of Columbus lunch. Great to see many good friends. "
"Parents, caregivers, &amp; citizens must be vigilant. A heatstroke can kill a child in minutes. #HotCars #CheckForBaby "
"Leake County Courthouse in Carthage, Miss., features a memorial for Colonel Van T. Barfoot, a Medal of Honor recipi‚Ä¶ "
ICYMI: The @FCC voted to standardize wireless coverage data &amp; provide $2B for rural broadband expansion. 
The U.S. #CoastGuard is celebrating 227 years of service. Happy Birthday @USCG! #SemperParatus  #CG227 
I commend @FCC &amp; @AjitPaiFCC  for working to standardize wireless coverage data &amp; support rural broadband expansion. 
WATCH ‚ñ∂ The BENEFIT Act is a win for patients. They deserve a voice in the drug approval process. 
The Grenada Railway in central Mississippi won a $7.54M grant to restore service &amp; enhance safety. @SenThadCochran 
"Today, I spoke from the floor to celebrate passage of the BENEFIT Act. Big win for patient choice in drug approvals. "
The BENEFIT Act would give patients &amp; advocates a greater role in @US_FDA drug approval process: 
The Senate unanimously passed the BENEFIT Act. Big win for patient-focused drug development. @amyklobuchar 
"Today, the Senate sent the largest expansion of the G.I. Bill in over a decade to @realDonaldTrump's desk. "
Intro'd res today w/ @SenBrianSchatz in support of expanding #5G &amp; all broadband technologies: 
"Met with Dr. Mark Esper, @realDonaldTrump's nominee for Secretary of the @USArmy. Hoping for a quick confirmation! "
I‚Äôm working to modernize federal fishing policy and support Mississippi‚Äôs recreational anglers #LetAmericaFish 
"Last year, 800+ books were donated to Mississippi libraries. Librarians can submit their requests for books to my o‚Ä¶ "
"Today, I continued my work to support recreational fishermen and modernize federal fishing policy. #LetAmericaFish "
Public libraries in Mississippi can apply for book donations from @librarycongress and my personal library.‚Ä¶ 
WATCH ‚ñ∂ I'm inviting librarians across the state to submit requests for book donations from my personal library and‚Ä¶ 
Community banks make the American dream possible. My bill would help these small banks expand local economies: 
.@JacksonAirports is receiving $5.17M in @FAANews funding to complete the final phase of runway renovations. 
"Last year, @librarycongress and I donated 800+ books to Mississippi libraries. This year, I'm sure we can give more: "
Corn is coming up nicely in Edinburg in Leake County. #MississippiMonday 
"This month, I've supported three bills to help Mississippi‚Äôs hunters, fishers, &amp; wildlife enthusiasts. #WickerReport "
I'm partnering w/ @librarycongress to donate books to Mississippi public libraries. Read more here: 
#WickerReport: The Senate is moving closer to achieving big wins for our sportsmen and wildlife enthusiasts: 
Mississippi public librarians can request donations from my personal library &amp; @librarycongress. More info here: 
"We should...deliver on what was promised to the American people, to relieve those who are hurting from #Obamacare: "
I support ending the #sharkfin trade in the U.S. Read the bill here: 
"Congratulations to RDML John A. Okon for his promotion to commander, Naval Meteorology and Oceanography Command at‚Ä¶ "
"I support the HELP for Wildlife Act, which expands support for conservation of hunting and fishing habitats. "
REPO
"Mississippi's auto industry is an economic powerhouse. @NissanUSA, @Toyota, &amp; suppliers have transformed our state. "
"China should end its ban on American poultry. Today, @SenThadCochran and I urged the @USDA to help: "
"Today, I conducted the 5th hearing this year focused on the @USNavy's #355Ships requirement. "
"Today, I voted to move the Senate a step closer to repealing a collapsing Obamacare system. My full statement üîª‚Ä¶ "
ICYMI: I spoke with @MPBNews‚Äôs Karen Brown about my plan to expand high speed internet access in Mississippi. 
LISTEN üì¢: More Mississippians would gain access to high speed internet if my bill becomes law. @MPBNews 
ICYMI: I attended the commissioning ceremony of the #USSGeraldRFord w/ @realDonaldTrump. 
First responders need reliable broadband connections. Closing the rural broadband gap is critical to public safety: 
"#MississippiMonday: St. Marks Episcopal Church in Raymond, Miss., was built in 1854. "
Honored to attend the commissioning of the #USSGeraldRFord. Read my statement here: 
The #USSGeraldRFord is a testament to the greatness of American shipbuilding. @HIIndustries 
Rural broadband expansion is a top priority for @SenateCommerce. Effective disaster response requires it. 
#WickerReport: Rural Broadband Expansion Critical for Public Safety 
Ready to work w/ @realDonaldTrump &amp; @USNavy to ensure more world-class vessels like #USSGeraldRFord join our fleet. 
Great to see @CoachJim4UM &amp; @RumsfeldOffice today at the #USSGeraldRFord commissioning! 
The #USSGeraldRFord has been commissioned. Congrats @USNavy!
At the commissioning of the #USSGeraldRFord this morning in Norfolk w/ @realDonaldTrump. @USNavy @HIIndustries‚Ä¶ 
The #USSGeraldRFord is equipped to fight emerging threats and project American power abroad. @USNavy @HIIndustries #355Ships
LISTEN: My interview on the @IngrahamAngle show. Spoke about GOP plan to vote on healthcare: 
TUNE IN: I'll be on the @IngrahamAngle radio show at approx. 8:35a CT. Click here for a list of local MS stations: 
The #USSGeraldRFord will be the first in a class of next-generation carriers for the @USNavy. #355Ships 
"This Saturday, I will join @realDonaldTrump and the @USNavy to celebrate the commissioning of #USSGeraldRFord‚Ä¶ "
.@SenJohnMcCain is an American hero. I am praying for his speedy recovery and for the McCain family.‚Ä¶ 
""
ICYMI | My interview w/ @JudyWoodruff on @NewsHour. Discussed Senate GOP mtg w/ @realDonaldTrump  on healthcare: 
.@realDonaldTrump's @FCC nominees have committed to expanding rural wireless broadband access. 
Expanding rural wireless broadband access is critical for Mississippi. Pleased that these 3 FCC nominees agree. 
My wife Gayle helped @the_USO pack snack packs to bring a taste of home to service members serving in remote locati‚Ä¶ 
I've asked @realDonaldTrump to level the playing field for America's cotton farmers. Read the full letter here ‚û° 
ICYMI | Told @LizClaman today that I have voted consistently to repeal #Obamacare. I want chance to do it again. 
Met w/ 2 groups of @boyscouts from North Mississippi on their way to #BSAJamboree. Proud of these young leaders!‚Ä¶ 
""
Encouraging new study shows passenger rail could be restored along the #GulfCoast quickly &amp; at a reasonable cost: 
ICYMI | My Q&amp;A this morning w/ Gen. Selva about how to help Ukrainians defend themselves against Russian aggression: 
Mississippi‚Äôs @Taylor_Machine Works represented the state at the White House's #MadeInAmericaWeek proclamation cere‚Ä¶ 
Tishomingo State Park is well-known for its swinging bridge dating from the 1930s. @mdwfponline #MississippiMonday 
"Public storm shelters protect people from dangerous weather. Pleased @fema gave Charleston, MS, $1.2M to build one. "
The political theater needs to end. Senate Dems should stop slow-walking @realDonaldTrump's nominees. #WickerReport 
Amateur radio operators saved lives after Hurricane Katrina. My new bill would help expand their network. 
Met with a group of ten Explorer Scouts from the @Southaven_MS Police Department. Great group!‚Ä¶ 
""
""
Let‚Äôs unleash the brain power of this country to solve physiological episodes in @USNavy trainer jets. WATCH HERE ‚ñ∂ 
Preventing physiological episodes in @USNavy T-45 trainer jets should be a top priority for @SecNav. @nasmeridianms 
Spoke to @CNBC about how the @SenateGOP #Healthcare plan would benefit all Americans. WATCH ‚ñ∂ 
"Today, I asked the nominee for @SecNav about the @USNavy‚Äôs need for #355Ships. "
We need to solve higher #healthcare premiums. The current #Obamacare system is imploding. WATCH ‚ñ∂ 
Saddened to learn of the tragic plane crash involving members of our military yesterday. May God comfort their families and friends.
Read my op-ed w/ @RobWittman on @FoxNewsOpinion: A 355-ship @USNavy should be a national priority: 
"Today, I introduced legislation to boost recreational fishing in the #GulfofMexico. #ModernFish "
"Today, I spoke with @WolfBlitzer on @CNN. Watch here ‚ñ∂ "
TUNE IN: I'll be live on @CNN with @wolfblitzer at 12:10 p.m. CT WATCH ‚ñ∂ 
Immaculate Conception Catholic Church in Raymond was built in 1885. #MississippiMonday 
#WickerReport: America's energy independence is within reach --
"Happy #FourthOfJuly. Today, we celebrate 241 years of independence! (photo by @uscapitol) "
The Hancock County Court House in Bay St. Louis. @msgulfcoast  #MississippiMonday 
#WickerReport: #FAA bill passed by @SenateCommerce last week would improve air travel &amp; rural airports: 
"We must cut waste, fraud, and abuse from our #healthcare system and give more people a chance to buy real insurance. "
"Voted today to reauthorize the #FAA, preserving support for rural airports &amp; protecting citizens from unfair fees. "
Congratulations to Mike Hurst &amp; Chad Lamar! @realDonaldTrump made the right call nominating these experienced men t‚Ä¶ 
The @USNavy is one step closer to #355Ships. My SHIPS Act was incorporated into this year‚Äôs NDAA. 
#Healthcare costs are exploding. We have to make the system better. Status quo isn‚Äôt working! 
My proposal for a #355Ship @USNavy was included in this years #NDAA. Big win for American security &amp; defense. 
"The threat from #NorthKorea is REAL. Kim Jong Un is dangerous, evil, and unstable. My interview w/ @wolfblitzer "
Joined @cspanwj this a.m. to discuss #Healthcare. WATCH ‚ñ∂  
#Healthcare is not one-size-fits-all. People deserve a choice to buy REAL insurance at an affordable price! 
WATCH ‚ñ∂ We must act NOW to save our crumbling #healthcare system. 
Catch me on @CNN with @wolfblitzer at 12:10 p.m. CT WATCH ‚ñ∂ 
.@realDonaldTrump and @VP are working with @SenateGOP to make #Healthcare better for all Americans. 
TUNE IN: I'll be on @cspanwj this morning at approx. 7:15a CT to discuss the latest on #healthcare. #Obamacare status quo is not working!
#Obamacare status quo not working. Spoke to @CNN RE: yesterday's mtg w/ @realDonaldTrump to fix healthcare. WATCH ‚ñ∂ 
I'll be on @CNN at 8:15 AM CT. Watch live!
""
".@EPA's decision to withdraw harmful #WOTUS rule is a triumph for American farmers, ranchers, &amp; small biz: "
Seeking shade under the #crepemyrtle tree. #MississippiMonday 
#WickerReport: I am encouraged by the early support for my SHIPS Act. Together we will build a stronger @USNavy. 
""
""
""
""
""
Great news! The #SHIPSAct that I intro'd w/ @RobWittman yesterday has been endorsed by @aircraftcarrier &amp; @amphibwarships. #355Ships
I commend @realDonaldTrump for keeping his promises to vets &amp; signing the #VAaccountability and Whistleblower Prote‚Ä¶ 
Introduced the SHIPS Act w/ @RobWittman to keep us focused on the @USNavy's #355Ship requirement. 
"ICYMI: Today, I announced the SHIPS Act w/ @RobWittman to codify the @USNavy's #355Ship requirement. WATCH ‚ñ∂ "
The race to #355Ships starts TODAY. I introduced the SHIPS Act to rebuild our @USNavy fleet. @RobWittman 
"A stronger @USNavy cuts across party lines.  The SHIPS Act has 16 cosponsors, including my colleague @maziehirono. "
"WATCH LIVE ‚ñ∂ Today, I am unveiling the SHIPS Act w/ @RobWittman aimed at rebuilding the @USNavy. #355Ships "
@theaward Mamie Albritton volunteered 400+ hours w/ her local animal shelter and honed her shooting skills with @Mississippi4H @theaward
@theaward Lane Mitchell volunteered 400+ hours w/ @Mississippi4H to encourage young people to take a stand against bullying. @theaward
Presented the Congressional Award Gold Medal to 2 outstanding Mississippi students. Each completed 400+ hrs of serv‚Ä¶ 
America's race to #355Ships should start NOW. Building a stronger @USNavy won't happen overnight. WATCH: 
Strong #manufacturing means a strong U.S. economy. Honored to receive this year's @ShopFloorNAM award.‚Ä¶ 
I introduced a bill w/ @SenBrianSchatz to expand support for #telehealth providers serving rural areas. 
ICYMI: I chaired a hearing to explore expanding rural broadband service. WATCH ‚ñ∂ 
"Rural broadband access is important for job creation, economic development, and digital innovation: "
Encouraged to see the City of Tupelo will be building a new  @fema safe room at @TupeloHigh: 
Looking fwd to being on @Morning_Joe this morning at 6:40 AM CT. Tune in!
"Today, we commemorate the end of a dark chapter. On this day in 1865, the final U.S. slaves were freed in Galveston, Texas. #JUNETEENTH2017"
""
Authored new bill to strengthen @GoMAlliance's efforts to protect #Gulf ecosystem: 
A beautiful sunset over Pickwick Lake. #MississippiMonday 
""
#WickerReport: I share @SecretarySonny's commitment to rural America and its future success. 
Honored to speak at this year's #MerchantMarineAcademy grad ceremony w/ @SecElaineChao. Congrats to the new graduat‚Ä¶ 
"@USNavy If deterrence fails, our @USNavy forces can provide a decisive response to aggression. #355Ships WATCH ‚ñ∂ "
"Met w/ Richard Spencer, @realDonaldTrump's choice for @SECNAV. We're committed to help @USNavy get #355Ships!‚Ä¶ "
@USNavy A strong @USNavy deters aggressive behavior and reassures our allies abroad. #355Ships WATCH ‚ñ∂ 
@USNavy The @USNavy matters to American economic prosperity and trade. 90% of global trade is by sea. #355Ships WAT‚Ä¶ 
"#China, #Russia, #NorthKorea, &amp; #Iran are building up the size and capabilities of their fleets. We need #355Ships."
#Russia‚Äôs submarine patrols have doubled &amp; those patrols are stretching closer to U.S. homeland. We need #355Ships  
"By 2030, #China will have double the number of attack submarines as @USNavy. We need #355Ships "
We have taken our @USNavy for granted. My thoughts on why we must rebuild our fleet. #355Ships WATCH LIVE ‚ñ∂ 
""
My Q&amp;A w/ #SecDef Mattis on #Afghanistan. Asked him to define what 'winning' there means: 
ICYMI | My first in a series of remarks on building &amp; sustaining a 355-ship Naval fleet: 
""
Speaking on the Senate floor right now about building and sustaining a larger @USNavy. Watch here LIVE: 
"Greetings from Ruleville, MS! #SunflowerCounty #MSDelta #MississippiMonday "
"#WickerReport: We can never truly repay our #Vets, but we CAN ensure they receive quality care from @DeptVetAffairs. "
""
Introduced @SecretarySonny at today's #DeltaCouncil mtg. at @DeltaState. Economic development &amp; ag are key to‚Ä¶ 
""
""
Great meeting this group of #MississippiDelta students today in the Capitol. 
"Enjoyed celebrating #SeersuckerThursday with my staff and colleagues, @BillCassidy, @SenThadCochran, @amyklobuchar,‚Ä¶ "
Today's #ComeyTestimony confirmed that @realDonaldTrump was not under investigation. My full statement here:‚Ä¶ 
""
"ICYMI | My Q&amp;A w/ @SecElaineChao about the #FAA and its role in rural America, and the current pilot shortage. "
My goal as #SASC #Seapower Chairman is to help @POTUS keep his promise for 355-ship @USNavy. 
Voted today to make it easier for @DeptVetAffairs to remove substandard employees. Our vets deserve the best care! 
#Obamacare is crashing &amp; burning. I'm working w/ @SenateGOP to replace it. 
We will rebuild America‚Äôs defense. South MS is key to fulfilling @realDonaldTrump‚Äôs plan for 355-ship @USNavy. 
"Today, we honor the more than 160K Allied troops who landed at #Normandy and the 9,000+ service members who never r‚Ä¶ "
Kudos to @TrumpHotels for investing in the #Mississippi Delta. @tourclevelandms to be site of luxury hotel in 2018. 
Pleased to formally welcome #Montenegro into #NATO. Confident they will make important contributions to #security &amp; stability in our region.
In this week‚Äôs #WickerReport: I agree with @realDonaldTrump‚Äôs decision to withdraw from the #ParisDeal 
"D‚ÄôLo, MS, had more men and women to serve in the armed forces of World War II per capita than any other town in the‚Ä¶ "
Spoke at the Opening Session of American Legion Auxiliary Magnolia Girls State in #Hattiesburg yesterday. Great eve‚Ä¶ 
CWallace argues w @ScottPruittOK on @FoxNewsSunday. Won't let him finish his sentences. Paris won't make planet cooler or sea levels lower!
"AlGore on @FoxNewsSunday says Paris wouldn't solve the problem but would ""send a powerful signal"". We will lose jobs but love that signal."
"50 yrs ago today, Billy Joe McAllister jumped off the Tallahatchie Bridge! #BobbieGentry #GRAMMYs. #Mississippi gal made us proud."
These #FAA awards are an important investment in #Mississippi‚Äôs economic development. 
My op-ed in @USATODAY: #ParisDeal would've threatened U.S. prosperity. @realDonaldTrump did the right thing: 
Mississippi's #GulfCoast will host development of the next generation of underwater unmanned systems w/ new Ocean T‚Ä¶ 
""
Honored to be on hand for the groundbreaking of a new main gate at @Keesler_AFB. Important development for‚Ä¶ 
Great crowd at today's @Chevron Retirees Association meeting in @PascagoulaCity 
""
Pleased to announce $5M in grants for MS @AmeriCorps. These volunteers have a proven record of improving lives. 
Spoke with the Mississippi #GulfCoast Business Council this morning in @CityofGulfport 
""
""
Look fwd to being on the @hughhewitt show at 7:30a CT to discuss my effort to help @realDonaldTrump &amp; @USNavy achieve a 350-ship fleet.
""
Saddened to learn of the tragedy involving 4 @nationalguardMS members. Confident the community will rally around them and their families.
""
Traveled this morning to @OleMissRebels campus to speak with a group of future Mississippi leaders @MS_Boysstate‚Ä¶ 
Powerful story about the origin of #MemorialDay and how it all got started in @VisitColumbusMS 
"This #Memorial Day, we remember the sacrifices of our nation‚Äôs military men and women. #memorialday2017 "
.@JohnCornyn &amp; I are calling on @EPAScottPruitt to appeal court decision that would create undue burdens on farmers: 
Enjoyed speaking to the Jackson County Economic Development Foundation about the future of @northropgrumman‚Ä¶ 
"Thanks for the warm welcome this morning, @HIIndustries! #Pascagoula "
"Heard today from industry experts, including Brian Cuccias from @HIIndustries, about achieving a 355-ship @USNavy: "
""
"Incredible night w/ my wife @WickerGayle, Co-Chair of the @MarchofDimes #MODGourmetGala. "
LIVE: Chairing a 355-ship Seapower hearing featuring the EVP of @HIIndustries: 
Today I chaired a classified briefing to explore the future of our @USNavy and its need for a 355-ship fleet. 
Glad to see this group of students from Mantachie High School‚Äôs Mu Alpha Theta club. Keep up the good work! 
""
#MississippiMonday: A rainbow over catfish ponds in the MS #Delta near Doddsville. 
#WickerReport: Reaffirming the importance of U.S. mariners; new bill would strengthen @USCG mission: 
Excellent speech by @POTUS at Arab summit. Unifying and disciplined. A turning point against Islamist terrorism?
""
Dress Rehearsal for Mississippi Metropolitan Dance Academy-- 
A field of volunteers and athletes for yesterday's Opening Ceremony @SpclOlympicsMS #Biloxi 
It was an honor to be a part of yesterday's Opening Ceremony for the Mississippi Special Olympics! @SpclOlympicsMS‚Ä¶ 
""
""
""
I support the work being done by @AjitPaiFCC &amp; the @FCC to restore the #OpenInternet. 
""
New @USNavy report represents a valuable contribution to the urgent national project of rebuilding naval power. My‚Ä¶ 
""
ICYMI | Watch my testimony from this morning's @GOPSenFinance Cmte hearing regarding the promise of #telehealth: 
Testifying before the @GOPSenFinance Cmte this morning about the success of #telehealth technologies.‚Ä¶ 
"In this week's #WickerReport: A renewed focus on our military, as we work to restore readiness &amp; modernize forces: "
#MississippiMonday: A sunny day on #FishboneAlley in #Gulfport. @msgulfcoast @CityofGulfport 
"During #NationalPoliceWeek, we remember officers like MS's James Lee Tartt, who have given the ultimate sacrifice: "
"Congratulations, @OleMissSoftball! #SECTourneyChamps #HottyToddy "
"Wishing all mothers a wonderful day! My children, grandchildren, and I are especially thankful for @WickerGayle today. #HappyMothersDay"
Spoke today w/ @LizClaman about FBI Dir Comey's dismissal. @POTUS should replace him w/ ‚ÄòNeil Gorsuch type.' Watch: 
""
#MississippiMonday: Holmes County Courthouse in Lexington 
#WickerReport: Gov't funding bill will advance @realDonaldTrump's agenda; redirect Obama-era spending priorities: 
""
ICYMI | My statement after the U.S. House of Representatives passed legislation to repeal and replace #Obamacare: 
"On #NationalDayofPrayer, we reaffirm our commitment to protect religious liberty. I support @realDonaldTrump's exec‚Ä¶ "
Received updated briefing from @USNavy on issues w/ T-45s. Still working to determine cause of issue. I'll continue to monitor! #NASMeridian
"Intro'd bill w/ @SenBrianSchatz, @SenThadCochran, others to expand the success of #telehealth to Medicare patients: "
"My Q&amp;A from today's SASC hearing. Asked about @ArmyERDC, its importance to warfighters, &amp; its work w/ @JacksonStateU "
Good news for #GulfCoast shrimpers! USITC voted to extend antidumping orders on frozen shrimp imports for 5 yrs:‚Ä¶ 
Honored to receive @TruckSafetyOrg's Legacy Award for my work opposing a nat'l mandate to allow twin-33 ft trucks o‚Ä¶ 
Bill to fund the gov't adheres to budget caps. Delivers on impt priorities; increases to mil spending &amp; border security. @realDonaldTrump
""
"Congratulations to #NewAlbany on being named 2017's ""Best Southern Small Town"" by @10Best &amp; @USATODAY! More: "
#WickerReport: Encouraged by @FCC action to support free &amp; open Internet; lays groundwork for legislative solution: 
In contact w/ state &amp; local officials after yesterday‚Äôs storms. Mississippians know how to pull together in difficult times like these.
"An update on my recent fact-finding trip to #NASMeridian, the current state of play, &amp; the plan going forward: "
My full statement following today's top-secret North Korea briefing at the @WhiteHouse: 
Met w/ these creative @GulfportHigh students today. They are representing our state well as #SamsungSolve #STEAM fi‚Ä¶ 
"A Depression-era, utility-style reg structure for the Internet was the wrong approach. Support @AjitPaiFCC's effort to roll back these regs."
""
"Today is #WorldMalariaDay. US investments around the world have made progress, but more work is needed to end Malar‚Ä¶ "
It was honor to attend @USDA Secretary Perdue's swearing-in ceremony this morning. The oath of office was administe‚Ä¶ 
"I was saddened to learn that Joseph Stone, a US member of an #OSCE mission to #Ukraine, was killed this weekend: "
Voted to confirm Sonny Perdue as the next @USDA Secretary. Will work w/ him to protect &amp; promote MS's ag interests: 
#MississippiMonday: Just one of the dozens of performances at the 14th annual Juke Joint Festival in downtown‚Ä¶ 
"This week's #WickerReport: Signs of progress in @POTUS's first 100 days, including military success &amp; reg reform: "
"Run, Walk, Stroll for Ronald McDonald House @RMHC and cool off with Sno Cones #Jackson "
#WickerReport: Job creation &amp; positive investment are signs of rising confidence in the US economy! #economicgrowth 
Sciple's Water Mill in #KemperCounty. One of the few remaining water-powered grist mills left in the country.‚Ä¶ 
.@SenThadCochran &amp; I urge USITC to continue antidumping measures to prevent unfair trade of frozen shrimp imports: 
He is risen! Happy #Easter from my family to yours! 
Navy is also ending the operational pause on Monday. Training flights at #NASMeridian and other flight training installations can resume.
Fixing this problem is Naval Aviation's #1 safety priority. Standing up a dedicated team for T-45 training jets is a positive step.
Pleased that the Navy has established a Physiological Episodes Team dedicated to the T-45 training aircraft used to train Naval aviators...
With Coach Gene Stallings at a #FCA event this morning in #Tupelo.  A moving life message for students and adults a‚Ä¶ 
Great to be part of @Toyota's event to celebrate 10 years in Mississippi! #ToyotaMS 
Congrats @OSD_OHS on winning the regional Ocean Science Bowl! Good luck in next week's natl competition @DOE_SC_NSB at @OregonState! #Oxford
"
"
Joined @PhilBryantMS today as he signed a bill to rename MS DEQ building after my friend Alan Nunnelee of Tupelo. P‚Ä¶ 
Speaking this afternoon at the Stennis Capitol Press Forum in #Jackson. 
"Read my press briefing transcript following NAS #Meridian visit with Navy officials, pilots to discuss safety issue‚Ä¶ "
I will be on the @paulgalloshow this morning at 8am CT -- be sure to tune in! @supertalk
#WickerReport: Working to support efforts to protect religious liberty at home &amp; abroad as we approach Easter. 
""
""
""
Voted today to #ConfirmGorsuch. Senate has ended an unfortunate 14 yr experiment w/ partisan filibusters of judges. 
Speaking with John Berman and Poppy Harlow on @CNN shortly. Tune in!
Will visit NAS in #Meridian on Saturday to discuss T-45 training jet safety concerns with Navy pilots &amp; officials. 
I strongly support Judge Gorsuch. The Senate should #ConfirmGorsuch to the Supreme Court tomorrow. Watch my speech: 
Great visiting with the #Madison Central band today. Glad to hear that they are performing at the Nat'l World War I‚Ä¶ 
On the Senate floor discussing why the Senate should #ConfirmGorsuch. Watch here: 
Making good on my friendly wager with @SenatorTimScott following the @hailstatewbk &amp; @gamecockwbb game: @MSState ch‚Ä¶ 
Intro'd the #BRICKAct today. Working to block harmful @EPA regs until review by @TheJusticeDept has been completed. 
Enjoyed speaking with MS &amp; AL community college leaders this morning during their visit to Capitol Hill!‚Ä¶ 
"MS's Bicentennial is a celebration of our state's great food, soulful music, beautiful art, &amp; wonderful people!‚Ä¶ "
#WickerReport: Senate should #ConfirmGorsuch! He's a mainstream pick with extensive experience &amp; widespread support. 
"@SenatorTimScott @GamecockWBB .@SenatorTimScott: I'll wager world-class @msstate cheese, ice cream, &amp; peanuts. Let'‚Ä¶ "
Kicking off #NavyWeek on the #GulfCoast. Our Navy leaders say we need 350 ships in our fleet. Trump Admin &amp; I agree‚Ä¶ 
""
""
MS bicentennial party in Gulfport. Great place and time to celebrate @HailStateWBK victory over UConn. #NoAprilFooling! #MS200
Come on out for Military Academy Day today with @GreggHarper and members of my staff at Madison Central High School! 
""
Great seeing local commanders &amp; catching up with Gen Boyles at the MS Bicentennial Picnic Saluting the Military.‚Ä¶ 
"The official unveiling of the Mississippi Statehood forever stamp, saluting Mississippi's 200th anniversary! #MS200 "
Spoke during today's @USPS #Mississippi Forever Stamp Dedication Ceremony in #Gulfport in honor of Mississippi's bi‚Ä¶ 
""
""
Questioned Deputy Transpo Sec Nominee Jeffrey A Rosen about nat‚Äôl priorities &amp; Merchant Marine Academy. Watch here: 
"My rural water bill received hearing today, aims to help small communities comply with federal wastewater standards. "
""
POTUS's executive order to review so-called 'Clean Power Plan' is great news for MS's #energy sector &amp; consumers! 
"In #Meridian, @WickerGayle w/ PO Freeman, Mrs Pence, Mrs Harper, Mrs Swoope at @SecondLady's event for military spo‚Ä¶ "
"The #AttalaCounty Courthouse in #Kosciusko, where MS Federation of Women's Clubs was founded in 1898.‚Ä¶ "
Freedom of speech and the right to assemble are pillars of democratic society. #Navalny &amp; supporters should be released. #RussiaProtests
""
So proud of #LadyBulldogs. MSU on to #FinalFour! First time ever!
@DLMiddleton8 @reflectoronline
"OMG! Tears in my eyes about #Franklin County and #Dr. B's chess champions on #60Minutes. Go, Mississippi!"
Enjoyed speaking with @BlairEBatson Children's Hospital nurses at @eatPrimos this morning in #Flowood! 
Questioned Gen. Scaparrotti @US_EUCOM this morning about ongoing Russian activities in the European region: 
"Judge Gorsuch has earned respect for his intellect, collegiality, &amp; fairness when it comes to applying the law &amp; th‚Ä¶ "
Special relationship between U.S. &amp; Britain is as strong as ever. Those responsible for the #LondonAttacks must be brought to justice.
Thanks to @NAFSA &amp; @APLU for putting together a terrific panel on #studyabroad and international #education.‚Ä¶ 
""
Honored to receive the @USChamber's Spirit of Enterprise Award this morning! #SOE17 #SpiritofEnterprise #Commerce 
""
"Judge Gorsuch has shown during his confirmation hearings that, like Scalia, he is brilliant, principled, and fair.‚Ä¶ "
#WickerReport: @POTUS is expected to put an end to Obama‚Äôs war on coal. Focus should be on U.S. energy independence. 
Judge Gorsuch is one of the great legal minds in America. The Senate should #ConfirmGorsuch. 
All decked out for the St. Paddy's Parade in #Jackson with my granddaughter Evelyn and grand dog Rhett!‚Ä¶ 
"Met with my friend, @vkaramurza, yesterday. His perseverance for an open, free, and democratic Russia is inspiring.‚Ä¶ "
Mississippi's @Dak Prescott shares his story about #ColorectalCancer in the following PSA. #getscreened4dak 
Reintro‚Äôd Medgar Evers House Study Act with @SenThadCochran. Designation would be a tribute to Evers‚Äôs life &amp; work: 
Students in classrooms across the US need access to a computer science #education. This bill will help achieve that. 
Go to 
#Gulfport High School was named a Top 10 Finalist in the 7th Annual #SamsungSolve for Tomorrow Contest! #SamsungSolveGPHS @GulfportHigh 1/2
"Had a productive meeting yesterday at the White House with Lt. Gen. McMaster, @POTUS's National Security Advisor. "
"#WickerReport: MS‚Äôs #seafood industry is a source of local pride, as well as a major economic driver. "
"The US economy added 235,000 jobs in February and the unemployment rate dipped to 4.7%! #GOP #JobsReport"
"Questioned #CENTCOM Commander, Gen. Votel, about ongoing situation in Afghanistan today during #SASC hearing. Watch: "
"Intro'd bill with @SenatorDurbin to promote #StudyAbroad, encouraging American students to gain global experience! "
"Today the Senate voted for local school boards over a Natl School Board, working to overturn Obama‚Äôs #education reg. "
""
"Voted for resolution to overturn BLM Rule aka Planning 2.0, returning power back to the states. It now awaits @POTUS's signature. #planlocal"
Camp Shelby Joint Forces Training Center exercise with @FEMA. #MississippiMonday #Hattiesburg 
#WickerReport: I strongly support @POTUS‚Äôs recent executive order to review the controversial #WOTUS rule. 
""
Introduced bill with @SenatorHeitkamp to help #rural community water systems meet proper water treatment standards! 
Honored to serve MS with @SenThadCochran. Spoke on Senate floor to recognize his recent Senate milestone! Watch here 
My #RareDiseaseDay resolution with @SenSherrodBrown &amp; @SenJohnBarrasso passed the Senate! It's time to focus on curing rare diseases.
""
""
Here's my response to @POTUS's first address to a joint session of Congress: 
""
""
Voted to confirm @WilburRoss. His leadership at the Commerce Dept will benefit American workers and job creators! 
#WickerReport: Expecting bold ideas from POTUS's first address to Congress tomorrow! 
Pleased with @AjitPaiFCC's leadership &amp; the @FCC's decision to expand mobile #broadband access in rural America! 
#WickerReport: The new Administration should pursue greater access to #healthcare &amp; #broadband in rural communities! 
Voted to confirm @ScottPruittOK today. He's an @EPA chief who will listen to both environmentalists &amp; job creators: 
"Speaking on the Senate floor now on why @EPA administrator nominee, @ScottPruittOK, should be confirmed. Watch here: "
"Congratulations to #Oxford‚Äôs Richard Howorth, the new Chair-elect for the TVA Board of Directors! @TVANews "
"Pleased to see #SeaYear resume at #USMMA ‚Äì a critical program for midshipmen, mariners, &amp; military officers. @SecElaineChao very helpful!"
""
Rural America needs a seat at the table as we work to improve our health-care system. My letter to @SecPriceMD: 
Working with @SenThadCochran to overturn a rule from the Obama Admin that infringes on #2ndAmendment rights: 
""
"#WickerReport: I‚Äôm committed to protecting our constitutional freedoms, including our right to keep and bear arms. "
""
""
""
""
"Discussed Judge Gorsuch, POTUS‚Äôs #immigration executive order, &amp; Russia this morning with @SRuhle on @MSNBC. Watch: "
"Honored to meet with #SCOTUS nom, Judge Neil Gorsuch, this morning. Our country would benefit from his confirmation‚Ä¶ "
Pleased to welcome Alabama‚Äôs @AGLutherStrange to the Senate! I look forward to working with you.
It is a new day at @TheJusticeDept. Jeff #Sessions will uphold the #Constitution &amp; the rule of law. Full statement:‚Ä¶ 
Today I questioned IGs about @FirstNetGov &amp; possible use of @msstate‚Äôs #UAS Center of Excellence in #Starkville: 
Working with @SenThadCochran to dismantle Obamacare's Independent Payment Advisory Board. 
""
""
I understand the important role #education plays in our children‚Äôs futures. Voted today to confirm @BetsyDeVos: 
""
""
"Congratulations, @OSD_OMS! "
The Gold Coast: 'cross the river - #MississippiBluesTrail marker in #RankinCounty. #MississippiMonday #Flowood‚Ä¶ 
#WickerReport: Judge Gorsuch is an excellent pick for the Supreme Court. Has judicial philosophy similar to Scalia. 
Mississippians who are planning to visit DC should check my website to learn how they can attend #MississippiMorning 
"Spoke with @theJTshow @supertalk to discuss Judge Neil Gorsuch, @POTUS‚Äôs pick to fill the #SCOTUS seat. Listen here: "
"Filing Senate campaign reports electronically is simple, efficient, cost-effective, &amp; long-overdue! "
Questioned a panel of experts about how to reduce unnecessary regulatory burdens like #netneutrality. Watch here: 
Rex Tillerson confirmed as Sec of State! Has experience necessary to help @POTUS restore our standing in the world. 
"Disappointed in my Democratic colleagues for boycotting cmte vote on @ScottPruittOK, a capable &amp; promising nominee. "
Voters made it clear that the #SCOTUS vacancy should be filled by a jurist in the mold of Justice Scalia. #Gorsuch‚Ä¶ 
Sec Chao has been confirmed! Confident she will use her vast experience to help rebuild our nation‚Äôs infrastructure: 
"#Clarksdale's Josh ""Razorblade"" Stewart, Vietnam veteran &amp; #Blues artist, at the @DBMClarksdale founded 38 yrs ago‚Ä¶ "
Good luck to @AlcornStateU at Honda Battle of the Bands tomorrow in Atlanta! #HBOB #AlcornExcellence 
Spent today getting a firsthand look at devastation from the #PineBelt tornado. I know this strong community will w‚Ä¶ 
#WickerReport: My 'No Taxpayer Funding for #Abortion' bill puts #ProLife legislation on Senate agenda: 
Great to visit w/ @POTUS &amp; @VP ahead of the President's remarks at the Republican policy meeting today. 
""
Congrats to @MSState on receiving this honor for the Mississippi-Morocco partnership! 
""
".@POTUS is putting Americans first by approving the #Keystone XL pipeline. Supports 42,000 jobs &amp; increases U.S. energy security!"
Scenes from two of today's @SchoolChoiceWk rallies! At the Mississippi State Capitol in #Jackson &amp; with‚Ä¶ 
Senate has confirmed Mike Pompeo to be @CIA Director. He is a well-qualified member of @POTUS' nat'l security team. 
"Congrats to @AjitPaiFCC on being named the next @FCC Chairman! He is an experienced leader, and he has my full support."
Just finished a productive call with @DHSgov Secretary Kelly re: support for tornado victims in the #PineBelt. Efforts are moving forward!
"Worked with @SenPatRoberts, @SenatorFischer, &amp; 34 cosponsors to put a permanent end to taxpayer funding of abortion. "
"The #Tupelo Buffalo Park and Zoo, home to over 260 animals. #MississippiMonday #LeeCounty #Buffalo #Bison #Yak‚Ä¶ "
#WickerReport: @POTUS has promised #immigration reform. I'm a cosponsor of 4 bills aimed at ending #sanctuarycities: 
I am confident that Mississippi families will come together to support tornado victims. I am in contact w/ state &amp; local leaders.
President Trump and the country need a nat'l security team in place as soon as possible. That includes confirming Rep. Pompeo to lead @CIA.
"The Senate has confirmed @POTUS' first two cabinet members! Proud to have cast my vote for #SecDef, James Mattis, &amp; #DHS Chief, John Kelly."
""
""
""
""
Congratulations to @POTUS on this historic day! #Inauguration My full statement: 
""
""
So proud of @TheTupeloBand! Looking fwd to their performance tomorrow in the inaugural parade. #Inauguration2017‚Ä¶ 
"Questioned EPA nominee @ScottPruittOK today on negative impact of #CleanPowerPlan, #lumber standards. I support him: "
"ICYMI | My exchange w/ @WilburRoss on creating jobs, lowering taxes, broadband, &amp; cutting red tape. I approve! "
Honored to continue serving on @SenateGOP leadership team with @SenateMajLdr to advance a conservative agenda. 
"My wife, @WickerGayle, and I enjoyed talking with @Pat_Boone during today's @60PlusAssoc's reception at the‚Ä¶ "
Pvt. Manning endangered our troops by leaking classified information. Obama should have kept sentence in place.
It it time to put an end to #sanctuarycities. I am backing four bills aimed at closing #immigration loopholes: 
#WickerReport: President-elect Trump deserves to be equipped with defense team &amp; Cabinet in place on Day One: 
"In memory of the great #MLK: @NCRMuseum in #Memphis, formerly the Lorraine Motel where he was shot in 1968, 12mi fr‚Ä¶ "
"I was honored to introduce Dr. Lonnie Bunch, director of @NMAAHC, during today's Committee for King lunch at Elvis'‚Ä¶ "
@SenThadCochran &amp; I have announced two @NatlParkService grants for #CivilRights projects in MS! 
Today I questioned Marine Corps Gen Mattis on US-Israel Partnership. Very supportive of him as Trump‚Äôs #SecDef. 
About to question Gen Mattis during his confirmation hearing to be our next #SecDef. 
"In a few mins, I'll be speaking to @BWilliams about why America needs Gen #Mattis to be the next Secretary of Defense."
Looking fwd to talking to @paulgalloshow at 7:30a CT about the steps the Senate took last night to begin to #RepealObamacare. @supertalk
Tonight we begin the process to #RepealObamacare and replace it with something that works. My speech today: 
""
Today I questioned @ElaineChao during her confirmation hearing to be Pres-elect Trump‚Äôs Secretary of Transportation: 
"Today, fallen service members &amp; their families were honored at this ceremony, where the MS Gold Star Families Memor‚Ä¶ "
"Congrats to @RepTrentKelly, one of the most informed House members on defense issues, on joining @HASCRepublicans! "
I am on the Senate floor right now to discuss why #Obamacare is not working for Mississippians. Watch here: 
Great meeting with Gen Mattis today. He's an exceptional choice to lead @DeptofDefense during these difficult times‚Ä¶ 
"John C. Stennis Lock &amp; Dam, impounding the #Columbus Lake in #LowndesCounty. Named after the former U.S. Senator fr‚Ä¶ "
#WickerReport: It‚Äôs time to repeal #Obamacare. Real change begins with policies that lower costs &amp; increase access: 
Great crowd on hand today in #DeSoto County for the investiture of Bobby Chamberlin to the MS Supreme Court! 
"Obama issued 3,853 regs in 2016. It's impt to pass #REINSAct, which I support &amp; which halts major regs with an annual econ impact of $100M."
ICYMI | This morning I spoke w/ @CarolCNN on @CNNnewsroom about today's @SASCMajority hearing on cyber threats: 
"Met with Vincent Viola, Army veteran &amp; nominee for #SecArmy. Confident that he is the right pick to lead @USArmy. E‚Ä¶ "
Met with @ScottPruittOK today regarding his nomination to lead @EPA. He‚Äôs more than qualified for the job!‚Ä¶ 
"Today I announced my committee assignments for the 115th Congress: @SenateCommerce, @SASCMajority, @EPWMaj, &amp; Rules. "
"#WickerReport: I expect major reforms during Trump‚Äôs first 100 days, such as Obamacare repeal, SCOTUS nom, &amp; more. "
Happy New Year's Eve from the @MSChildsMuseum in #Jackson! Spent a wonderful afternoon here with my grandchildren a‚Ä¶ 
"Merry Christmas. In the words of Ronald Reagan, let us follow a higher light and try to be better than our everyday selves."
The Trump Administration will offer a more supportive and promising agenda in the new year. 2/2
Obama's regrettable decision not to veto UN resolution re: Israeli settlements is an embarrassing slap at a steadfast ally. 1/2
Sat down with @CFordWTVA yesterday to discuss expectations under a new Congress &amp; President-elect Trump: 
""
Yesterday I toured the @Navistar assembly plant in #WestPoint. Watch here for @WLOVFox27‚Äôs coverage of my visit: 
""
Enjoyed hearing the Christmas sermons &amp; presenting my book donation today at the #UnionCounty Library Book Club lun‚Ä¶ 
Had a productive morning in #WestPoint at the @Navistar plant. Toured the assembly line where MRAPs are received &amp;‚Ä¶ 
Thanks to those who came out on a COLD night in #Mantachie to visit with me. Always a pleasure to be in #Itawamba C‚Ä¶ 
The beautiful Mississippi State Capitol building decorated for the holidays. #MississippiMonday #MerryChristmas 
#WickerReport: I've already begun my work for the next Congress with visits across MS to hear directly from you! 
"$1.15 million awarded to #BayStLouis, #Biloxi, #Gulfport, &amp; #Pascagoula for new passenger #rail service groundwork! "
Festive morning in #NewAlbany helping out with the 5th annual Community Christmas Meal! 
""
Rang the @salarmyjxn bell at the I-55 Kroger in #Jackson yesterday with my daughter &amp; granddaughter. It was a great‚Ä¶ 
""
"Toured @Colpipe in #Collins. Enjoyed hearing about Collins Junction's daily operations, working to deliver fuel saf‚Ä¶ "
Joined former Sheriff Dewitt Napier and others for coffee this morning at Morgan's on Main in #Collins!‚Ä¶ 
Surprise stop at the #WalthallCounty Courthouse. Spoke with Sheriff Kyle Breland &amp; other #Tylertown residents. Than‚Ä¶ 
Pleased to announce that my #EUREKA plan is now law. Hopeful that Dr. Collins can stay on at @NIH to help implement: 
My day in the Pinebelt continues: Toured Lowe's Flatbed Distribution Center in #Purvis &amp; MMC Materials ready mix co‚Ä¶ 
Appreciate @MGCCCBulldogs leadership sitting down with me this morning at the #Perkinston campus. #StoneCounty‚Ä¶ 
"Are you interested in seeing POTUS sign the 21st Century #CuresAct &amp; my #EUREKA plan into law? If so, watch here! "
""
"Thanks to @RepTrentKelly, #Oxford post office will serve as a tribute to 1st Lt Donald Carwile in his hometown: "
""
Great to bump into our family friend  Dorothy Roberts while I was in #PassChristianMS today. @DMcEw 
"#WickerReport: In case you missed Dec 4 @60Minutes, here‚Äôs why advanced manufacturers want to call Mississippi home: "
Today I heard from members of the #Lucedale community. Enjoyed our visit! #GeorgeCounty 
"Had a wonderful visit this afternoon with students, city employees, and local leaders at the @JonesJrCollege campus‚Ä¶ "
Enjoyed speaking during @Raytheon's T-100 Site Inauguration this morning in the Key Brothers Hangar at the‚Ä¶ 
""
""
Celebrating 10 years of the Mississippi Blues Trail! #BirthplaceofAmericasMusic 
"Happy birthday to the great state of #Mississippi! #OTD 199 yrs ago, MS became the 20th state admitted to the Union! #blues #hospitality"
""
We listened from my 6th grade class when John Glenn became the 1st American to orbit Earth. A great inspiration.
Read my @FoxNews Op-Ed on why I support Gen. Mattis. I will fight any attempt by Dems to slow-walk his nomination: 
"Senate passed #NDAA, now sending to #POTUS‚Äôs desk. Bill gives troops pay raise, takes base closings off the table. "
"My #EUREKA plan to advance Alzheimer's research, part of the #CuresAct, is on its way to the President's desk to be‚Ä¶ "
""
Time for new leadership at @EPA! Looking fwd to hearing Scott Pruitt's plan to work w/ @realDonaldTrump to rein in unjustified regs! ‚Äì RW
Happy birthday to @SenThadCochran. Here‚Äôs to another year of working together on behalf of our great home state! #Mississippi
"Senate passed #CuresAct &amp; my #EUREKA plan! Major step toward curing diseases, advancing medical research: "
"75 years after the attack on our nation at #PearlHarbor, we honor the 2,403 Americans who fought and died for our freedom. #PearlHarbor75"
Sat down with Elaine Chao today. Her experience makes her an excellent pick by President-elect Trump to lead @USDOT‚Ä¶ 
""
ICYMI | Watch this news report from @WLBT's @courtneyannj on my #EUREKA plan aimed @ advancing #Alzheimers research: 
The #ECHOact was passed by the House unanimously. Congrats to @SenOrrinHatch &amp; @SenBrianSchatz on their hard work! 
ICYMI: Spoke on the #SenateFloor today about the #CuresAct &amp; my included #EUREKA plan. Watch here: 
"Great meeting with Wilbur Ross, President-elect Trump‚Äôs well-qualified nominee for @CommerceGov Secretary:‚Ä¶ "
Speaking now on the #Senate floor about the #CuresAct &amp; my #EUREKA plan. Watch here: 
Joined @SenCoryGardner &amp; 21 other Senators in sending a letter to POTUS asking him to stop issuing new regulations: 
"Spoke on @WLOX‚Äôs ‚ÄòGood Morning MS‚Äô this morning about the #CuresAct &amp; #EUREKA, my Alzheimer‚Äôs initiative: "
"#WickerReport: Alzheimer‚Äôs prize competitions, greater FDA transparency, &amp; other priorities included in #CuresAct. "
Two tracks appeared by a yellow wood.. #Ginkgo tree in #Jackson. #MississippiMonday #ginkgobiloba 
"Congrats to #Meridian-native BG J. Roy Robinson, former ED of @TNGAMS, on being selected as @NGAUS1878's President! "
""
""
Congrats to @GreggHarper on being selected by @SpeakerRyan as chairman of the Committee on House Administration! @HouseAdmnGOP
Pleased that President-elect @realDonaldTrump has chosen Gen. James Mattis as the next Secretary of Defense: 
""
""
""
My Alzheimer‚Äôs initiative #EUREKA passed the House! 1 step closer to becoming law. Senate will act next week. 
$33M grant going to MS &amp; @UMMCnews to improve emergency communications capabilities &amp; save lives! 
Spoke on the Senate floor today to express my support of advancing #telehealth with the #ECHOAct. Watch here: 
""
I enthusiastically support President-elect Trump‚Äôs nomination of @RepTomPrice to be the next @HHSGov Secretary: 
Celebrating efforts of #NationalAdoptionMonth by supporting a resolution to promote awareness of #adoption &amp; children in need of a family.
#WickerReport: Recently visited #Gitmo and I remain opposed to its closure. 
Mississippi wildflowers still in bloom. #MississippiMonday #fallflowers 
""
""
I call on the regime to reject the methods of the past and deliver much needed political and human rights reforms to the Cuban people. (2/2)
"Fidel Castro may be gone, but the oppression &amp; tyranny characterized by his iron-handed rule continue to grip the island &amp; its people. (1/2)"
"Have a happy &amp; safe #Thanksgiving. Let us give thanks to our men &amp; women in uniform, some of whom are celebrating a‚Ä¶ "
Fed judge was right to block #OvertimeRule. More red-tape is not the answer to weak job growth. 
#WickerReport: Congress &amp; @realDonaldTrump will soon have an opportunity to roll back harmful Obama #regulations: 
Honored to take part in a promotion ceremony last night in #Columbus for @USNavy Commander Brad Gore. Thank you for‚Ä¶ 
"As #AttorneyGeneral, @SenatorSessions will be a champion for the #Constitution &amp; the rule of law:‚Ä¶ "
"It's #NationalRuralHealthDay. 1/3 of the rural hospitals, clinics &amp; providers critical to communities are closing. Let's work to #SaveRural!"
""
I‚Äôm on @FoxBusiness LIVE with @LizClaman. Tune in NOW to watch! 
Will be on @FoxBusiness LIVE with @LizClaman today at 3pm ET. Tune in to watch! 
Had a productive meeting today w/ Gen. Boyles during his first official visit to Capitol Hill:‚Ä¶ 
On @MitchellReports to discuss @realDonaldTrump‚Äôs transition with Andrea Mitchell. Tune in to @MSNBC now to watch.
"Are you interested in attending @realDonaldTrump‚Äôs inauguration ceremony? If so, click here for more information: "
""
#WickerReport: Republican majority plans to continue record of bipartisan achievements. Plenty of work to be done. 
At #Tupelo's Kiwanis Club lunch today. Enjoyed speaking and catching up with friends. @Kiwanis 
In #Nettleton speaking with vets at the local Veterans Day program. Grateful for each &amp; every veteran's noble servi‚Ä¶ 
Today we pay tribute to the 23M men and women who honorably served and protected our nation. Thank you for your heroic service. #VeteransDay
Pleased to speak during investiture of @UMchancellor Jeffrey Vitter at @OleMissRebels Ford Center today. Watch here‚Ä¶ 
"Happy 241st birthday to @USMC! Thank you for your selfless service on land, at sea, &amp; in the air since 1775. #SemperFi #HappyBirthdayMarines"
"Built in 1970, GM&amp;O Caboose #2994 operated on many railroads. It was restored &amp; is permanently displayed in‚Ä¶ "
#WickerReport: Casting our vote continues the great American experiment. 
Joined MS delegation in asking POTUS to award MS civil rights leader Medgar Evers the Presidential Medal of Freedom: 
Our beautiful MS State Capitol building has earned Nat‚Äôl Historic Landmark designation! I supported this last year: 
""
#Obamacare open enrollment starts today. MS premiums likely go up by 15+%. Rising health-care costs highlight need to repeal &amp; replace!
""
"Cemetery in #RockySprings, a ghost town in #ClaiborneCounty. Home to over 2600 in 1860. Only church &amp; cemetery rema‚Ä¶ "
"#WickerReport: With #VeteransDay near, MS‚Äôs strong military, veteran community honored at #GulfCoast Salute last wk: "
New @FCC proposal would help narrow rural #broadband gap! Americans need access to hi-speed mobile wireless service. 
Participated in today's @MaxxSouth #Broadband press conference announcing their #internet service expansion in‚Ä¶ 
Congrats @GOPSenFinance on the new bipartisan #chroniccare bill. Thanks for seeing the promise of #telehealth and the #CONNECT4Health Act.
"Great news! 8 infrastructure &amp; community dev projects in MS awarded $3.38M funding from @DeltaRegional, $7.2M total: "
"Last time @Cubs were in the #WorldSeries (1945), south MS native &amp; @MillsapsCollege grad Claude Passeau was the winning pitcher for game 3!"
@SenatorThadCochran &amp; I asked Obama to negotiate a #lumber deal with Canada to protect US industry &amp; American jobs: 
"Met with @USAirForce Sec Deborah James, @PhilBryantMS, &amp; Brig Gen Janson Boyles at @81trwKeeslerAFB this afternoon. "
Joined @SenatorKirk &amp; 12 other Senators in asking @DeptVetAffairs Sec. McDonald to respond to troubling new reports: 
@NASAStennis recently redid the front of its main administration building in #HancockCounty. #MississippiMonday‚Ä¶ 
#Meridian may host site to produce next generation of @USAirForce trainer aircraft. Chosen by @Raytheon.‚Ä¶ 
"No child should suffer from polio, a preventable disease. Proud of US leadership, work with @Rotary &amp; partners to #endpolio. #WorldPolioDay"
#WickerReport: Our fight against cancer is gaining ground. There's no better time for a moonshot! 
Today is the National Day on Writing. Writing helps me connect with the Mississippians I‚Äôm honored to represent in the Senate. #WhyIWrite
"Stopped by Joe's Hot Tamale Place, also known as The White Front Cafe, for some #tamales this afternoon in‚Ä¶ "
Spoke during today's #Clarksdale @Rotary lunch. Enjoyed my visit with local Rotarians! 
"#CatfishAlley mural in #Columbus, by @MUWedu Prof Stelioes-Wills. Represents alley in 1920s-1960s, at its most vibr‚Ä¶ "
"#WickerReport: Oct 7 jobs report cites slow growth, discouraging state of US workforce. Training is key to success. "
"Watch my discussion w/ @Dave_Elliott_WLOX, @DougWalkerWLOX on the presidential race, national debt, &amp; war on terror: "
""
"#WickerReport: MS holds 3 of the U.S.‚Äôs 49 Nat'l Heritage Areas, generating local revenue and boosting job growth: "
Congrats to #Gulfport on being named one of the best places to live in the nation! 
""
Spoke at the Mississippi #GulfCoast National Heritage Area Launch Event today. @VisitMSCoast @Mississippi_DMR 
"$2M in @USDA financing to help rebuild #WinstonCounty Medical Center, further restore #Louisville community: "
Railroad track running north in #Como. #MississippiMonday #HillCountry #Rail 
#WickerReport: Intro‚Äôd my #EUREKA bill 1 yr ago to help #EndAlz. Nearly 2/3 of Senate &amp; 78 orgs are now supporting. 
In #Columbus to help kickoff our state's bicentennial celebration. Standing in front of the historic 20 star U.S. f‚Ä¶ 
"Terrific ceremony in #Oxford today to honor Sheriff ""Buddy"" East - the longest serving sheriff in #Mississippi. "
Great news for MS's #GulfCoast! $2M FEMA grant awarded to #Gulfport for improvements to local water systems: 
"40yrs ago, the Hyde Amdt began saving lives - over 2 million Americans to date. Protecting lives is not a partisan issue. #HydeSavesLives"
Working with @SenThadCochran &amp; 41 other Senators to push for Obama admin to abandon proposed estate tax regulations: 
Looking forward to being on @NewsRadio981 at 7:15a CT this morning! Listen here: 
The Senate approved clean govt funding bill that doesn't increase spending. Dems finally dropped political stalling: 
"Appreciate @SteveDaines &amp; @SenatorKirk supporting my #CONNECT4Health Act, working to grow #telehealth services, lower costs, improve health!"
"Voted today to override POTUS‚Äôs veto of #JASTA, clearing the path for 9/11 families seeking justice: "
Good news for Mississippi's #GulfCoast! @Chiquita has officially returned to the @PortofGulfport! #YesWeHaveBananas
"
1.spending levels
2.#Zika
3. Support for our #Veterans
4.Funding to comba‚Ä¶"
"Despite their former support for a clean spending bill, Senate Dems blocked the bill, threatening a govt shutdown: "
"Glad to see that @PoloCustomProd is expanding in #Louisville, creating 30 jobs! #economicdevelopment #jobcreation "
"The Senate passed my ocean monitoring bill! Would improve weather forecasting, energy siting, marine safety. "
"Last week, @ShopFloorNAM published report revealing the true cost of POTUS‚Äôs #labor regs: $81.6 Billion. Full study: "
Mississippi #cotton in #PanolaCounty. #MississippiMonday 
"#WickerReport: Recent terror attacks in US call for greater vigilance, leadership. Current strategy isn‚Äôt working. "
"
‚û† 12:00 pm - Senator @RogerWicker

Listen online at "
'Palmer went to bed at night with charisma and woke up the next morning with more' - Sam Snead. A legend has moved on!#ArnoldPalmerRIP
Honored to join @SenatorDurbin in an effort to expand study abroad opportunities for college students: 
Watch me respond to Obama‚Äôs assertion that ‚Äòthere‚Äôs no ultimate military victory‚Äô in #Syria: 
"1 yr ago, I intro'd my #EUREKA bill in an effort to find a cure to Alzheimer's disease. 62 Senate sponsors. Grateful for the support #EndAlz"
Proud to recognize @PinelakeChurch as 2016 Angel in Adoption for its leadership in adoption &amp; foster care within MS‚Ä¶ 
Great news for central MS! #Jackson airport gets $3.8M FAA grant for critical improvements to runway &amp; lighting: 
MS &amp; 20 other states sued fed govt to block @USDOL‚Äôs Overtime Rule: 
Today is #WorldAlzheimersDay. #EUREKA unleashes the power of prizes to stop this devastating disease. Together we c‚Ä¶ 
Intro‚Äôd MD-CARE Act 15yrs ago. Yesterday's milestone ranks as one of most important in our fight to cure #Duchenne: 
""
""
"#WickerReport: #WRDA includes support for MS flood-control projects, improvements to state‚Äôs ports &amp; waterways. "
Sunflowers in #SharkeyCounty. #MississippiMonday #MississippiDelta @VisitTheDelta 
Good news! $1.49M grant awarded to construct safe room at Coahoma Community College in #Clarksdale: 
"This morning, I questioned members of the @FCC about rural #broadband, set-top box rule. Watch here: "
"Questioned @thejointstaff today about long-term military budget challenges, #shipbuilding priorities, Afghanistan: "
"Worked with @SenThadCochran to include water projects in #WRDA bill that improve MS waterways, local flood control: "
Some prominent Dems admit that sadly it has been a miserable 8yrs in the area of keeping Americans safe and secure: 
""
Historic Fort Massachusetts on #ShipIsland off the MS #GulfCoast. #MississippiMonday #NPS100 @NatlParkService 
"#WickerReport: We will soon face more #Obamacare premium increases, leaving consumers with few, if any, choices. "
MissMississippi Laura Lee Lewis made us proud tonight. 4th runner up. Congrats to @lauraleelewisss!Congrats to @MissAmericaAR! #MissAmerica
"Remembering #9/11 w American Tune (Paul Simon), America (Simon/Garfunkel), America (Neil Diamond), America the Beautiful (Ray Charles)!"
"15 years after 9/11, we remain resolute in efforts to strengthen our nation's security. Full statement: "
Toured the Littoral Combat Ships at Fincantieri Marinette Marine Shipyard. #USSDetroit #Seapower 
"The National Tax-Limitation Committee recognized me with the ""Tax Fighter Award"" for my voting record this Congress! "
"Honored to receive the @60PlusAssoc's ""Guardian of Seniors' Rights Award"" for my commitment to the elderly! "
"Today is World #Duchenne Awareness Day. Raising awareness, support of early diagnosis programs &amp; research is critical. #WDAD16 #EndDuchenne"
"#WickerReport: MS is leading the way toward the next #technology frontier with #Telehealth, #PrecisionAgriculture: "
One hour pre game --an #OleMiss class act at a season opening classic #deucemcallister @OleMissRebels #WAOM 
"Honored to help dedicate Nusz Hall, the new home for the Sonny Montgomery Center for America's Veterans at @msstate. "
Gave the keynote &amp; participated in a roundtable discussion at #OleMissTechSummit today. #technology @OleMissRebels 
"#Gulfport was awarded $3.8M in federal grants to aid community developments, airport infrastructure! "
""
Enjoyed speaking at the #Madison County Business League &amp; Foundation lunch today. #MCBLF 
America loses a classic as Gene Wilder succumbs to Alzheimer's. We can honor him &amp; others by finding a cure. #EndAlz #EUREKA
""
"11yrs after #HurricaneKatrina, I'm honored to be part of #Waveland PD's ribbon cutting ceremony. #MississippiMonday "
"#WickerReport: Strategic investments in Mississippi communities reaffirm our state‚Äôs vitality, rich quality of life: "
""
""
Happy 100th birthday to the @NatlParkService! It's time to celebrate by visiting your favorite MS park: 
""
"William Faulkner statue @ #Oxford CityHall. Sculpted in '97, 100yrs after his birth in #NewAlbany #MississippiMonday "
"#WickerReport: Working to launch my book donation program, raise awareness of @LibraryCongress #SurplusBooksProgram "
".@MSBookFest is packed! Interviewed Anne Webster about her book, ""Mississippians in the Great War: Selected Letters"" "
@bowie_tori brings home the #Gold for #TeamUSA. #Mississippi is so proud! #SandHill @USMGoldenEagles
Bowie_tori brings home the gold for #TeamUSA. Mississippi is so proud!  #Sandhill @USMGoldenEagles
"
200m ‚úÖ
4x100 ‚úÖ
.@bowie_tori is #Gold #USA"
"Visiting w/ Bill Smith (fmr Mayor of Houston, MS) &amp; Dr. Herman Smith after speaking to the #Houston Exchange Club. "
Pleased to see that #Tupelo Regional Airport will receive a @FAANews grant to improve the runway &amp; taxiway: 
Congratulations to #Gulfport‚Äôs Brittney Reese on winning the silver medal in the long jump! @DaLJBeast #Rio2016 #RebsInRio
Proud of @bowie_tori for winning her 2nd Olympic medal last night in @Rio2016 -- Bronze in 200m dash! #SMTTT #SandHill
Enjoyed visiting Dunn's Falls in #Enterprise. Thanks to @PatHarrisonWD reps for the scenic tour! 
"#OTD in 1969, 47yrs ago, #HurricaneCamille hit MS #GulfCoast as deadly category 5 storm. 1 of only 3 category 5s to ever make US landfall."
Stopped in #Prairie this afternoon to visit the Birdsong Peanut buying point facility! #BirdsongPeanuts 
Enjoyed visiting with the Border Springs Baptist Church monthly lunch group at Farmstead in #Columbus. 
Read some of Mark Twain's #HuckleberryFinn to West Lowndes Elementary 4th graders in @RIFWEB program. #Literacy üìö 
Can't wait to watch @bowie_tori in tomorrow's 200m Olympic finals! We are so proud of you! #Rio2016 #SMTTT
Great speaking with members of the Miss. Hospitality &amp; Restaurant Association today in #Tupelo! @EatOutOftenMS 
"Congrats to Oxford's @SamKendricks, @OleMissRebels alum! First US #PoleVault medal since '04. #JumpSamJump #Rio2016 "
Bronze medalist @SamKendricks featured and well-spoken on @TODAYshow. Proud of the young Miss. lieutenant. #Rio2016 
""
@samkendricks makes us proud with bronze medal in pole vault! #JumpSamJump #Rio2016 #Mississippi #USAüá∫üá∏
Good luck to #Oxford's @SamKendricks in the pole vault finals! #JumpSamJump #Rio2016
Sunrise on the coast in #Gulfport üåÖ  #MississippiMonday #MSGulfCoast #HarrisonCounty 
Congrats to #SandHill's @bowie_tori for winning a silver medal in the women's 100m! #Rio2016 #SMTTT
"Space exploration still goes through @NASAStennis in #HancockCounty, 50 years after first rocket test: "
Heartsick to hear of plane crash that took the lives of 6 Mississippians. Confident the community will embrace the 11 children left behind.
Enjoyed touring the @ViewGlass Manufacturing facility this afternoon in #OliveBranch. 
Took a tour this morning of @NorthwestMSCC's impressive new Mechanical Technology building. 
"Congratulations to #Jackson native @aeaton106, the new #GASCO16 Seafood King of America! Way to make Mississippi proud. @TheManshipjxn"
Enjoyed giving the keynote address this morning at the Gulf Intracoastal Canal Assoc's 111th annual seminar. #GICA 
Finished Day 22 of the #22Kill pushup challenge by doing #22pushups at #NOLA's @WWIImuseum. Appreciate the help. 
"This video highlights the success, positive impact of #telehealth in MS: "
"MS students interested in growing leadership skills, apply for @SenateYouth Program by Sept30. Learn about our govt! "
Yesterday was Day 20/22 of my #22pushups for #22Kill. Boston's historic Faneuil Hall provided a great backdrop. 
"#Belzoni, the heart of the #Delta &amp; the #catfish capital of the world. #MississippiMonday #HumphreysCounty "
Looking forward to watching these #Mississippi athletes compete in the 2016 Summer Olympics in Rio: 
A well-deserved spot in the @ProFootballHOF for #Kiln's @Favre4Official. One of the greatest QBs to ever play the game. @USMGoldenEagles
Appreciate @wherefordwtva &amp; @alliemartin1211 jumping in this morning for a 2nd round of #22pushups for #22Kill! 
"Great having @tupmayorsoffice, @RepTrentKelly, Lee Co Sheriff JimJohnson, others join me for #22pushups for #22Kill! "
""
.@AlzAssociation issues $7M challenge to scientists to find #dementia treatment - similar to my #EUREKA Act: 
Looking forward to having @tupmayorsoffice &amp; @RepTrentKelly join me this morning at #Tupelo City Hall to do #22pushups for #22Kill! #Day17
Happy 226th birthday to the @USCG! Thank you for keeping us safe and protecting our maritime interests. #SemperParatus #CheersUSCG
Challenged #Jackson Mayor @TonyYarber to join me in day16 of my #22pushups for #22Kill! #Flowood Fire and PD joined. 
Touring One Lake Property in #Hinds and #Rankin counties with #Flowood Mayor Gary Rhoads &amp; reps from @GJCP. 
""
"Happy 300th birthday, #Natchez! Honored to be part of the tricentennial celebration. #Natchez300"
"Est in 1716, Fort Rosalie‚Äôs dedication by the @NatlParkService recognizes Natchez‚Äôs long, rich heritage. #Natchez300 "
"Day15 of #22pushups for #22Kill! Thx Quinn Jordan &amp; Dustin Bairfield, who joined me @ #Brookhaven's Betty's Eat Shop "
""
"Challenged #Gulfport Mayor @BillyHewes, #Biloxi Mayor FoFo Gilich to join me in doing #22pushups for #22Kill: "
"Here‚Äôs another @Southern_Living write-up about where to eat, visit, stay, and shop in the #Mississippi #Delta! "
"If you're in central #Mississippi, here's a great write-up from @Southern_Living on some things to do in #Jackson: "
""
In #Biloxi for Southern Railroad Commission's meeting to discuss restoring #rail service w/ local mayors. #GulfCoast 
"River Bend on @TheNatchezTrace Parkway, where the Pearl River flows through #Canton. #MississippiMonday "
#WickerReport: #22KILL social media campaign &amp; Senate legislation respond to alarming statistic on veteran suicide: 
I appreciate the help from my grandkids on Day 13 of the #22Kill pushup challenge. 
Looking fwd to being on the @thejtshow this morning at 10a CT. Listen here: 
Day 9 of the #22killpushupchallenge live from #NCF16. Learn more about #Kill22 in this week's #WickerReport. 
"Great to run into Jonathan Daniels, director of the Port at Gulfport, at #NCF16. @PortofGulfport "
#Natchez has been awarded $10M #TIGER grant for upgrades to the Natchez railway! 
Touring #Greenwood's new wastewater facility w/ plant manager Eddie Curry. 
Looking fwd to being on the @paulgalloshow this morning at 7:30a. Listen here: 
Sunny afternoon at the #Neshoba County Fair. #NCF2016 #NeshobaCountyFair 
@SenThadCochran &amp; I joined 15 senators in asking @SecretaryJewel @Interior to drop proposed @BOEM_DOI offshore rule: 
#WickerReport: Let‚Äôs strengthen #immigration enforcement. New bill would target illegal immigrants driving drunk: 
"Great news! $20.3M for upgrades to 18 local MS airports- improving
safety, quality of life, economic competitiveness "
"Enid Lake - in #Yalobusha, #Panola, and #Lafayette Counties - was named one of 10 lakes in the U.S. for summer fun!"
My #EUREKA act is now backed by 3/5 of the Senate! Let's put the best minds together to find a cure to Alzheimer's. 
""
Beautiful view of #Gulfport from the Hancock Bank Building. #MississippiMonday @VisitMSCoast #GulfCoast 
"#WickerReport: Bipartisan #CARA bill would fight #opioid crisis, give communities resources needed to save lives: "
Appreciate @LindseyGrahamSC supporting my #EUREKA bill as my 60th cosponsor! Let's work together to find a cure for Alzheimer's. #EndAlz
"Glad to be working w/ @SenJoniErnst on my #EUREKA legislation to find a cure for Alzheimer‚Äôs. With a prize, we pay only for success. #EndAlz"
Thanks @ChuckGrassley for supporting my #EUREKA bill! Glad to have you on board. Let‚Äôs work together to end Alzheimer‚Äôs disease. #EndAlz
Senate Dems have again blocked funding to combat #Zika virus &amp; support our nation‚Äôs #veterans. 2nd time in 3 weeks. 
"Intro'd bill w/@SenBrianSchatz to expand rural access to #telehealth, provider access to FCC fund "
Troubling that Senate Dems have blocked funding for our nation‚Äôs military b/c of politics. 5th time in 2 years: 
The Senate confirmed Carla Hayden as the 14th librarian of Congress. Met w/ her last April: 
Thanks @SenatorTester for supporting my #EUREKA act! Glad we are working together to help find a cure for Alzheimer‚Äôs disease. #EndAlz
"Good news! The Senate passed a pro-safety, pro-security #FAA extension bill. #AviationReform "
Inspiring #BreastCancer survivor &amp; #Biloxi local Paulette Leaphart raises awareness with 1000 mile walk to DC: 
Cmte approved my bill with @SenThadCochran to designate Medgar Evers‚Äô home as @NatlParkService unit. 1 step closer. 
Glad to have @SenSchumer on board in support of my #EUREKA act. A prize is the right way to an Alzheimer‚Äôs breakthrough. #EndAlz
Thanks @SenJackReed for cosponsoring my #EUREKA bill. Now let‚Äôs work together to end Alzheimer‚Äôs disease. #EndAlz
Appreciate @SenJohnMcCain supporting my #EUREKA bill. We‚Äôre one step closer to finding a cure to Alzheimer‚Äôs and other dementias. #EndAlz
""
"My #EUREKA act has another cosponsor. Thanks @SenatorHeitkamp! Let‚Äôs work to end Alzheimer‚Äôs. With a prize, we pay only for success. #EndAlz"
Senator @JimInhofe has cosponsored my #EUREKA bill - Thanks for the support! Now let‚Äôs work together to find a cure for Alzheimer‚Äôs. #EndAlz
.@UsAgainstAlz supports my #EUREKA Act! We‚Äôre working together to help stop Alzheimer‚Äôs once and for all. 
"Col James Drane House, antebellum home built 1846. Located at @FrenchCampAca on @TheNatchezTrace. #MississippiMonday "
"Honored to participate in @NatchezMS300‚Äôs #NatchezHistoryMinute, honoring Robert Huntington Adams: "
Sent letter with 27 senators to @FCC on updating USF‚Äôs Mobility Fund. Need better #broadband service in rural areas: 
Pleased that @AerojetRdyne will expand its presence at @NASAStennis in #HancockCounty: 
"Celebrating #Natchez tricentennial, MS heritage with a Senate res, #NatchezHistoryMinute, &amp; festivities: "
Appreciate @SenRonJohnson supporting my #EUREKA act. Now let‚Äôs work together to find a cure for Alzheimer‚Äôs disease &amp; #EndAlz!
"Thanks, Senator Murphy, for supporting my #EUREKA bill to help find a cure to Alzheimer‚Äôs. With a prize, we pay only for success! #EndAlz"
Heartsick for our brothers and sisters in Dallas who lost 5 brave officers last night. Praying the injured make a speedy recovery.
Today I voted to protect American families by strengthening our #immigration laws. #StopSanctuaryCities #KatesLaw 
"The Senate Approps Cmte, led by MS‚Äôs own @SenThadCochran, has passed every bill out of cmte - fastest since 1988: "
Happy #IndependenceDay! Celebrating 240 years of freedom. #4thofJuly 
""
Pleased to announce a $3.1B contract for @USNavy #shipbuilding to @HIIndustries on Mississippi Gulf Coast: 
"Thanks to Senator @MikeCrapo, I now have half of the Senate supporting my #EUREKA bill! Now let's find a cure for Alzheimer‚Äôs. #EndAlz"
"It is an honor to memorialize the #Natchez Tricentennial, the city‚Äôs 300th birthday: "
"Senate Dems are letting politics hinder the safety of Americans threatened by #Zika, supporting #veterans: "
Pat Summitt was a champion for women‚Äôs sports. One of the best coaches in history. More important than ever to find a cure to #EndALZ.
"
 
FULL TEXT of the #BenghaziReport: "
"Fort Massachusetts was built after the War of 1812 on Ship Island, 12 miles off MS's #GulfCoast. #MississippiMonday "
"#WickerReport: To help identify spending priorities, Senate passes annual funding bills w/strong bipartisan support: "
"Senate working to fight terrorism after #Orlando tragedy, provide resources to prevent future attacks. Listen here: "
"Enjoyed meeting with Morgan Freeman yesterday to discuss MS, our great home state, &amp; the shark fin bill. #FinBanNow "
"Thanks @RoyBlunt for supporting my #EUREKA bill. Let‚Äôs work together to find a cure to AD. With a prize, we pay only for success! #EndAlz"
SCOTUS struck down POTUS‚Äôs #amnesty rule. Our country‚Äôs system of checks &amp; balances worked exactly as it should: 
Appreciate @SenatorTimScott supporting my #EUREKA act. Glad to have you on board! Let‚Äôs work together to find a cure to Alzheimer's. #EndAlz
It's #NationalSelfieDay! My skilled interns just taught me how to take a selfie. 
"Chairing @SenateCommerce telecom hearing to examine @FirstNetGov, public safety broadband network status. Watch here:"
Voted to prevent terrorists from accessing firearms &amp; to protect constitutional freedoms for law-abiding citizens: 
A warm summer hike along #CypressSwamp trail on @TheNatchezTrace in #Canton. #MississippiMonday 
"In this week‚Äôs #WickerReport: In the wake of Orlando‚Äôs tragedy, the Senate is focusing on fighting terrorism: "
"If you‚Äôre in the DC area, @MissSocietyofDC‚Äôs #MississippiontheMall is tomorrow! Enjoy some sun &amp; fried @SimmonsCatfish on @TheNationalMall!"
Marisa Laudadio of #Walnut &amp; Hilary Burgess of #Corinth won the Congressional Award Gold Medal! Congrats! @theaward 
MUST READ: @SenThomTillis‚Äô op-ed about using head &amp; heart to battle #Alzheimer‚Äôs: 
Sunday is #Juneteeth Independence Day. @SenThadCochran &amp; I support measure honoring historic end to slavery in US: 
""
"Senate passed #NDAA yesterday, critical for troops &amp; natl security. No plans for base closings in bill. Listen here: "
Congrats to the MS Highway Patrol #LawFit team for winning the National LawFit Challenge last weekend ‚Äì their 9th national fitness title!
#FlagDay was officially est 100 yrs ago by Pres Wilson. Dates back to 1777 when the US flag was first adopted. 
"Senate passed #NDAA. Bill would benefit MS‚Äôs soldiers, veterans, military installations, &amp; defense manufacturing: "
"Sunset over #Pickwick Lake, near #Iuka. #MississippiMonday #TishomingoCounty "
#WickerReport: Our military commanders &amp; communities rely on #NDAA to prepare for the future. MS plays major role: 
"Spoke on Senate floor about #JamesMeredith‚Äôs powerful role in MS‚Äôs progress during #CivilRights era, 50 yrs ago: "
"The Senate passed my resolution honoring 50yr anniv of James Meredith‚Äôs historic, courageous ‚ÄúMarch Against Fear.‚Äù "
#SeersuckerThursday was started back in the 90s by former MS Sen Trent Lott. We‚Äôre still suckers for #seersucker! 
"The Youth Advocate of the Year for @TobaccoFreeKids, #Gulfport's Bryce Moore, told me about @TruthInitiative today: "
Here‚Äôs my op-ed in @TIME on #Alzheimer‚Äôs &amp; how we can work toward a cure by 2025 with my #EUREKA bill: 
.@EPA has finally granted exemption for Mississippi farmers use of Transform WG on plant bugs in #cotton: 
Southern #catfish producer fears his quality product being mixed up with inferior foreign catfish: @Marketplace | 
Touching story of two scientists working to find a cure for their son's rare/fatal disease: 
ICYMI: @newtgingrich discusses how my #EUREKA Act is the right way to #Alzheimer's breakthroughs. Read here: 
#TSCA reform is a big milestone for consumers. It's time we update these policies &amp; support economic opportunities: 
Glad to support @SenAlexander &amp; @SenRonJohnson's resolution to stop POTUS's harmful #timecard #overtime rule: 
"Listen to my latest radio address on POTUS‚Äôs controversial new #labor rules, which involve more govt in our lives: "
Fried Mississippi #catfish and hushpuppies. #MississippiMonday 
""
These are the champions who helped free a continent. These are the heroes who helped end a war. - Pres Reagan #DDay 
"#WickerReport: #POTUS‚Äôs controversial #labor rules could negatively impact Americans' careers, retirement planning: "
"Glad to have @WmCareyU's vocal ensemble, Carpenter‚Äôs Wood, perform today on the front steps of the US Capitol! "
Honored to be part of the opening ceremony at this year's American Legion Auxiliary MS Girls State in #Hattiesburg. 
""
On the campus of @OleMissRebels speaking to this year's @AmericanLegion MS Boys State. @MS_Boysstate 
".@ATT is expanding access to high-speed internet for 15,000+ people in MS. Will spur economic growth &amp; job creation. "
""
OTD in 1967 Billie Joe MacAllister jumped off the #TallahatchieBridge. #BobbieGentry #OdeToBillieJoe #BirthplaceOfAmericasMusic
Difficult to understand why some want FDA back in charge of inspecting #catfish. USDA inspections clearly working! 
""
Today is the official start of #hurricane season -- check out @Readygov for #HurricanePrep tips!
Honored to be a part of #Gulfport Chamber of Commerce's Annual Military Affairs Breakfast this morning! #MSGulfCoast 
""
""
""
"Spoke during today's ship acceptance ceremony for the USNS Maury, hosted by VT Halter Marine in #Pascagoula. @USNavy "
""
#WickerReport: #Catfish is a source of pride for MS. America should be able to buy catfish &amp; trust it's safe to eat: 
"#Biloxi will receive $9M @FEMA grant for post-storm infrastructure work, helping to strengthen our #GulfCoast! "
"On #MemorialDay, Americans remember the brave patriots who made the ultimate sacrifice &amp; pay tribute to those still defending our freedom."
I am honored to be part of today's #MemorialDay services at #Biloxi National Cemetery. 
""
ICYMI | My full interview this morning w/ @MariaBartiromo on @FoxNews: 
""
"Thanks @SenGaryPeters for supporting #EUREKA. It‚Äôs time to find a cure for Alzheimer‚Äôs. With a prize, we pay only for success! #EndAlz"
""
"We need to provide our troops with the tools, equipment, &amp; resources they need to face a dangerous world: "
""
""
""
Appeared on @thejtshow this morning to discuss USDA #catfish inspections &amp; #Zika funding. Listen here: 
American #catfish consumers deserve better. Read my letter to the editor published in today‚Äôs @WSJ: 
"
‚ûû 11:05 - US Senator @RogerWicker talks about allocating emergency funds to combat #ZikaVirus "
Chaired @HelsinkiComm hearing today to examine efforts aimed at combating corruption in #Bosnia and Herzegovina: 
#Obamacare continues to hurt Mississippi families w/ fewer health-care options &amp; higher premiums. @MSyallpolitics | 
My wife @WickerGayle wrote an op-ed in @MemphisNews on how preventing skin cancer starts with sun safety. Read here: 
""
"Discussed @NationalGuardMS priorities with Gen Joseph Lengyel, nominee to be the next Chief of the @USNationalGuard. "
""
USDA‚Äôs #catfish inspection program intercepts harmful catfish at a rate 21x greater than FDA‚Äôs program. #SafeCatfish 
Speaking now on the #Senate floor about @USDA‚Äôs #catfish inspection program &amp; why it‚Äôs important. Watch here: 
"Confirmed by FDA &amp; @USDA: In 2yrs, FDA intercepted 2 shipments of foreign #catfish w/ carcinogens. USDA intercepted 2 in 2wks. #SafeCatfish"
"Senate stops DoL‚Äôs #fiduciary rule, which would restrict many Americans from access to quality financial advice: "
"A national #energy tax would raise costs of energy sources &amp; further slow the economy, with minimal enviro benefits: "
Speaking on the #Senate floor NOW about #catfish. Watch here: 
Administration‚Äôs proposal to transfer internet domain authority needs rigorous oversight. The US has a lot at stake: 
"If Congress passes SJ Res 28, it would impose a public health risk &amp; overturn a rule Congress itself demanded. Vote NO for #SafeCatfish!"
The @USDA #catfish inspection program inspects all catfish while FDA inspected less than 2%. Vote NO on SJ Res 28. Support #SafeCatfish!
""
""
.@USDA's #catfish inspection program is not a @WTO violation. Equivalent standards are applied to imported &amp; domestic fish. #SafeCatfish
"If Congress overturns @USDA's #catfish inspection program rule, all catfish inspections could cease. #SafeCatfish"
"On May 19, a foreign shipment of #catfish containing carcinogens linked to thyroid &amp; liver tumors was intercepted by @USDA. #SafeCatfish"
"On May 12, @USDA stopped imported #catfish containing carcinogen Crystal Violet, linked to bladder cancer in humans. #SafeCatfish"
Here are some facts on @USDA's #catfish inspection program: It is not duplicative or costly. FDA quit inspections on March 1. #SafeCatfish
The #USDA #catfish inspection program is working: 
Speaking on the #Senate floor NOW about #catfish. Watch here: 
"Last week's ""Blessing of the Cranes"" at the @PortofGulfport. #MississippiMonday #MSGulfCoast "
In this week‚Äôs #WickerReport: Americans deserve better health-care than #Obamacare. Here‚Äôs why: 
Working w/ @SenThadCochran to renew law allowing law enforcement to investigate unsolved civil rights-era violence: 
Madison Central HS celebrates 25th graduating class #truthandhonor #BeRemembered 
Great news for @81trwKeeslerAFB! 122 AES personnel are coming to #Keesler. Welcome to our #GulfCoast! 
America's veterans &amp; military personnel deserve our full support. Pleased the Senate passed #MilConVA funding bill: 
"The Senate passed the funding bill for transpo, housing initiatives. Includes #GulfCoast rail grants, TIGER grants: "
"With over 300 high-hazard dams in MS, it‚Äôs critical that we work to improve dam safety, protect communities: "
Letter to @LorettaLynch &amp; @JohnKingatED re: #transgender directive. Law is clear: schools do not have to adhere. 
Joining @LizClaman on @FoxBusiness at 2:10pm CT. Hope you can tune in!
".@WickerGayle &amp; I won ""Best in Show"" at the @MarchofDimes gala tonight for our Ole Miss tailgate chess squares! "
Fighting #Zika is a public health priority. I supported @RoyBlunt‚Äôs amdt to provide funding to combat the disease. 
Great news for our #GulfCoast! #Gulfport receives $60K @RWJF award for community health improvements! #investhealth 
"The Senate passed my res w/@SenJeffMerkley honoring Natl #NursesWeek. To America's nurses, thanks for the hard work! "
Sunset down the Mississippi River #MississippiMonday #CoahomaCounty 
"#WickerReport: After 7 years, the #ObamaEconomy continues to have a negative impact on Americans‚Äô future prosperity: "
Congratulations to #Biloxi‚Äôs Keesler AFB for 75 years of dedicated service! @81trwKeeslerAFB 
#NDAA would have a positive impact on the jobs &amp; lives of many Mississippians. Does not authorize new round of BRAC. 
""
Take a moment to thank our law enforcement officers. They put their lives on the line every day to keep us safe. 
It‚Äôs Nat'l #NursesWeek! Thank you to the 41K MS nurses dedicated to delivering quality health care. #ThankANurse 
Honored to receive the Maritime Industry Salute to Congress award from the Int'l Propeller Club of the U.S. ‚öìÔ∏è 
Working w/ @RoyBlunt to honor America‚Äôs brave fallen heroes by presenting Capitol-flown flag to families: 
