"I believe that if we reduce everyone‚Äôs taxes, especially middle-class Americans and small businesses, then you will‚Ä¶ https://t.co/LrG8mJK6Du"
I am praying for all who were impacted by the explosion. I will continue to monitor the situation. https://t.co/1DVxyDMaId
On @CNN's @NewDay now talking about the urgent need for #TaxReform
Congrats to @LSUsports! That was an incredible game!
We lost another brave officer today. Join me in remembering officer Marcus McNeil and Cpl. Michael Middlebrook. https://t.co/t4yufzsdGm
"Happy #242Birthday, @USNavy! https://t.co/bMMRHyW3gX"
This afternoon I met w a few men &amp; women who work hard every day. I'm proud tht we are continuing to manufacture he‚Ä¶ https://t.co/4AE8pYkA1F
We need #TaxReform NOW.  It is good for the economy and good for the American people. https://t.co/1WTFr5fAQL
At @FOX8NOLA this morning discussing the executive order issued by @POTUS. https://t.co/JthHwvcMuQ
RT @ChadSabadie: Catch @Fox44fred‚Äôs sit down with @SenJohnKennedy on @WVLALocal33 and @wgmbfox44  tonight https://t.co/OOIPFiA5MX
I introduced a resolution honoring the life of Dr. Samuel DuBois Cook. Take a moment to learn about this man's life. https://t.co/eChANaL1DX
I was sent up here to help ordinary Americans share in the great wealth of this country by fixing the tax code. We‚Ä¶ https://t.co/15pNLlfIH3
I applaud the actions AG Sessions has taken. It‚Äôs imperative we protect &amp; honor the First Amendment. https://t.co/QooyfqXF0N
"It was an honor to meet with  the Adjutant General for the @LANationalGuard, Glenn Curtis. https://t.co/RQtypK69T7"
I am proud to be a co-sponsor of the Pain-Capable Unborn Child Protection Act. https://t.co/MOcYMJPvsn
Giving #Equifax a $7.3-mil contract to protect the IRS frm fraud is outrageous- it looks like we're giving Lindsay‚Ä¶ https://t.co/ih89hA5aI8
"Later, I'll question ex CEO of #Equifax in @senjudiciary &amp; @BankingGOP. The American people deserve answers. https://t.co/v0seb3oxcF"
On @FoxBusiness now w @Varneyco talking abt the urgent need for middle class #TaxReform. We need to start by doubling the standard deduction
We owe it to our seniors to get rid of the Windfall Elimination Provision and the Government Pension Offset. https://t.co/kbQOaIuKFb
SPC Alexander Missildine was killed in the line of duty in Iraq. His service &amp; sacrifice will never be forgotten. G‚Ä¶ https://t.co/TTcpLrLq7u
"I questioned @WellsFargo CEO- what in God‚Äôs name were you thinking? I am not against big business, with all due res‚Ä¶ https://t.co/9uzljv1FCJ"
"RT @Megan_Leonhardt: Wow. @SenJohnKennedy asking @WellsFargo CEO ""What in God's name were you thinking?"" Says he's not against big biz, he'‚Ä¶"
"Congrats @LIGO on winning the @NobelPrize &amp; to @lsu &amp; @SouthernU_BR for contributing to this amazing accomplishment!
https://t.co/mu8wUajWXc"
Unacceptable. You can be sure that I'll ask the former CEO of #Equifax about this at @BankingGOP &amp; @senjudiciary https://t.co/ANg0Yvf9VN
My thoughts and prayers are with all those impacted by this horrific tragedy. #LasVegas https://t.co/EU06mrg0ZY
"RT @SenateGOP: ""A tax code for the middle class - let's invest in the American dream"" by @SenJohnKennedy via @thehill #TaxReform https://t.‚Ä¶"
Wishing everyone observing in Louisiana and around the world a meaningful #YomKippur. G‚Äômar Chatimah Tovah.
"Doubling the standard deduction is #TaxRelief for ordinary Americans. It‚Äôs for ppl who get up, go to work, obey the‚Ä¶ https://t.co/qAcT1Xmb48"
Speaking on @FoxNews now about the urgent need for middle class #TaxReform and #TaxRelief https://t.co/JsoKTze7fM
"Welcome back, @SteveScalise.  Prayers work. Miracles happen. God truly is good. #ScaliseStrong
https://t.co/O8kHyHFBZ4"
RT @RickSmithShow: ‚ÄúIf we do it right then the economy will be stimulated appropriately &amp; tax revenues will go up &amp; the deficit wont increa‚Ä¶
"Welcome back, @SteveScalise. We've missed you! https://t.co/ieo50qxXjF"
By doubling the standard deduction we could potentially inject over $600 billion back into the economy over 10 year‚Ä¶ https://t.co/GHmzJ5DqYz
My first goal in #TaxReform is helping middle-class families. I believe that this starts with doubling the standard‚Ä¶ https://t.co/YGgpSfzHr6
We need to work nights; we need to work weekends; we need to do whatever it takes to give middle-class families‚Ä¶ https://t.co/ybi3Q9R96o
"We promised #TaxReform to the American ppl &amp; by God, we need to deliver. We need to start w the middle class &amp; doub‚Ä¶ https://t.co/WL5MmBdarE"
RT @SmallBizCmte: Great op-ed on #taxreform by @SenJohnKennedy ‚Äì ‚ÄúChanges have to be made to unshackle our small businesses.‚Äù https://t.co/‚Ä¶
On @CNN now. Our #middleclass needs #taxrelief and needs it now. We need to start by doubling the standard deduction.
Talking to @Varneyco this morning about #TaxReform for the #middleclass. Tune in now!
Our economic fate is tied to the health of our middle class. It‚Äôs time to give them a tax code that believes in them https://t.co/Gzh9vkpIVO
Was pleased 2hear Chairman Clayton isnt ignoring the possible Equifax insider trading. The American ppl need answers https://t.co/q0D2YWVfPQ
Sedric Clark was named Louisiana Principal of the Year. I can't thank him &amp; those in our school systems enough 4 th‚Ä¶ https://t.co/ERbQszG2uJ
"Good luck against Syracuse tonight, @LSUfootball! #geauxtigers https://t.co/H9rmfn4IvE"
"I want to keep tax reform simple-and go big. We need #TaxRelief for the middle class now. 

https://t.co/lcgYZ5iexC"
To get our economy moving again we need to start by giving people more of their own money back. Tht means starting‚Ä¶ https://t.co/STVfSHuDt4
"RT @AmericaNewsroom: ""Government is growing faster than the economy and it should be the other way around."" - @SenJohnKennedy"
"RT @ShivelyFox: .@SenJohnKennedy on @AmericaNewsroom: ""Government is growing faster than the economy and it ought to be the opposite."""
On @FoxNews talking about #GrahamCassidy and #TaxReform. Tune in now.
L'Shanah tovah! Wishing everyone observing #RoshHashanah a happy and healthy new year! https://t.co/KevCnrf2nq
I went on @Varneyco to talk about #GrahamCassidy and the importance of middle class tax relief. #TaxReform https://t.co/AW27J7Cub2
On @FoxBusiness now talking about my #TaxReform outline and #CassidyGraham
If we doubled the standard deduction across the board we could potentially inject over $600 billion back into the e‚Ä¶ https://t.co/YjsWTC9Tya
The strength of the middle class was the cornerstone of our past economic growth &amp; it will be the key to our future‚Ä¶ https://t.co/uFSh8ck2u8
Speaking on the @SenateFloor right now about #TaxReform
"To help after #Harvey &amp; #Irma, connect with a trusted organization: https://t.co/OaXrKUZmGR Cash is often best. https://t.co/bfpw4wVdIO"
70 years ago today the @usairforce was founded. Happy birthday! Proud Louisiana is home to Barksdale Air Force Base‚Ä¶ https://t.co/3ye33MUuya
Happy to have welcomed members of the @AmericanCancer to my office last week. This group is comprised of compassion‚Ä¶ https://t.co/kV5EfkOFSQ
"230 years ago today, 39 of our Founding Fathers signed the U.S. Constitution. #ConstitutionDay https://t.co/eMyvX9dlK6"
This is the incredible voice bank at @lsu that is helping @DonnaWAFB and so many others who are living with #ALS https://t.co/HJ4Yjow2BU
"Good luck tonight, @LSUfootball! #geauxtigers"
RT @WAFB: @SenJohnKennedy is taking his concerns over money for the #BRAVE¬†program to Washington leaders. &gt;&gt; https://t.co/EggogGmuJg https:‚Ä¶
Not accusing the mayor-president of anything. I'm just saying it quacks like a duck. I want to know if it's a duck. https://t.co/1R0aPjdQUX
"74 yrs after Cpl Snapp gave his life for his country, he'll receive a long deserved burial on #POWMIARecognitionDay https://t.co/nphnwi2XMO"
To the brave men and women who served our nation and never returned home: We will never forget you.‚Ä¶ https://t.co/Tbm3xbOB5K
RT @theadvocatebr: Sen. John Kennedy asks DOJ to investigate BRAVE spending: 'It sure looks bad' https://t.co/REwecg6D6M https://t.co/JitqU‚Ä¶
I spoke with @Varneyco on @FoxBusiness this morning about #Equifax. We need the truth about what happened after the‚Ä¶ https://t.co/z8UnhP2Mmc
The middle class is hurting bc of the logjam in DC. Congress needs to buckle down &amp; get our economy moving so we ca‚Ä¶ https://t.co/oTrlbb54tQ
We should spare no effort in finding out what happened after the #equifaxbreach. The public deserves answers. https://t.co/pBsM1Gk60D
On @FoxBusiness with @Varneyco now talking about the #EquifaxDataBreach and #taxreform https://t.co/YJEU6SXS5p
The American people deserve answers abt why it took more than a month for #Equifax to notify consumers of the breach https://t.co/8K60AuqdeJ
"Just sent a letter urging the SEC, DOJ, and the FTC to investigate #Equifax stock sales following the data breach. https://t.co/MF569gk9uH"
"Please join me in wishing #WWII veteran Lawrence Brooks, a New Orleans native, a very happy 108th birthday! https://t.co/lOrM22beUl"
"RT @elizabethcrisp: Kennedy: ""Their valor and their courage is inspirational to me and I think to all Louisianans."" 
What a great tribute t‚Ä¶"
"I‚Äôm proud of @TeamGleason &amp; I‚Äôm proud of @DonnaWAFB. Take a moment to watch my speech about these brave Louisianans
https://t.co/5CZbx8g9rC"
Speaking on the @SenateFloor right now about #ALS.
Good luck tonight @Saints! I'll be watching! https://t.co/cf9CgboURm
"RT @SenateGOP: They wanted us to fear. Instead, they got courage, strength, compassion, unity, hope, and resolve. We will always remember.‚Ä¶"
Take some time today to read about five Louisianans who tragically perished on #September11. #NeverForget https://t.co/LPdYOdVhSU
"Today, we mourn the loss of all Americans killed in the horrific terrorist attacks 16 yrs ago. We cannot &amp; will not‚Ä¶ https://t.co/zZqGFHK7jJ"
"RT @KevinTalk1073: Today on #AMBR @talk1073 9/11 remembrance, Hurricane Irma updates, Medical Monday @TheLakeHealth, @SenJohnKennedy ..Sain‚Ä¶"
Nothing like the first home game of the season! Good luck tonight @LSUfootball! #GeauxTigers
"I said I would vote for #HarveyRelief, and I did. Read my full statement below: https://t.co/sNGLI38POE"
Praying for our friends in Florida as #HurricaneIrma approaches. Louisiana is here for you. https://t.co/zuLAcOluMP
"I‚Äôm back in D.C., working on Hurricane Harvey relief &amp; NFIP. I really enjoyed meeting w Louisianans during recess.
https://t.co/lbVkGDkFMl"
"Our country was built on hard work. Today, we honor the people who keep our economy moving. #HappyLaborDay"
RT @LSUfootball: The Tigers have a 14-0 lead over the Cougars at halftime! https://t.co/MbBk1iK71O
Glad to be in Lake Charles today to help @POTUS thank the Louisiana #CajunNavy for its hard work during Hurricane H‚Ä¶ https://t.co/HTsY7yoKgO
RT @LSUfootball: It's Time To GEAUX! https://t.co/cdUDMNdm0a
"It's #GameDay! Good luck, @LSUfootball! #GeauxTigers #LSUFootball https://t.co/ZglA2UEgAc"
12 years ago to the week- Hurricane Katrina made landfall in Louisiana. My heart goes out to TX as it copes w Harve‚Ä¶ https://t.co/pbTo2dWobO
"Proud of all of the heroes who have stepped up to help our neighbors in Texas. #CajunNavy 
https://t.co/NdiVskqeEH"
I spoke w/ @CNN this morning about #HarveyRecovery. I‚Äôm going to fight to give Texas whatever it needs to get back‚Ä¶ https://t.co/fk1M6xf5eM
RT @HeardontheHill: In today's Word on the Hill: @SenJohnKennedy on the Cajun Navy &amp; ways to donate to Harvey in DC https://t.co/BpqWIrBGev
On @CNN @NewDay right now talking about #HarveyRecovery the importance of the #NFIP and the #CajunNavy
The #CajunNavy is just incredible. You‚Äôd be surprised at what can happen when you don‚Äôt have to cut through governm‚Ä¶ https://t.co/SLM7S7gKub
"On @FoxNews now discussing #Harvey, the #CajunNavy, and the impact of the storm in #Louisiana"
Met with several people in the Lake Charles area who took refuge in shelters due to #HurricaneHarvey. Please contin‚Ä¶ https://t.co/voMmD9xLNq
"RT @NWStornado: Tornado Warning including Gramercy LA, Lutcher LA, Grand Point LA until 2:45 PM CDT https://t.co/0efTgX1YEY"
"The #CajunNavy is doing fine work to help people in Texas and Lake Charles. This is a group of people who care. 
https://t.co/3OHc1RQUe7"
RT @NWSNewOrleans: Here is the latest on #Harvey from the @NHC_Atlantic Tropical storm watches now in effect from Grand Isle west to Morgan‚Ä¶
In Youngsville w the #CajunNavy. Texas helped us during Katrina. It makes me feel good to see Louisiana return the‚Ä¶ https://t.co/EFTzwq0DYG
On @FoxBusiness with @Varneyco now talking about the #CajunNavy and #hurricaneharvey2017
RT @Dave_Nussbaum: Heavy rain threat is increasing across SE Louisiana. Watch out for flash flooding! #lawx @WWLTV https://t.co/ewoVwsUHjz
I was in St. Amant this afternoon helping survivors of the Aug floods last year prepare jambalaya for @AcadianAmb.‚Ä¶ https://t.co/miE0yqa19j
"So proud of the mighty hearts of the #CajunNavy. #HurricaneHarvey #HoustonFloods
https://t.co/UQ0CClhutQ"
"RT @LPNews1898: Cajun Navy reaches Houston; flooded roads block some 
https://t.co/MDFipfHtEW https://t.co/treLMHrKvl"
"RT @WAFB: A list of sandbag locations for Baton Rouge due to possible flooding
https://t.co/5X9JpgRyZT https://t.co/DRtSkWqBO0"
RT @NWSNewOrleans: Discussion from @NWSWPC on the risk for flash flooding across the area https://t.co/EEgxoArz9v https://t.co/pX7pGdvOkJ
"An emergency declaration has been issued for Beauregard, Calcasieu, Cameron, Jefferson Davis &amp; Vermillion parishes https://t.co/EpBdvMX3Xi"
RT @NWSNewOrleans: 8am radar update: Rain associated with #Harvey continues to spread across the region. Stronger storms &amp; heavier rain pos‚Ä¶
"My prayers continue to be with those affected by #HurricaneHarvey. As the storm continues, please stay cautious.
https://t.co/2u9rz9W0Y6"
"Want to help #Harvey victims? Here's how.
https://t.co/0ZSMVB4ywc‚Ä¶/08/tropical_storm_harvey_here_are.html #PrayersforTexas"
"Start planning for Hurricane Harvey now! Click the link below to see a list of sandbag locations.
https://t.co/HkOjTSy6J7"
"RT @LesterDuhe: .@SenJohnKennedy meets with local businesses &amp; farmers in @CityYoungsville.
FULL STORY: https://t.co/Ldzv0RHhUE https://t.c‚Ä¶"
"RT @ABC: Louisiana senator spends summer recess substitute teaching. ""You've got to experience this to appreciate it."" https://t.co/7Gvri9Z‚Ä¶"
"RT @AlexGangitano: .@SenJohnKennedy shared with me he plans on intro'ing a resolution to get senators to volunteer in a public school
https‚Ä¶"
Sen. Kennedy is on the air with @eric_asher. Tune in now!
"Welcome, #MikeVII to the LSU family! #GeauxTigers
https://t.co/nHA2H8XUnO"
"Today, I taught @gobucsSJHS. No one can understand how hard teaching is until you do it yourself. https://t.co/fk48ZCaO1I"
"Spoke with @WVLALocal33 about flood recovery efforts, red snapper fishing, and my experiences substitute teaching. https://t.co/bzwTT2XXYy"
Thanks for letting me stop by! https://t.co/m4PmenYu53
"RT @ChadSabadie: We'll sit down with @SenJohnKennedy after the break to discuss flood recovery, education and more @WVLALocal33 @wgmbfox44"
I joined @Snapchat! For updates on what I'm doing in DC and back home in Louisiana follow: senjohnkennedy
NFIP policyholders affected by the Aug 2016 floods have until Sept. 1 to submit a proof of loss form. For more info‚Ä¶ https://t.co/e8DBAgNjE8
"Yesterday, I had the privilege of meeting the David fam. Despite the flood their business, @LivingstonNews, remains‚Ä¶ https://t.co/4jpNqc6aT6"
At the home of Buddy and Charlotte Rimes in Denham Springs. They flooded and slowly are rebuilding. These folks are‚Ä¶ https://t.co/iNrVFFLiUi
RT @SecretaryCarson: Had a wonderful conversation w/ @SenJohnKennedy &amp; @RepGarretGraves about working together to help #BatonRouge after la‚Ä¶
"Thank you, @SecretaryCarson for coming to Louisiana to meet with us. #laflood https://t.co/rTdBflZ149"
"I'd like to thank @HUDgov @SecretaryCarson &amp; his wife, Candy, for accepting my invite to come to La. to see flood r‚Ä¶ https://t.co/NyPLeTjPSp"
I sat down with @WAFB this morning to discuss the one year anniversary of the devastating flood that hit our state. https://t.co/o3SQF3rKwr
"Violence and hatred are never the answer. 

https://t.co/riTwWrHYB5"
"Without Mitch McConnell, Neil Gorsuch would not be on Supreme Court. Thank you, Mitch!"
"Aug 2016 floods were unprecedented &amp; catastrophic. I knw there cont. to be struggles, but i'm hopeful tht we're wel‚Ä¶ https://t.co/M5AfXxbuiP"
On @kpel965 right now for a live radio town hall.  If you're in the Lafayette area feel free to call in and ask a question.
"This story serves as a shining ex. of the unselfish love &amp; care tht the members of our community have for 1 another 
https://t.co/iGn8fTRVda"
Slidell's Anderson Wilson is only now getting to talk about his remarkable contributions to our successes in #WWII https://t.co/JHmCkoGd6b
Thank you to the brave men and women in uniform who have sacrificed to keep our country safe. #PurpleHeartDay https://t.co/XCBAtkvMxp
If you were impacted by the flooding in #NOLA this weekend click the link below for some helpful tips. https://t.co/t7nZ380y9n
Click the link below 4 more info on how to handle flood clean up. If u need any additional assistance plz contact me https://t.co/JC6uaB3xgV
RT @nolaready: View the NOLA Ready guide to cleaning up after a flood. https://t.co/JBt9LVK7kK
Happy 227th birthday to the @USCG! #SemperParatus #NationalCoastGuardDay https://t.co/EbZmPI8c3E
"The fact that our federal tax dollars have gone to someone like Arthur 'Silky' Slim Reed is downright repulsive.
https://t.co/6WFYGyLqwO"
"RT @WBRZ: Senator Kennedy calls out misuse of BRAVE funds
https://t.co/a7oMvooqcL"
The current federal-only management of red snapper has been a disaster. #redsnapper https://t.co/OBan6bVBst https://t.co/FhUE8Tiq8k
"If there‚Äôs 1 position in the govt that shouldn‚Äôt be abt politics, it‚Äôs this 1. I‚Äôm glad we came together to support‚Ä¶ https://t.co/dW7jtIJedp"
"I spoke to @Varneyco on @FoxBusiness this morning about the importance of tax reform. 
https://t.co/u2TpNS7VYQ"
"RT @FoxBusiness: .@SenJohnKennedy: ""Right now we need to have one goal and one goal only, tax cuts by November...we've got to do it."" https‚Ä¶"
Tune in to @Varneyco on @FoxBusiness now to hear me talk about tax reform and nominees being held up in the Senate.
"James McCloughan is a true American hero. #MedalofHonor 

https://t.co/0yLYEGs1N7"
The vote last night is not a loss for the Republican Party.  It‚Äôs a loss for the American people. #Obamacare has no‚Ä¶ https://t.co/zxpfdXgNpu
Americans deserve better than Obamacare.  https://t.co/TiQYo1iSpx
Tune in now to hear me discuss health care with @ScootWWL
Speaking on the @SenateFloor right now about the rising costs of health insurance under #Obamacare
"The U.S. Senate just passed The Wounded Officers Recovery Act. I am proud to be a co-sponsor. 
https://t.co/uAZc4x2LWi"
Spoke with @ChrisCuomo of @NewDay about health care and what's happening today in the Senate. https://t.co/vhAGbzoo42
RT @CrystalAmPress: .@SenJohnKennedy co-sponsor of Wounded Officers Recovery Act which gives Capitol Police injured in line of duty benefit‚Ä¶
On @NewDay now talking about health care and my #Medicaid work requirement amendment. https://t.co/hEUMFPnwJM
RT @GregHilburn1: .@SenJohnKennedy : Require work for Medicaid. Rep @JayJaymorris3 pitched similar state law in #lalege https://t.co/sZ7e9D‚Ä¶
"Great news, @SteveScalise! https://t.co/B5Kvw3b2CH"
I made a promise to the ppl of LA that I would repeal Obamacare given the chance. 2day I wrkd 2 fulfill that promise https://t.co/HbJhnMceJ7
This is unacceptable.  The National Flood Insurance Program must be reauthorized and reformed as soon as possible. https://t.co/XZ91F6F7IQ
"Thank you, @SecShulkin for speaking in #NOLA at the #VFWConvention today. Our #Veterans deserve the best. https://t.co/8rM69CepJ8"
Congrats to Naomi Winston of Thibodaux who was named 1/15 national selectees for @fema Youth Preparedness Council‚Ä¶ https://t.co/s12bfZNeEA
"Take time before the wknd to learn about one of LA‚Äôs #WWII heroes, Anderson Wilson, &amp; a very cool chapter in history https://t.co/mCQdISmK0u"
We were able 2 secure help in our battle w a bug that's decimating the work we've done to slow coastal erosion in La https://t.co/fwtEvDSztC
"RT @Varneyco: .@SenJohnKennedy slams the inaction in Washington: """"Everybody here ought to hide his head in a bag. It's embarrassing."" http‚Ä¶"
BIG news for Louisiana #rice farmers! https://t.co/mpwLBtUvRH
Students from @Loyola_NOLA stopped by the office today. They are in D.C. for the National Jesuit Student Leadership‚Ä¶ https://t.co/DxXIkV1hma
"If there‚Äôs one position in the fed govt that shouldn‚Äôt be about politics, it‚Äôs this one. #FBIDirector @senjudiciary https://t.co/vSGPWlYUFp"
"Praying for my colleague, friend, and American hero @SenJohnMcCain https://t.co/rvN4R7Fni4"
RT @SenThomTillis: SOPRA takes steps to hold unelected bureaucrats &amp; regulators accountable by restoring proper separation of powers. https‚Ä¶
It‚Äôs time to stand up and be counted before God and country and do what the American people elected us to do: Repea‚Ä¶ https://t.co/WGvXslnHaY
"It's time 2 vote. I'm prepared 2 vote this afternoon, tomorrow or next week. You either like Obamacare or you don‚Äôt
https://t.co/hcn24dAIvI"
On with @Varneyco now talking about the future of health care and tax reform.
Thank you @LABankers for inviting me to speak to you this evening. Louisiana bankers play an integral role in growi‚Ä¶ https://t.co/7VgyVkGfXh
"Stopped by @WWLTV this morning to discuss the ongoing crime epidemic in New Orleans. Watch the video below. 
https://t.co/BQgexvqhAS"
Reminder! If ur business was impacted by flooding last Aug you have 1 month left to apply for a loan through @SBAgov https://t.co/A0CJtS4lCr
This is great news for the oil and gas industry in Louisiana. #jobs @SecretaryZinke https://t.co/BNkXImVcFg
"RT @KevinTalk1073: ICYMI on #AMBR @talk1073 @BillProfita @SenJohnKennedy ""stay in DC and repeal the ACA""  https://t.co/YvEakUnXVN"
"RT @elizabethcrisp: U.S. Senate will shorten August recess after push from Louisiana's Kennedy, others https://t.co/g5kjGhqI5Z via @theadvo‚Ä¶"
Crime is stealing the soul of New Orleans. It's choking the life and livelihood out of it. https://t.co/vePn5Zkvij
"RT @dberrygannett: Wray tells @SenJohnKennedy he can count on him ""to take a hard look &amp; figure out how we can be more effective in"" New Or‚Ä¶"
"I spoke with @Varneyco this morning about the nominee for #FBI director, Christopher Wray. Watch the video below.
https://t.co/c3abDvssXs"
On @FoxBusiness w @Varneyco talking abt @senjudiciary's hearing on the nominee for #FBI Director Christopher Wray &amp; the August recess delay.
RT @KevinTalk1073: A small victory for @SenJohnKennedy He joins us live at 07:15 (CDT) on #AMBR @talk1073 @BillProfita
"RT @talk1073: Coming up @talk1073 #AMBR
7:15 @SenJohnKennedy #Obamacare 
7:38 @RepGarretGraves 
8:15 #SoundOff 499-1073 https://t.co/3GWaF2‚Ä¶"
"3/3 I am ready to work in order to deliver meaningful results to the American people. 
https://t.co/JcNXI90mz1"
"2/3 I would prefer to stay the entire month of August, but I will take what I can get."
1/3 I‚Äôm pleased @SenateMajLdr has agreed to delay the August recess for two weeks.
On @FoxNews now talking about @SenateMajLdr canceling a portion of the August recess.
RT @dberrygannett: ! @SenJohnKennedy calling for the Senate to stay in session during August recess: We have to work longer and harder http‚Ä¶
"RT @elizabethcrisp: @SenJohnKennedy .@SenJohnKennedy says agenda is too long to leave DC: ""I don't know any working class Americans who get‚Ä¶"
"RT @cspan: Republican Senators news conference calling for cancellation of August recess ‚Äì LIVE on C-SPAN3, @cspanRadio &amp; here: https://t.c‚Ä¶"
RT @sendavidperdue: .@SenJohnKennedy: The American people care about results.
"Watch live at 12ET/11CT as a group of my Senate colleagues and I explain why it‚Äôs time to cancel recess.
https://t.co/QYR0FbVeHF"
Praying for the families of the @USMC who were killed. https://t.co/LeMeHc9v02
I'm ready to work through August. https://t.co/Fw94qten1E
If crime is your top priority - and it ought to be - that's what you fund first. Crime is stealing New Orleans' soul https://t.co/GTPLTyTr3E
Continuing to hold @SteveScalise and his family in my thoughts and prayers. #TeamScalise https://t.co/XgHLw1q8RW
Happy #FourthofJuly! Celebrate and stay safe. https://t.co/TK1ufKGwKH
Had a great time with some of Louisiana's hardest workers yesterday at the Louisiana Farm Bureau Convention. https://t.co/bdBGaXSFVb
RT @MelindaDeslatte: GOP senators -- including @SenJohnKennedy -- call for McConnell to shorten August recess https://t.co/7uvwBRJB6j via @‚Ä¶
RT @politico: A group of GOP senators are asking Mitch McConnell to shorten ‚Äî or eliminate ‚Äî the August recess https://t.co/lckj7YcvU3 via‚Ä¶
It‚Äôs time to cancel the August recess and focus on delivering reform to the American people. https://t.co/iLc5rdv97k
Couldn't be happier about this announcement. We are creating thousands of new jobs for our oil and gas industry. https://t.co/RSuGqjfouD
2/2 I will continue to use every avenue available to me to get this project pushed through &amp; out of the mud ASAP. https://t.co/cyK51girJ9
"1/2UPDATE on Comite River Diversion Project: Yesterday, I met w Lt. Gen Semonite &amp; acting Asst Sec Lamont to discuss urgency of this project"
"Watching bball unites every political persuasion. Congrats @LSUbaseball! Was a great, exciting season #OnwardTo2018 https://t.co/S22c1gjTSy"
"I agree. Our Louisiana farmers and mills need this. Thank you, @realDonaldTrump https://t.co/IljQ8OjVku"
RT @lsu: Congrats to @LSUbaseball for a great season. #ForeverLSU üíúüíõ https://t.co/2XlyuC1aJc
RT @LSUbaseball: LET'S GEAUXXXXXX!!!! https://t.co/kFFerDrMvB
Good luck tonight @LSUbaseball!#GeauxTigers #Geauxmaha https://t.co/DILcQ7XUM9
"Good luck tonight, @LSUbaseball! #GeauxTigers https://t.co/rWbbW7bLIX"
2/2 We ask @POTUS to address this issue w @narendramodi before more innocent children are left w/o critical support https://t.co/rr6Ki0TXzI
1/2 The Indian govt has made it difficult - if not impossible - for religious and humanitarian organizations to assist the people of India.
RT @LSUbaseball: The Tigers are heading to the championship series!  https://t.co/qVvlCD0EPl
Congrats to @LSUbaseball!#GeauxTigers
Good luck today @LSUbaseball!#GeauxTigers
RT @LSUbaseball: End 2 | The Tigers have a 3-0 lead thanks to the three-run BOMB from @mpappy14. https://t.co/4merSZEszP
Great news: @POTUS just signed ‚ÄúDepartment of VA Accountability and Whistleblower Protection Act of 2017‚Äù into law! https://t.co/vDgfM6Mu98
Please continue to monitor local weather and stay safe. https://t.co/uOBBB6QgYz
I‚Äôll be reading through the Senate health care bill this weekend.  We‚Äôve got to fix the unmitigated disaster that i‚Ä¶ https://t.co/sh7t4nbtlG
RT @NWSNewOrleans: Tornado Warning including Manchac LA until 1:30 PM CDT https://t.co/CrfQ7fV4wd
Great news! https://t.co/5tnZt5ULlw
The American people need a healthcare system that looks like it was designed on purpose &amp; homeowners need flood ins‚Ä¶ https://t.co/lKddtHcLjJ
"RT @FoxBusiness: .@SenJohnKennedy on Senate Health Reform Bill: ""We've spent a lot of time on how to fix Medicaid...no question that the sy‚Ä¶"
"RT @WAFB: #UPDATE: The latest update on Tropical Storm Cindy. 
https://t.co/5QrncjJBk4 https://t.co/MgY1gkXMJD"
Spoke with @Varneyco on @FoxBusiness about my National Flood Insurance Program reauthorization bill and the Senate‚Ä¶ https://t.co/XxwdhRWixw
"While severe weather remains a threat over the next couple of days, it's imperative that you're prepared. More info‚Ä¶ https://t.co/0MzlalTAhG"
Voted to confirm Brock Long as the next @fema director. I look forward to working with him to ensure Louisiana is prepared for any disaster.
Great having a piece of home in D.C. TY to these @lsu students 4 visiting my office. They've got a bright future ah‚Ä¶ https://t.co/OunGFajH03
"RT @WBRZ: #UPDATE: Sandbags available in several parishes ahead of potential flooding

Check the updated list here &gt; https://t.co/JCWiUilBi‚Ä¶"
"As the first tropical storm of #HurricaneSeason approaches make sure you and your family prepare, plan, and stay in‚Ä¶ https://t.co/SgMyyJ5xSk"
Good luck tonight @LSUbaseball! #GeauxTigers
It doesn‚Äôt do any good to offer somebody insurance if they can‚Äôt afford it. That‚Äôs why I introduced an NFIP bill th‚Ä¶ https://t.co/GfYcQCwl3E
Being a father is the greatest privilege of my life. Happy #FathersDay¬†to all the dads in Louisiana and across the‚Ä¶ https://t.co/yVCbDS2Kqw
Encourage by the update on @SteveScalise. A nation is pulling for you. #TeamScalise #ScaliseStrong https://t.co/gTkfnU5thZ
Everyone is #teamscalise tonight. #CongressionalBaseballGame https://t.co/2nSZQtxkTT
Live now with @FOX8NOLA https://t.co/kxkhFy4ps7
When I get to heaven the first thing that I am going to ask God is why bad things happen to good people. https://t.co/jm2lU3L67h
In awe of the heroics shown by my colleagues in the House &amp; Senate as well as the brave men &amp; women of @CapitolPolice
This is unspeakable. I am praying for my friend and colleague @SteveScalise and his family.
"The American people deserve a National Flood Insurance Program that looks like somebody designed it on purpose.
https://t.co/AM82I4MEVw"
"RT @Zachary: .@SenJohnKennedy says he's staking out ""middle ground"" by pushing to freeze interest on flood insurance program debt https://t‚Ä¶"
"If you get 23 in. of rain, I don‚Äôt care if you live on a mountain in Colorado, u r going to flood. We need the NFIP
https://t.co/HN3vkC7YjB"
Congratulations @LSUbaseball! #GeauxTigers #OmahaBound https://t.co/fb5Od7tr3T
Congrats Barksdale AF Base! Barksdale received the Commander in Chief's Annual Award for Installation Excellence https://t.co/RzunEXOR1b
VA employees who do a lousy job are a disservice to veterans and ought to be fired. https://t.co/DQy6NQljKD
"Recreational fishermen in the Gulf need to have a seat at the table when deciding about red snapper. 
https://t.co/2JrN0abFMK"
Earlier this week I toured the National Institutes of Health (NIH) and spoke with researchers at the Vaccine Resear‚Ä¶ https://t.co/XiktaRK6Bx
Id like to take a moment to honor a LA hero from #WWII: Mr. Ubert Terrell. He stormed the beaches of Normandy on‚Ä¶ https://t.co/KPq2p7K7iQ
"I spoke on the @SenateFloor today urging my colleagues to pass the Ghost Army Soldier Bill #WWII 
https://t.co/aKnCDEKQwo"
Speaking on the @SenateFloor now about the Ghost Soldiers of #WWII.
73 years ago today our brave men in uniform stormed the beaches to fight for our freedom. May we never forget their‚Ä¶ https://t.co/iRdg0nD70U
"What happened in London is horrific. I am praying for the victims and their families. God bless them.

https://t.co/zsL03OERPG"
Congrats to Laura Read Lee from Lafayette on becoming one of only 37 students selected for a Junior Fellowship at t‚Ä¶ https://t.co/MEk5i75DOX
"June is Alzheimer's and Brain Awareness Month. Help lead the fight to  #ENDALZ. For more information, visit‚Ä¶ https://t.co/oC4MTPiDbm"
"Today is the start of hurricane season. Make sure you prepare, plan, and stay informed. https://t.co/Wx5lzvOjS3"
Today is more than just a day off work &amp; cookouts; it's abt remembering our nation‚Äôs heroes who have passed away wh‚Ä¶ https://t.co/mDJhdtQkhD
"Congratulations, @LSUsoftball! Good luck in Oklahoma City! #geauxtigers https://t.co/DXzpjsjY7x"
Below are some helpful tips for how to access the most up to date information during hurricane season. https://t.co/bogEBnR1ff
"Please take a few minutes to watch my video on my bill, ‚ÄúMedicaid Reform and Personal Responsibility Act of 2017.‚Äù 
https://t.co/GyZeZLFxDX"
"Ppl's health insurance has gone up, tuition has gone up, taxes have gone up, but income hasn't gone up.Unacceptable
https://t.co/WeYOtjH3pY"
Hurricane season officially begins June 1st. It is vital to have a plan in place before the next storm strikes‚Ä¶ https://t.co/rhB1SVRknE
RT @elizabethcrisp: .@SenJohnKennedy also was unable to make the trip with @vp today because of Senate business in DC. #vpinla #lasen https‚Ä¶
Thrilled @VP Pence is visiting Louisiana to see firsthand the negative impacts of #Obamacare #lapol https://t.co/u0KxBkfIx4
"We spend $60 billion a year on the earned income tax credit - 24% of that, $15 billion, is sent to the wrong person.
https://t.co/mq8jd8uRoi"
Tune in now to @FoxBusiness with @Varneyco  to hear me discuss the recent budget proposal from @POTUS
I am monitoring the situation in Manchester. My thoughts and prayers are with those who are impacted. #prayforuk  https://t.co/QG2tdgFG4A
Hurricane season officially begins June 1st. Getting ready now goes a long way in reducing damage and saving lives. https://t.co/42e22hvy0b
Thank you to the men and women who have been called to wear our nation's uniform. #ArmedForcesDay2017 https://t.co/cetHQN6wPk
"I spoke with @Varneyco about my Dodd-Frank reform bill &amp; my new bill Medicaid Reform &amp; Personal Responsibility Act.
https://t.co/UXhzOV3sU4"
Tune in to @FoxBusiness with @Varneyco now to hear me discuss my #DoddFrank reform bill and my Medicaid bill.
"Sec. Mnuchin reiterated to me that our local financial institutions had nothing to do with the financial crisis.
https://t.co/gmVQnQjqoP"
"I spoke on the Senate floor about my new legislation, the Medical Reform and Personal Responsibility Act of 2017.
 https://t.co/cYMMkpisPO"
Praying for @maziehirono's safe and speedy recovery. https://t.co/bAuq5PFGJ8
"Happy to meet w &amp; welcome ROTC Cadets from @lsu, @LaTechBulldogs, &amp; Southern University to my office in this mornin‚Ä¶ https://t.co/dgU0wRQqKw"
"Speaking on the @SenateFloor now abt my bill, Medicaid Reform and Personal Responsibility Act of 2017. Tune into @cspan 2 to hear my remarks"
Praying for a speedy recovery for my friend and colleague @SenThomTillis https://t.co/nXPeNMHI0j
"This morning I spoke w @Varneyco abt the importance 4 pre-existing condition coverage &amp; lower health insurance costs
https://t.co/s7YlX8ANVK"
Tune in now to @FoxBusiness to hear me talk about healthcare. https://t.co/ZdNq4LChLQ
Congrats to Mandeville HS graduate Amin Izadpanah. Amin is a National Merit Scholar and plans to attend @TulaneNews https://t.co/f6g2zL7sy3
This week we pay tribute to the men &amp; women in #LA &amp; across our country who put their lives on the line to keep us‚Ä¶ https://t.co/I98QdsaZrU
"RT @talk1073: Today #AMBR @talk1073
7:15 #MedicalMonday 
7:38 @AscensionSherif What happens after the gunshot?
8:38 @SenJohnKennedy Healthc‚Ä¶"
Happy #MothersDay¬†to all the Moms being celebrated today. https://t.co/aOiRJUWNqr
This trade agreement will provide a significant boost to our liquified natural gas industry in Louisiana. #LNG https://t.co/tRNZieSiB6
"An extension has been granted by the NFIP for those affected by the August floods. New deadline is Sept 1, 2017.‚Ä¶ https://t.co/XYBve1vrdR"
"RT @Al_Drago: Sen. Kennedy greets Aidan, Brittany, &amp; Cameron Engel, children of Steven Engel, nominated to be an Assistant AG, before a Jud‚Ä¶"
"Check out my interview with @afterthebell about FBI Director James Comey. 

https://t.co/cHQzUUCBgm"
"Tune in to @AftertheBell now, to hear me discuss FBI Director Comey."
Happy National #shrimpday. I only buy and eat #Louisiana shrimp. https://t.co/b9wHvQjlxV
ICMYI: Yesterday in @senjudiciary I questioned Sally Yates. Watch the video below from @FoxNews to see a highlight https://t.co/ucE4TPm1Dr
Questioning Sally Yates now in @senjudiciary
"Check out my interview with @FoxNews about today's @senjudiciary hearing with Sally Yates. 

https://t.co/ZuVOw53ikZ"
On @FoxNews now talking about @senjudiciary's hearing today with Sally Yates and healthcare.
Grateful we have #LemonadeDay in Louisiana. It helps today‚Äôs youth become interested in business &amp; entrepreneurship https://t.co/GkqW168CSr
Made a new friend in Washington this week. https://t.co/uP0uCEvXth
RT @SenatorRisch: .@SenJohnKennedy nominated @redriverbeer as today's @SmallBizCmte #smallbusinessoftheday. Congrats! https://t.co/FJQLEpg5‚Ä¶
Went on @CNN's @NewDay this morning to talk about my new bill. If you buy flood insurance and your house floods you‚Ä¶ https://t.co/aNVht0QsHy
Tune in to @CNN @NewDay at 735 AM ET to hear me discuss what's going on in Washington DC this week. #Comey #lapol‚Ä¶ https://t.co/Q061JZbzD6
"My prayers go out to those impacted by the floods in Missouri. @RoyBlunt &amp; @clairecmc, LA has been there &amp; I'm here‚Ä¶ https://t.co/Xqn14WmBLz"
Spoke about my bill the National Flood Insurance Program Consultant Accountability Act. Watch below to learn more https://t.co/2mdJKaFyJj
RT @dberrygannett: ! @JohnCornyn chats with @SenJohnKennedy in the chamber after the La. lawmaker calls on Congress to renew the fed flood‚Ä¶
RT @dberrygannett: ! @SenJohnKennedy said the NFIP is critical to Louisiana &amp; urged Congress to renew the program expiring in Sept.: Our ec‚Ä¶
"RT @dberrygannett: ! @SenJohnKennedy said on the Senate floor that Congress has repeatedly ""mangled'' reauthorization of the National Flood‚Ä¶"
Speaking on the @SenateFloor now about my bill the National Flood Insurance Program Consultant Accountability Act.
People who have spent their hard-earned money to buy flood insurance are entitled to be paid when it floods https://t.co/M52MK933m9
"205 years ago today, Louisiana became the 18th and greatest state in the Union.  Happy Birthday, Louisiana! https://t.co/5CbMcCrCCI"
Stay safe and monitor your local news https://t.co/g1A1AzsUN6
Praying for a safe and speedy recovery! https://t.co/U3j08ZyogP
(2/2) Individuals can bring their unused or expired medications to this location between 10:00 am and 2:00 pm today‚Ä¶ https://t.co/B0apHd4fhj
(1/2)Vermilion Parish Sheriff's Department is hosting a medication collection event at the CVS in Kaplan.‚Ä¶ https://t.co/pSgde5iSwc
Proud to see @POTUS roll back these job killing regulations. #energyindependence https://t.co/4EBMxvmNKM
.@LSUfootball had a great 1st night of the draft. Congrats to all the players who worked hard for this #GeauxTigers https://t.co/zTnYUun40Q
RT @KevinTalk1073: ICYMI on #AMBR @Talk1073 @BillProfita @SenJohnKennedy  https://t.co/WPnH1owlXe
RT @CUNA: @SenJohnKennedy introduces bill aimed to exempt #creditunions (w/ less than $10 bill in assets) from #DoddFrank Now that's #Commo‚Ä¶
"I would like to congratulate Brooke Mazac, an education major @NichollsState, who was selected as a winner of 2017‚Ä¶ https://t.co/7rGY4DDkiv"
"RT @talk1073: It is a very serious situation, more serious than its ever been - @SenJohnKennedy on the North Korean situation @talk1073 #AM‚Ä¶"
"I spoke w/ @FoxBusiness about escalating tensions with #NorthKorea and @realDonaldTrump's new job growing tax plan.

https://t.co/g2pSxsB1lG"
Tune in to @FoxBusiness now to hear me discuss rising tensions with #NorthKorea https://t.co/fJJ3W3TQGs
RT @NichollsState: Nicholls student Brooke Mazac and professor Cindy Vavasseur with US @SenJohnKennedy and US Rep @garretgraves at Posters‚Ä¶
RT @SchumDebra: Thanks to @SenJohnKennedy .@KarenTriche .@JemiCarlone .@MegBourg .@Dr_KJMG  for a great meeting on key education issues #pr‚Ä¶
".@POTUS has invited me 2 the White House to discuss the rising tensions w/ N. Korea. Interview w/ @FoxBusiness below
https://t.co/JLSmknQ8RE"
I met with @TulaneNews‚Äôs President Michael Fitts this morning to discuss higher education‚Äôs role in scientific deve‚Ä¶ https://t.co/X6lsff8Vqs
RT @wolfnationsps: We are extremely grateful for @SenJohnKennedy giving up his time before flying back to DC so he could talk to our studen‚Ä¶
"Thank you, @BillCassidy for your kind words this afternoon. #lapol 
https://t.co/Khp7sHZFqk"
"#DoddFrank has had a destabilizing effect on local econ, comm banks, &amp; credit unions.That is why I introduced S.923.
https://t.co/kgaVluVMsw"
"Click the link below or tune into CSPAN-2 to watch me speak on the floor about my job creating bill #doddfrankreform
https://t.co/t8sL0Oj5EY"
RT @WaywardOwlBeer: Thanks to @SenJohnKennedy for calling us today and expressing his support for the local brewing industry. #louisiana #c‚Ä¶
"ICYMI: ""Dodd-Frank Reform: Sen. Kennedy‚Äôs ‚ÄòVery Simple‚Äô Solution"" @FoxBusiness @Varneyco https://t.co/d4uhhNfVtC"
"I spoke with @Varneyco on @FoxBusiness about my bill, the Reforming Finance for Local Economies Act #doddfrankreform
https://t.co/1I1JQQqzxY"
"Tune in to @FoxBusiness now to hear me discuss my bill, the Reforming Finance for Local Economies Act. @Varneyco https://t.co/DjVCRLBQas"
"RT @WSJopinion: A plan to give community banks relief from Dodd-Frank, writes @JohnKennedyLA https://t.co/8x0qdrKYfn"
Community banks weren't responsible for the 2008 financial crisis; so why are they being punished by Dodd-Frank? https://t.co/ifk3tZlC2J
ICYMI: Spoke w @FOX8NOLA abt my efforts to get money to repair &amp; rebuild NASA's Michoud facility &amp; preserve jobs https://t.co/33S11VixZI
This money will help increase access to treatment for those suffering and will help put a stop to opioid related de‚Ä¶ https://t.co/B381agKa4w
"I sat down with @KSLA in Shreveport yesterday morning to talk about my recent overseas trip to Asia. 
https://t.co/SvLq69nUUh"
"Tune in live to the Moon Griffon Show now, to hear me discuss my recent trip overseas."
Opioid addiction knows no boundaries. I am grateful to Secretary Price for giving our state these much-needed funds. https://t.co/5AKjZBi1aH
"RT @thenewsstar: Kennedy focusing on tax cuts, rules in Senate https://t.co/EzNTMREgiY"
Special TY to the Monroe Chamber of Commerce for allowing me to address them yesterday abt the upcoming legislative‚Ä¶ https://t.co/M3XhJtAcJZ
"RT @elizabethcrisp: .@SenJohnKennedy, @BillCassidy ask White House to support additional #laflood aid  https://t.co/VUfDPE2LiM via @theadvo‚Ä¶"
Spoke to @theadvertiser abt my trip overseas where I advocated 4 lowering tariffs on Louisiana rice 2 China &amp; Japan https://t.co/ksu60xbcDA
Spoke w @elizabethcrisp abt my official overseas trip last week. Follow the link for more info. #NorthKorea #trade https://t.co/dWNjGlx0PX
"RT @elizabethcrisp: .@SenJohnKennedy just returned from trip to Beijing, Tibet, Hong Kong and Japan on North Korea situation and trade oppo‚Ä¶"
"RT @elizabethcrisp: .@SenJohnKennedy on North Korea: ""I think the time has come to admit that trying to appease a tyrant is like trying to‚Ä¶"
"He is Risen!

I hope all Louisianians have a wonderful day. Happy Easter! https://t.co/WVsonJM0jD"
#geauxtigers https://t.co/IdWZau6qY6
I wish everyone a blessed #GoodFriday and a fun and safe #Easter weekend with family and friends. https://t.co/MGLMWg5nOh
Tomorrow is the deadline for victims of February's tornadoes to register for @fema assistance. More info here:‚Ä¶ https://t.co/ax8owZK9zv
"Happy to have had my old friends, Dr. John Greer and his wife Gay, stop by this week. https://t.co/t6jEu9j1mK"
RT @elizabethcrisp: .@SenJohnKennedy statement on Gorsuch confirmation. #lasen https://t.co/eKJxFsnxPQ
I am proud to have voted for Judge Neil Gorsuch to be the next Associate Justice of the United States Supreme Court https://t.co/iDXOI2ELuM
RT @MelindaDeslatte: . @SenJohnKennedy backs strikes on #Syria: ‚ÄúAssad is a thug. He cannot murder his own citizens and children without ex‚Ä¶
"RT @KevinWAFB: .@SenJohnKennedy praises #Syria strike, calling Assad a ""thug"" --&gt; ""I hope that Assad gets the message that there's a new Sh‚Ä¶"
I commend @POTUS for his swift action against Assad. He cannot murder his own citizens w/o expecting consequences. https://t.co/2qRqEBEh9w
"This afternoon I sat down with @TeamCavuto 2 discuss @GorsuchFacts.Click the link below 2 watch the full interview. 
https://t.co/wKZVF42GJ6"
Tune in to @FoxBusiness with @TeamCavuto at 1230 ET to hear us talk about @GorsuchFacts #SCOTUS  #confirmgorsuch
The Senate needs to have the up or down vote that this highly qualified nominee deserves. #ConfirmGorsuch https://t.co/8lNv8wTrW3
Survivors of February's tornadoes have 1 week left to register w @fema 4 disaster recovery assistance. More info: https://t.co/T1TXiQoWyd
"Good judges r supposed 2 be impartial, to call it like they see it, 2 call the balls &amp; strikes, &amp; that's exactly wh‚Ä¶ https://t.co/PNIW1QiWnE"
Speaking on the @SenateFloor about @GorsuchFacts now. #confirmgorsuch
ICYMI: I spoke w @ChrisCuomo on @NewDay to talk abt #SCOTUS nominee Judge Gorsuch &amp; the chemical attacks in #Syria https://t.co/hsqrXdIJRG
#confirmgorsuch https://t.co/qEVi49Y92M
Tune in to @NewDay on @CNN at 825 ET to hear me talk about @GorsuchFacts and the reported chemical attack in #Syria
RT @dberrygannett: ! @SenJohnKennedy voted with other Republicans on the Senate Judiciary Committee to approve Neil Gorsuch's nomination to‚Ä¶
"I voted for @GorsuchFacts because he understands that the role of a judge is to interpret the law, not make it‚Ä¶ https://t.co/a7x84lyR4f"
RT @senjudiciary: Watch @SenJohnKennedy speak live now: https://t.co/53JAQNBIgQ #SCOTUS https://t.co/VvfsV41WOI
Speaking now @senjudiciary about @GorsuchFacts. #confirmgorsuch
My prayers go out to the communities and families who were impacted by the severe weather across our state. https://t.co/1MF6fvQ9rH
"Good luck, @LSUgym! #GeauxTigers https://t.co/0LWPqpSgtH"
RT @NWSShreveport: The PDS Tornado Watch remains in effect through 9 pm. The line of thunderstorms continues to push east this afternoon. h‚Ä¶
Stay safe and monitor your local news for the most up-to-date weather information. https://t.co/x7jEnwiZeg
Spoke w @WWLTV‚Äã abt the devastating impacts #NOLA faces if Mayor Landrieu doesnt start complying w immigration law. https://t.co/L7WjIBMMJt
RT @theadvocateno: Report: Sen. John Kennedy warns N.O. mayor Mitch Landrieu on immigration laws 'They're going to take our money' https://‚Ä¶
"RT @jeffcrouere: Joining me now on WGSO 990AM &amp; https://t.co/HHEmyU3qDG, @SenJohnKennedy discussing Sanctuary Cities, NO Mayor Landrieu, Ob‚Ä¶"
Tornado survivors in Livingston &amp; Orleans parishes have 2 weeks left to register 4 assistance w @fema. More info: https://t.co/ev3NdF7qK5
Tune in to @WWLTV at 7:10 CT to hear me talk about flood recovery management.
"I had the privilege of introducing Mr. Randy Noel, president of Reve Inc. and first vice chairman of the @NAHBhome 
https://t.co/qPKZhfPywa"
"In honor of National Vietnam Veterans Day, we salute all who served. #VietnamVeteransDay https://t.co/SB6jFOm2M8"
Last night @POTUS hosted a productive bipartisan dinner for U.S. Senators. I also got to meet one of my favorite TV‚Ä¶ https://t.co/jS1Le20J3g
RT @ryanndenham: Huge gratitude to @SenJohnKennedy for spending time to learn more about impact of @CityYear &amp; agreeing to join @NationalSe‚Ä¶
RT @KevinTalk1073: #AMBR @SenJohnKennedy on flood relief: who's running this? Curly? Larry? Or Moe? @talk1073
"RT @talk1073: Today @talk1073 #AMBR
6:38 Rep Paula Davis 
7:15 @SenJohnKennedy
7:38 @DawnNFIB
8:38 @CRPCLA Jamie Setze
Listen: https://t.co‚Ä¶"
Another Three Stooges-like performance on flood recovery. https://t.co/l6l2Tzyx1R
This afternoon I spoke with @DavidAsmanfox on @FoxBusiness about the possible filibuster for @GorsuchFacts &amp; @POTUS‚Ä¶ https://t.co/pRwnxsWfj5
Tune into @FoxBusiness now to hear me talk about why @GorsuchFacts is the mainstream choice for the U.S. Supreme Court
Today is National #MedalOfHonorDay. I encourage everyone to take time and learn about at least one of these heroes. https://t.co/N2XzIKB8qp
".@GorsuchFacts is well credentialed, independent and has a clean grasp of the law. No reasonable person can conclud‚Ä¶ https://t.co/EhobfjCFzH"
Tune in to @FoxNews at 1:45 CT to hear my interview with @DanaPerino about U.S. Supreme Court nominee Judge Neil Gorsuch. #SCOTUS
"Watch my weekly video to hear about what has been happening in the Senate this week.
https://t.co/WPVA6Tkd8x"
RT @TeamCavuto: .@SenJohnKennedy on @FoxBusiness: Majority of lawmakers agree that Obamacare ‚Äòsucks‚Äô. https://t.co/UYdJ1KNVZU
My thoughts and prayers are with Shawn Anderson‚Äôs family today. Shawn was a true American hero and will be missed. https://t.co/5VMz19Y7jI
"I spoke w/ @TeamCavuto on @FoxBusiness this afternoon about the AHCA, tax reform &amp; failures of #Obamacare. 
https://t.co/6kKuEHpk73"
"Tune into @FoxBusiness at 12 p.m. EST to hear me talk with @TeamCavuto about SCOTUS nominee, Judge Neil Gorsuch."
"RT @senjudiciary: .@ABAesq testifies @GorsuchFacts is ""well qualified,"" unanimously giving highest rating #SCOTUS #GorsuchHearing https://t‚Ä¶"
Testifying first before the @senjudiciary this morning is New Orleanian Nancy Scott Degan of the @ABAesq. #GorsuchHearing
"It seems to me that justice, like health care, is not really accessible unless you can afford it &amp; I'm very concern‚Ä¶ https://t.co/y0RR09DVdw"
#GorsuchHearing is still going on. I am speaking again in @senjudiciary now. Follow the link to watch live. https://t.co/iZCvPdUsyB
I am very impressed with Judge Gorsuch and I think he would make a great Supreme Court Justice #GorsuchHearing https://t.co/G4GWVdi6oE
"RT @senorrinhatch: ""In 40 years I haven't seen anybody better than you."" Hatch on Gorsuch. #GorsuchHearing @GorsuchFacts #tcot #utpol https‚Ä¶"
Questioning Judge Neil Gorsuch at @senjudiciary right now! Tune in by following the link. #GorsuchHearing https://t.co/H4dGnHOOnh
RT @ChrisCCourtney: ICYMI: @talk1073 AMBR: 03-22-17 HOUR 2 @SenJohnKennedy talks SCOTUS &amp; @RepGarretGraves talks ACA https://t.co/Zflgpv01jT
"Today I questioned Judge Gorsuch, the nominee for the U.S. Supreme Court, in @senjudiciary. Watch what I asked here: https://t.co/yi9rwokquV"
"Questioning Supreme Court Nominee Judge Neil Gorsuch now. To tune in, click the link below. #GorsuchHearing https://t.co/XEJ8c7v0Qh"
Please join me in saying a prayer for law enforcement officers and their families. https://t.co/JGY3Vfymp6
Wishing a happy National Agriculture Day to all Louisianians who work hard to put food on the tables of American families.
"RT @senjudiciary: Neil #Gorsuch: ""I believe in the rule of law in this country. And I believe an independent judiciary is one of the keys t‚Ä¶"
RT @senjudiciary: #SCOTUS #Gorsuch https://t.co/f3rHV62XQa
Yesterday began Judge Gorsuch's confirmation hearing for the Supreme Court. Watch my video below to hear my thought‚Ä¶ https://t.co/4MIK5Qvyte
".@POTUS and Secretary Price have made a wise decision in adding Dr. Fleming to the administration. 
https://t.co/92HEV2yTZf"
Watch my full statement on the nomination of Neil Gorsuch to the U.S. Supreme Court below #SCOTUS #GorsuchHearing  https://t.co/bsjRoMT2IC
"""Without justice, without equal treatment by the law, liberty becomes an empty promise."" #GorsuchHearing"
RT @elizabethcrisp: .@SenJohnKennedy up in Gorsuch confirmation hearing. #lasen #lagov https://t.co/ieMLkJYWXF
‚ÄúJudge Gorsuch‚Äôs respect for judicial independence and for precedent is apparent in all of his opinions. #GorsuchHearing‚Äù
Watch me make my opening statement at the hearing on Judge Neil Gorsuch.https://t.co/fa0yGNgAZz
"RT @senjudiciary: LEAHY, Today: ‚Äúoriginalism, I believe, remains outside the mainstream‚Äù; KAGAN, 2010: ‚ÄúWe are all originalists‚Äù https://t.‚Ä¶"
The hearing for Judge Neil Gorsuch has begun. Tune in to @cspan to watch live or follow the link below. #SCOTUS‚Ä¶ https://t.co/HRbQIAehMc
Tomorrow begins Judge Neil Gorsuch's confirmation hearings in the U.S. Senate. #SCOTUS #SCOTUSnominee https://t.co/3mlMleKg9z
Praying for this deputy's family. Tragic news from Baton Rouge. https://t.co/UpyAF060ei
I'm talking to @kpel965 about the jobs we're creating in the oil and gas industry. #Louisiana #jobs
Have a safe and happy #StPatricksDay https://t.co/cc0k6XI0TJ
Watch my weekly video to hear about what has been going on in the Senate this week. https://t.co/AFUyUoOPGY
Just told @theclbryantshow that federal government borrows $8 billion a day to fund things it can't afford.
Senator Kennedy secures extension for victims of March 2016 floods. @KLFY https://t.co/LILRax9O3P
This morning I sat down with @randirrousseau from @wdsu to discuss my views on the American Healthcare Act.  https://t.co/eoQVQRVlkI
Louisianians impacted by this terrible flooding need all the help we can give them. This flooding was unprecedented‚Ä¶ https://t.co/9QCjPb8519
"Good luck tonight, @Privateers_MBB! #marchmadness"
Victims of La floods need 2 know FEMA contracts aren‚Äôt being awarded 2 companies w a history of ripping families off https://t.co/73SRT4qneO
A little bit of snow doesn't stop a Louisianian from working. https://t.co/2c0oV4Yo6l
"Congratulations to @Privateers_MBB on making it to the NCAA men's tournament! #marchmadness 

https://t.co/QV9g4jbjS1"
Don‚Äôt forget to change your clocks tonight. #daylightsavings
"We've had a busy week in the Senate, so take a few moments to watch my weekly update #AmericanHealthCareAct #Jobs https://t.co/XOwGRJvYtS"
This week I signed a letter that urged @POTUS to take swift action against the rise in antisemitic attacks &amp; threats https://t.co/jOU1le5e88
"RT @jeffcrouere: Joining me now on WGSO 990 AM &amp; https://t.co/HHEmyU3qDG, @SenJohnKennedy discussing Obamacare, Economy, Jobs Report, &amp; all‚Ä¶"
"I agree w @POTUS, community banks are an essential part of our local economies. They drive job creation &amp; businesses https://t.co/x0wTBZwAHv"
Thanks to Elisabeth &amp; Sarah 4 representing the state of Louisiana at USSYP. They are 2 bright student leaders who r‚Ä¶ https://t.co/pJ9D603aCc
"Congratulations on 40 years of outstanding service on the @senjudiciary, @SenOrrinHatch!"
RT @LivingChamber: @SenJohnKennedy thanks for meeting time today with Livingston Chamber on flood recovery
Join me in honoring Linda Biernacki today. Linda has made significant contributions to our small business community‚Ä¶ https://t.co/1TdV9wEb9J
Proud 2 celebrate @MignonFaget on #InternationalWomensDay. She's been making a positive impact on our community 4 o‚Ä¶ https://t.co/DaJW48lsUv
"(3/3)I will continue to work with my colleagues in the House, Senate &amp; White House, to find solutions to the calamity that #Obamacare made."
(2/3) We need a health care system that prevents the government from getting in between doctors and their patients.
(1/3)Had lunch w @VP to discuss The American Healthcare Act. I believe Americans should have access to affordable &amp; reliable health care.
Spoke this morning at the @IPAAaccess breakfast in D.C. I talked about promoting jobs and reducing our dependence o‚Ä¶ https://t.co/7rZHVCtnhu
More good news for workers in the Gulf Coast region. #ExxonMobil #Jobs https://t.co/zx5nX3LdKn
BREAKING: @Interior @SecretaryZinke announces 73-million acre oil and natural gas lease sale for Gulf of Mexico. https://t.co/DGJchoVhdv
Watch my weekly update about President Trump's speech and the cabinet secretaries who were confirmed https://t.co/liTW5a9Qz6
This is great news for Louisiana farmers. #WOTUS https://t.co/rSZidSLcix
Congrats to @GovernorPerry on his confirmation as Sec of @ENERGY. Energy is a vital part of Louisiana's economy. I look fwd to working w him
I signed on 2 @SenDanSullivan's bill that would cut through red tape &amp; help businesses that r awash in onerous regs https://t.co/4Fpq0OWyQV
Happy to offer my support to @RealBenCarson for Sec. of @HUDgov. Look forward to working with him on important hous‚Ä¶ https://t.co/w6XozkM4Ly
Watch my video below to hear my thoughts on @POTUS' address to Congress. #JointAddress https://t.co/74q32IyEmh
"I spoke with some of the hardest working people in LA- members of the @LACULeague. They invest in our families, bus‚Ä¶ https://t.co/yHRzpCp1bC"
ICYMI: My statement on @POTUS' #JointAddress last night. https://t.co/6z5bm8aPQ2
Ryan and his widow are American heroes. They are the epitome of bravery. #JointAddress
The American dream is alive. #Jointsession
"I agree with @POTUS, veterans deserve more support from our nation. #Jointsession"
We must support our men and women in law enforcement. #Jointaddress
"I agree with @POTUS, we must provide tax relief for the middle class. #Jointsession"
"(2/2) Instead, we need a health care system that prevents the government from getting in between doctors and their patients. #Jointsession"
(1/2) #Obamacare is a failure. Americans don't need more bureaucratic mandates from D.C. #Jointsession
Jobs r a crucial part to America's &amp; La's economy. We must work to ensure that it is easy 4 companies to do business in the US #Jointsession
Huey Long's statue has some extra company tonight as the media prepare for President Trump's #JointAddress to Congr‚Ä¶ https://t.co/rccaebFw8B
"Pleased to see that @POTUS stopped Obama‚Äôs job killing #WOTUS rule. Great news for LA farmers and home builders 
https://t.co/YGGo5SlMW0"
"I met with Livingston Parish President Layton Ricks, Council Chairman Tracy Girlinghouse, and their wives to talk a‚Ä¶ https://t.co/VML1GOGU8Z"
Pleased to welcome Natchitoches Parish President Rick Nowlin and his wife Mary Ann to D.C. https://t.co/c8uaLOFcMI
Laissez les bons temps rouler! Have a happy and safe #MardiGras! https://t.co/FkejclReyP
Only one more day until Mardi Gras! Happy #LundiGras! https://t.co/EqepRsI5wm
A special thank you to our first responders for acting quickly to this tragic event. https://t.co/1CnX81zbGP
"As #MardiGras season continues, here‚Äôs an updated list of parade routes in and around New Orleans. Stay safe! 

https://t.co/GXHsYmVhQh"
My staff met w the NASA administrators &amp; officials to assess &amp; coordinate recovery efforts to fully rebuild Michoud.https://t.co/4Hf5twYuGi
Antisemitism will not be tolerated. https://t.co/RxMdyYaYyR
"RT @LSUbaseball: For this afternoon's Soldier Salute, we honored the players from  @ArmyWP_Baseball! https://t.co/kGoqwNtyT2"
RT @rollcall: Freshman Sen. John Kennedy on his thoughts on Congress so far. https://t.co/aQ3y3L8UrS https://t.co/DGiRdYXM5x
"Congressional staff was in La. today to visit areas that sustained flooding, including Baton Rouge and Acadiana. https://t.co/qDX5x9djew"
"Happy #PresidentsDay! Did u knw that Zachary Taylor, elected in 1848, is the only President to be elected frm the g‚Ä¶ https://t.co/cHx6mx4fRE"
Just learned that congressional staff will travel to Acadiana to look at flood damage. Thanks to @LouisianaGov for adding important stop.
"ICYMI: I sat down with a reporter from the @nytimes for a Q&amp;A session about the Senate, @POTUS, and the election. https://t.co/8oEM8zFkzk"
"We've had a busy week in the Senate. Take a few moments 2 watch my update #SCOTUS  #CommunityBanks 
https://t.co/nbk4DXrIPE"
RT @GreenWaveBSB: TODAY is the day! #RollWithUs https://t.co/i9kNq6dFC1
#GeauxTigers https://t.co/rgzImgZsUz
RT @theadvocatebr: #Breaking: Louisiana's plan for $438M in flood recovery aid lands approval from HUD. More: https://t.co/cktTOCuoXy https‚Ä¶
I sat down this morning with @BillCassidy to discuss the top priorities in the Senate that will benefit the great s‚Ä¶ https://t.co/VBfnEQgBOQ
I demanded answers frm FED Chairwoman Janet Yellen on why community financial institutions are being burdened w regs https://t.co/qJVyNPvziQ
As the 2 newest members of the Appropriations Committee I look forward 2 working w @SenRubioPress on issues that im‚Ä¶ https://t.co/C0d2Yvrvk7
Community banks didn't cause '08 financial crisis. So why did we make it harder for small bizes to borrow from them? https://t.co/ZCkDRyvuhH
Talked w @GrayDCnews this aftn abt creating jobs in #louisiana &amp; how the Senate is working to create solutions to f‚Ä¶ https://t.co/1IL6R0fqfb
Humana is further proof that #Obamacare is failing. Americans don't need more bureaucratic mandates from Washington. https://t.co/nBPznV1baZ
Can we agree that 1.9% economic growth is not acceptable to most Americans? ‚Ä¶I think we can agree on that. https://t.co/Xw8wzS8yqO
"Happy #ValentinesDay to my wonderful wife, Becky. https://t.co/etcJRZdzbb"
Hoping our neighbors in Houston are staying safe as they experience severe weather conditions today.
Was a pleasure speaking to the National Association of State Treasurers this morning abt leg. Congress &amp; @BankingGOP are planning this year
"I look forward to continuing our discussions abt his judicial philosophy, the decisions he has authored, &amp; his view‚Ä¶ https://t.co/TQczRPIUJT"
I enjoyed sitting down with Judge Gorsuch today. https://t.co/mBxGCB65Zl
"RT @jeffcrouere: Joining me now on WGSO 990 AM &amp; https://t.co/HHEmyU3qDG, @SenJohnKennedy discussing Trump Supreme Ct pick &amp; his support fo‚Ä¶"
Tune in to @talk1073 this morning to hear me talk about term limits in congress and a balanced budget amendment.
A terrible tragedy. https://t.co/jTEcCyAW0P
Pleased to see @POTUS has approved a federal disaster declaration for parts of Southeastern Louisiana. https://t.co/RU1I2C9a7J
"Congratulations to my newest colleague in the U.S. Senate, Luther Strange! #rollwave https://t.co/BObuCfdvuG"
RT @HeardontheHill: .@SenJohnKennedy and @SteveScalise talk D.C. Mardi Gras and their favorite traditions of the holiday https://t.co/ObeWw‚Ä¶
This is great news for our veterans in the Lake Charles area. https://t.co/CU8fsSQJeN
No reasonable person can argue @SenatorSessions won't be a great attorney general. He understands Bill of Rights protects the unprotected.
Tune in to @CSPAN 2 at 330CT/430ET to watch me speak on the Senate floor in support of my colleague Senator Sessions https://t.co/VSCDPzCru7
Tragic news from DeRidder. My thoughts and prayers are with the workers and their families. https://t.co/rIMS4S8Efv
As we begin to assess damage done by the tornadoes remember to document and report damage to your insurance company https://t.co/TCkEljrYqB
RT @POTUS: Our thoughts and prayers are with everyone in southeastern Louisiana affected by today's severe tornadoes.
Serious injuries have been reported from today's storm. Please stay out of impacted areas unless you have to be there.
Prayers for families and businesses impacted by today's bad weather. #Louisiana
RT @NWSNewOrleans: Some safety tips for after the storms. https://t.co/rZ7FJIWyKP
Congrats to Anna Katherine Tollett of Ruston &amp; Zach Morgan of Denham Springs for being named @PruSpirit‚Äôs top youth volunteers in Louisiana.
RT @mcgeheeschool: Thank you @SenJohnKennedy for meeting with juniors @mcgeheeschool your wife's alma mater They had the trip of a lifetime‚Ä¶
RT @NWSNewOrleans: 1149a - Lots of damage reports coming in from New Orleans East. Please avoid the area to keep streets open for Emergency‚Ä¶
RT @NWSNewOrleans: 1122a- Tornado capable of producing considerable damage on the ground in New Orleans East. Take shelter IMMEDIATELY if i‚Ä¶
RT @shelby_latino: 11:18 AM- TORNADO ON THE GROUND SOON NEAR GENTILLY. TAKE SHELTER IMMEDIATELY. #FOX8NOLA https://t.co/tHfY9h6Ibi
"RT @NWSNewOrleans: ‚ö†Ô∏è Take Cover! Tornado Warning including New Orleans LA, Metairie LA, Kenner LA until 11:15 AM CST https://t.co/n9py4wEe‚Ä¶"
Stay safe! https://t.co/MaQynF9fn6
RT @Dave_Nussbaum: #Tornado Watch is in effect until 2 PM for all of SE Louisiana &amp; S Mississippi. #lawx @WWLTV https://t.co/rZWLaNdkK8 htt‚Ä¶
RT @NWSNewOrleans: 805a- Strong rotation showing up in tornado warned storm near Maringouin. Heading for Zachary and Baker. Take cover now!‚Ä¶
"Today, let us remember the life and legacy of our 40th President Ronald Reagan. #HappyBirthday #MrPresident https://t.co/Lh7aHLfLoT"
"RT @jeffcrouere: Joining me now on WGSO 990 AM &amp; https://t.co/HHEmyU3qDG, @SenJohnKennedy discussing Trump Supreme Ct pick, tax cuts, &amp; Oba‚Ä¶"
Tune in now on WGSO 990 AM &amp; https://t.co/fkIq2Ief7C to hear @jeffcrouere and me discuss #SCOTUS and what‚Äôs happening in Washington.
About to watch the #SuperBowl. Who do you think will win? #WishTheSaintsWerePlaying #Saints2018
"Before the weekend, take time to watch my weekly video about what's been happening in Washington. #Sessions #SCOTUS https://t.co/90eR7v2Pt3"
"I had the privilege of meeting w some of LA's bright young students in DC. They attend my wife Becky's alma mater,‚Ä¶ https://t.co/eTTW0w7IWU"
Tune to 96.5 KPEL in Lafayette to hear me now. Or visit https://t.co/ftQx3wjFLc
"More evidence that skyrocketing Medicaid program costs can be contained and more accountability is needed.
https://t.co/a2PECuVLru"
I spoke with the @BaptistMessage to discuss two #ProLife bills I am co-sponsoring. https://t.co/hPDeeR3GNK
"Sorry, Punxsutawney Phil, I think Shadeaux has it right this year. #SpringisComing #GroundhogsDay #cajungroundhog  https://t.co/fyygMdOb3G"
Important deadline approaching for flood victims. https://t.co/j8jiY1yWQR #LAflood
Tune in live to my interview with @wolfblitzer tonight @ 5:18 CT/6:18 ET on @CNN. I'll be discussing Trump's #SCOTUS nominee.
Had a great impromptu conversation w Judge Neil Gorsuch. I look forward to meeting w him again as the confirmation‚Ä¶ https://t.co/dkvlWQbsPv
"It was an honor to meet His Majesty King Abdullah II and his wife, Queen Rania of Jordan. https://t.co/Rj8aQJW3Eh"
"It was a pleasure discussing the recent Supreme Court nominee, Neil Gorsuch, with @KTVENBC10 this afternoon.‚Ä¶ https://t.co/TvOIBi4ZDo"
"Brigadier Gen. Gary Brito, the Comm. Gen. of Fort Polk and the Joint Readiness Center stopped by my office today to‚Ä¶ https://t.co/sfDgwAiXfZ"
Happy my colleague @SenatorSessions has been voted out of the Judiciary Committee this morning. He will make an outstanding Attorney General
ICYMI: My statement on Neil Gorsuch‚Äôs nomination to the United States Supreme Court. #SCOTUSnominee https://t.co/t7IObx0ba5
"In case you missed it, I discussed President Trumps upcoming SCOTUS pick with @greta this evening on MSNBC. https://t.co/cPARf5nzeS"
Tune in live to my SCOTUS interview with @greta at 5:12pm CT/6:12pm ET on MSNBC
".@SenatorSessions has a deep respect for the Bill of Rights, our Constitution, &amp; our country. I am proud to offer h‚Ä¶ https://t.co/N505IrzOyg"
Speaking now in @senjudiciary about @SenatorSessions. Watch live here: https://t.co/cNPn3XDXq0
Great news for small businesses! Cutting unnecessary regulations helps create growth in our state &amp; national economy https://t.co/52UPcBI4qe
Life is precious. I am co-sponsoring legislation to ensure life is protected. #whywemarch https://t.co/qcpdf5XbQ1
Pleased Trump is taking action against sanctuary cities. This is in line with leg. I am co-sponsoring (S.87) to make cities accountable.
Great news from Trump administration. I will continue the fight for necessary funds for these projects https://t.co/xslvBLIkTi
Proud to see these students from St. Thomas Aquinas HS. participate in this years March for Life. #ProLife https://t.co/aUKxpzFSGH
My letter to President Trump on needed action for Louisiana's oil and gas industry. https://t.co/NSOKXDjfkx
https://t.co/5bcdltn0Ck
RT @elizabethcrisp: .@SenJohnKennedy hung out with @williebosshog &amp; @bosshogswife in DC today. https://t.co/CVFqJir2wz via @theadvocatebr
Always a pleasure visiting with my friends Willie and Korie Robertson. Fun day turning the phones over to the Duck‚Ä¶ https://t.co/K6AVFXuhs5
RT @MelindaDeslatte: . @SenJohnKennedy seeks ban on officials getting Louisiana flood recovery work (from @AP) #laflood #lalege  https://t.‚Ä¶
@SenatorSessions is a fine pick for AG. He backs our men and women in blue and so do I. He'll be a great advocate f‚Ä¶ https://t.co/tHDj1Ba1yM
@sendavidperdue Looking forward to it!
I voted today to take the 1st step in repealing #Obamacare. LA fams deserve a health care system that looks like it was designed on purpose.
I'm honored to be on the Judiciary Committee that will consider the nomination of @jeffsessions next week. I'm proud to offer him my support
Great visit with @RealBenCarson this morning to talk about flood issues in Louisiana. https://t.co/Ke3VfCyrJB
